Protocollo;Gruppo;DataOraIncidente;Localizzazione1;STRADA1;Localizzazione2;STRADA2;Strada02;Chilometrica;DaSpecificare;NaturaIncidente;particolaritastrade;TipoStrada;FondoStradale;Pavimentazione;Segnaletica;CondizioneAtmosferica;Traffico;Visibilita;Illuminazione;NUM_FERITI;NUM_RISERVATA;NUM_MORTI;NUM_ILLESI;Longitude;Latitude;Confermato;Progressivo;TipoVeicolo;StatoVeicolo;TipoPersona;Sesso;Tipolesione;Deceduto;DecedutoDopo;CinturaCascoUtilizzato;Airbag;
5851028;10;03/03/2022 19:10:00;Strada Urbana;VIA DI TOR VERGATA;in prossimità;;del civico n.;408;;Investimento di pedone;Rettilineo;Una carreggiata a doppio senso;Asciutto;Asfaltata;Verticale ed orizzontale;Sereno;Normale;Sufficiente;;1;0;0;1;12.6225;41.8376;-1;1;Motociclo a solo;In marcia / fermata / arresto;Conducente;M;Illeso;0;;Non accertato;
5851029;12;03/03/2022 16:55:00;Strada Urbana;VIA CINA;in corrispondenza;;del civico n.;444;;Tamponamento;Rettilineo;Una carreggiata a doppio senso;Asciutto;Asfaltata;Verticale ed orizzontale;Sereno;Normale;Buona;;1;0;0;1;12.432;41.8091;-1;1;Autovettura privata;In marcia / fermata / arresto;Conducente;M;Rimandato;0;NON DECEDUTO;Non accertato;Inesploso
5851029;12;03/03/2022 16:55:00;Strada Urbana;VIA CINA;in corrispondenza;;del civico n.;444;;Tamponamento;Rettilineo;Una carreggiata a doppio senso;Asciutto;Asfaltata;Verticale ed orizzontale;Sereno;Normale;Buona;;1;0;0;1;12.432;41.8091;-1;2;Autocarro inferiore 35 q.;In marcia / fermata / arresto;Conducente;M;Illeso;0;;;
5851045;19;03/03/2022 12:00:00;Strada Urbana;VIA DELLA PINETA SACCHETTI;da specificare;;;;alt. civ. 504;Scontro frontale fra veicoli in marcia;Rettilineo;Due carreggiate;Asciutto;Asfaltata;Orizzontale;Sereno;Normale;Buona;;1;0;0;1;12.425;41.924;-1;1;Autovettura privata;In marcia / fermata / arresto;Conducente;M;Illeso;0;;;
5851045;19;03/03/2022 12:00:00;Strada Urbana;VIA DELLA PINETA SACCHETTI;da specificare;;;;alt. civ. 504;Scontro frontale fra veicoli in marcia;Rettilineo;Due carreggiate;Asciutto;Asfaltata;Orizzontale;Sereno;Normale;Buona;;1;0;0;1;12.425;41.924;-1;2;Motociclo a solo;In marcia / fermata / arresto;Conducente;F;Rimandato;0;NON DECEDUTO;;
5851046;6;03/03/2022 19:00:00;Strada Urbana;VIA CASILINA;all'intersezione semaforizzata con;VIALE DELLA PRIMAVERA;VIALE DELLA PRIMAVERA;;;Investimento di pedone;Intersezione semaforizzata;Più di due carreggiate;Asciutto;Asfaltata;Verticale ed orizzontale;Sereno;Normale;Buona;;1;0;1;0;12.5575;41.8754;0;;;;Pedone;M;Prognosi riservata;0;DECEDUTO ENTRO IL TERZO GIORNO;;
5851046;6;03/03/2022 19:00:00;Strada Urbana;VIA CASILINA;all'intersezione semaforizzata con;VIALE DELLA PRIMAVERA;VIALE DELLA PRIMAVERA;;;Investimento di pedone;Intersezione semaforizzata;Più di due carreggiate;Asciutto;Asfaltata;Verticale ed orizzontale;Sereno;Normale;Buona;;1;0;1;0;12.5575;41.8754;0;1;Motociclo a solo;In marcia / fermata / arresto;Conducente;M;Rimandato;0;NON DECEDUTO;Non accertato;
5851071;23;01/03/2022 11:55:00;Strada Urbana;PIAZZA MADAMA;in prossimità;;del civico n.;10;;Investimento di pedone;Rettilineo;Una carreggiata a doppio senso;Asciutto;In cubetti di porfido;Orizzontale;Sereno;Intenso;Buona;;1;0;0;1;12.4739;41.8992;-1;;;;Pedone;M;Rimandato;0;NON DECEDUTO;;
5851071;23;01/03/2022 11:55:00;Strada Urbana;PIAZZA MADAMA;in prossimità;;del civico n.;10;;Investimento di pedone;Rettilineo;Una carreggiata a doppio senso;Asciutto;In cubetti di porfido;Orizzontale;Sereno;Intenso;Buona;;1;0;0;1;12.4739;41.8992;-1;1;Motociclo a solo;In marcia / fermata / arresto;Conducente;M;Illeso;0;;;
5851083;20;03/03/2022 07:10:00;Strada Urbana;LUNGOTEVERE MARESCIALLO DIAZ;in prossimità;;del civico n.;17;;Veicolo in marcia contro veicolo arresto;Rettilineo;Due carreggiate;Asciutto;Asfaltata;Orizzontale;Sereno;Normale;Buona;;1;0;0;1;12.4603;41.9323;-1;1;Autovettura privata;In marcia / fermata / arresto;Conducente;M;Illeso;0;;Non accertato;Inesploso
5851083;20;03/03/2022 07:10:00;Strada Urbana;LUNGOTEVERE MARESCIALLO DIAZ;in prossimità;;del civico n.;17;;Veicolo in marcia contro veicolo arresto;Rettilineo;Due carreggiate;Asciutto;Asfaltata;Orizzontale;Sereno;Normale;Buona;;1;0;0;1;12.4603;41.9323;-1;2;Motociclo a solo;In marcia / fermata / arresto;Conducente;M;Rimandato;0;NON DECEDUTO;Non accertato;
5851099;7;04/03/2022 04:45:00;Strada Urbana;VIALE ENZO FERRARI;all'intersezione con;VIA DI TOR TRE TESTE;VIA DI TOR TRE TESTE;;;Fuoriuscita dalla sede stradale;Rotatoria;Una carreggiata a doppio senso;Asciutto;Asfaltata;Verticale ed orizzontale;Sereno;Scarso;Buona;;1;0;0;0;12.591;41.8908;-1;1;Autovettura privata;In marcia / fermata / arresto;Conducente;F;Rimandato;0;NON DECEDUTO;Non accertato;Esploso
5851106;23;02/03/2022 17:20:00;Strada Urbana;VIA FEDERICO ROSAZZA;in prossimità;;del civico n.;40;;Veicolo in marcia contro veicolo arresto;Rettilineo;Una carreggiata a doppio senso;Asciutto;Asfaltata;Verticale;Sereno;Scarso;Buona;;0;0;0;3;12.4668;41.8775;0;1;Autovettura di polizia;In marcia / fermata / arresto;Conducente;M;Illeso;0;;Non utilizzato;Inesploso
5851106;23;02/03/2022 17:20:00;Strada Urbana;VIA FEDERICO ROSAZZA;in prossimità;;del civico n.;40;;Veicolo in marcia contro veicolo arresto;Rettilineo;Una carreggiata a doppio senso;Asciutto;Asfaltata;Verticale;Sereno;Scarso;Buona;;0;0;0;3;12.4668;41.8775;0;1;Autovettura di polizia;In marcia / fermata / arresto;Passeggero;M;Illeso;0;;Esente;Inesploso
5851106;23;02/03/2022 17:20:00;Strada Urbana;VIA FEDERICO ROSAZZA;in prossimità;;del civico n.;40;;Veicolo in marcia contro veicolo arresto;Rettilineo;Una carreggiata a doppio senso;Asciutto;Asfaltata;Verticale;Sereno;Scarso;Buona;;0;0;0;3;12.4668;41.8775;0;2;Autovettura privata;In marcia / fermata / arresto;Conducente;F;Illeso;0;;Non accertato;Inesploso
5851107;4;03/03/2022 22:00:00;Strada Urbana;VIA RADICOFANI;in corrispondenza;;del civico n.;210;;Scontro frontale/laterale SX fra veicoli in marcia;Rettilineo;Una carreggiata a doppio senso;Asciutto;Asfaltata;Verticale ed orizzontale;Sereno;Scarso;Buona;;0;0;0;1;12.5152;41.9728;-1;1;Autovettura privata;In marcia / fermata / arresto;Conducente;F;Illeso;0;;Non accertato;Inesploso
5851107;4;03/03/2022 22:00:00;Strada Urbana;VIA RADICOFANI;in corrispondenza;;del civico n.;210;;Scontro frontale/laterale SX fra veicoli in marcia;Rettilineo;Una carreggiata a doppio senso;Asciutto;Asfaltata;Verticale ed orizzontale;Sereno;Scarso;Buona;;0;0;0;1;12.5152;41.9728;-1;2;Motociclo a solo;In marcia / fermata / arresto;;;;;;;
5851113;12;03/03/2022 18:30:00;Provinciale;VIA LAURENTINA;da specificare;;;;Km 15.800 direzione Pomezia;Veicolo in marcia contro animale;Rettilineo;Una carreggiata a doppio senso;Asciutto;Asfaltata;Verticale ed orizzontale;Nuvoloso;Normale;Insufficiente;;0;0;0;1;12.4856;41.8103;-1;1;Autovettura privata;In marcia / fermata / arresto;Conducente;F;Illeso;0;;Utilizzato;Inesploso
5851118;19;03/03/2022 06:30:00;Strada Urbana;VIA DI CASAL DEL MARMO;all'intersezione con;VIA USSEGLIO;VIA USSEGLIO;;;Scontro frontale/laterale SX fra veicoli in marcia;Incrocio;Una carreggiata a doppio senso;Asciutto;Asfaltata;Verticale ed orizzontale;Sereno;Normale;Buona;;0;0;0;2;12.3831;41.9359;-1;1;Autobus turistico;In marcia / fermata / arresto;Conducente;M;Illeso;0;;;
5851118;19;03/03/2022 06:30:00;Strada Urbana;VIA DI CASAL DEL MARMO;all'intersezione con;VIA USSEGLIO;VIA USSEGLIO;;;Scontro frontale/laterale SX fra veicoli in marcia;Incrocio;Una carreggiata a doppio senso;Asciutto;Asfaltata;Verticale ed orizzontale;Sereno;Normale;Buona;;0;0;0;2;12.3831;41.9359;-1;2;Autovettura privata;In marcia / fermata / arresto;Conducente;M;Illeso;0;;;
5851119;1;03/03/2022 08:40:00;Strada Urbana;PIAZZA DI PORTA S. PAOLO;da specificare;;;;all'altezza di caffè dupark;Tamponamento;Rettilineo;Una carreggiata a senso unico di marcia;Asciutto;Asfaltata;Assente;Sereno;Intenso;Buona;;0;0;0;2;12.4819;41.877;-1;1;Autovettura privata;In marcia / fermata / arresto;Conducente;F;Illeso;0;;;
5851119;1;03/03/2022 08:40:00;Strada Urbana;PIAZZA DI PORTA S. PAOLO;da specificare;;;;all'altezza di caffè dupark;Tamponamento;Rettilineo;Una carreggiata a senso unico di marcia;Asciutto;Asfaltata;Assente;Sereno;Intenso;Buona;;0;0;0;2;12.4819;41.877;-1;2;Autovettura privata;In marcia / fermata / arresto;Conducente;M;Illeso;0;;;
5851147;4;03/03/2022 19:00:00;Strada Urbana;PIAZZA PIER CARLO TALENTI;in prossimità;;del civico n.;14;;Tamponamento;Rettilineo;Due carreggiate;Asciutto;Asfaltata;Verticale ed orizzontale;Sereno;Normale;Buona;;0;0;0;2;12.5476;41.9442;-1;1;Autovettura privata;In marcia / fermata / arresto;Conducente;M;Illeso;0;;;
5851147;4;03/03/2022 19:00:00;Strada Urbana;PIAZZA PIER CARLO TALENTI;in prossimità;;del civico n.;14;;Tamponamento;Rettilineo;Due carreggiate;Asciutto;Asfaltata;Verticale ed orizzontale;Sereno;Normale;Buona;;0;0;0;2;12.5476;41.9442;-1;2;Autovettura privata;In marcia / fermata / arresto;Conducente;M;Illeso;0;;;
5851149;7;04/03/2022 02:15:00;Strada Urbana;VIA DI TOR TRE TESTE;in corrispondenza;;del civico n.;59;;Tamponamento;Curva a visuale libera;Una carreggiata a doppio senso;Asciutto;Asfaltata;Orizzontale;Sereno;Scarso;Buona;;0;0;0;2;12.5867;41.8726;-1;1;Autovettura privata;In marcia / fermata / arresto;Conducente;M;Illeso;0;;Non accertato;Inesploso
5851149;7;04/03/2022 02:15:00;Strada Urbana;VIA DI TOR TRE TESTE;in corrispondenza;;del civico n.;59;;Tamponamento;Curva a visuale libera;Una carreggiata a doppio senso;Asciutto;Asfaltata;Orizzontale;Sereno;Scarso;Buona;;0;0;0;2;12.5867;41.8726;-1;2;Autovettura privata;In marcia / fermata / arresto;Conducente;M;Illeso;0;;Non accertato;Inesploso
5851151;4;03/03/2022 14:25:00;Provinciale;VIA NOMENTANA;in corrispondenza;;del civico n.;1087;;Tamponamento;Rettilineo;Una carreggiata a doppio senso;Asciutto;Asfaltata;Verticale ed orizzontale;Nuvoloso;Intenso;Buona;;0;0;0;4;12.572;41.9528;-1;1;Autovettura privata;In marcia / fermata / arresto;Conducente;M;Illeso;0;;;
5851151;4;03/03/2022 14:25:00;Provinciale;VIA NOMENTANA;in corrispondenza;;del civico n.;1087;;Tamponamento;Rettilineo;Una carreggiata a doppio senso;Asciutto;Asfaltata;Verticale ed orizzontale;Nuvoloso;Intenso;Buona;;0;0;0;4;12.572;41.9528;-1;1;Autovettura privata;In marcia / fermata / arresto;Passeggero;F;Illeso;0;;;
5851151;4;03/03/2022 14:25:00;Provinciale;VIA NOMENTANA;in corrispondenza;;del civico n.;1087;;Tamponamento;Rettilineo;Una carreggiata a doppio senso;Asciutto;Asfaltata;Verticale ed orizzontale;Nuvoloso;Intenso;Buona;;0;0;0;4;12.572;41.9528;-1;1;Autovettura privata;In marcia / fermata / arresto;Passeggero;F;Illeso;0;;;
5851151;4;03/03/2022 14:25:00;Provinciale;VIA NOMENTANA;in corrispondenza;;del civico n.;1087;;Tamponamento;Rettilineo;Una carreggiata a doppio senso;Asciutto;Asfaltata;Verticale ed orizzontale;Nuvoloso;Intenso;Buona;;0;0;0;4;12.572;41.9528;-1;2;Autovettura privata;In marcia / fermata / arresto;Conducente;M;Illeso;0;;;
5851177;12;03/03/2022 06:48:00;Provinciale;VIA PONTINA;da specificare;;;;PROSS. KM 24,000;Tamponamento Multiplo;Rettilineo;Due carreggiate;Asciutto;Asfaltata;Verticale ed orizzontale;Sereno;Normale;Buona;;0;0;0;4;12.4522;41.794;-1;1;Autocarro inferiore 35 q.;In marcia / fermata / arresto;Conducente;M;Illeso;0;;Utilizzato;Inesploso
5851177;12;03/03/2022 06:48:00;Provinciale;VIA PONTINA;da specificare;;;;PROSS. KM 24,000;Tamponamento Multiplo;Rettilineo;Due carreggiate;Asciutto;Asfaltata;Verticale ed orizzontale;Sereno;Normale;Buona;;0;0;0;4;12.4522;41.794;-1;1;Autocarro inferiore 35 q.;In marcia / fermata / arresto;Passeggero;M;Illeso;0;;Utilizzato;Inesploso
5851177;12;03/03/2022 06:48:00;Provinciale;VIA PONTINA;da specificare;;;;PROSS. KM 24,000;Tamponamento Multiplo;Rettilineo;Due carreggiate;Asciutto;Asfaltata;Verticale ed orizzontale;Sereno;Normale;Buona;;0;0;0;4;12.4522;41.794;-1;2;Autovettura privata;In marcia / fermata / arresto;Conducente;M;Illeso;0;;Utilizzato;Inesploso
5851177;12;03/03/2022 06:48:00;Provinciale;VIA PONTINA;da specificare;;;;PROSS. KM 24,000;Tamponamento Multiplo;Rettilineo;Due carreggiate;Asciutto;Asfaltata;Verticale ed orizzontale;Sereno;Normale;Buona;;0;0;0;4;12.4522;41.794;-1;3;Autovettura privata;In marcia / fermata / arresto;Conducente;M;Illeso;0;;Utilizzato;Inesploso
5851190;4;03/03/2022 16:00:00;;VIA FRANCESCO COCCO ORTU;all'intersezione con;VIA DI S. MARIA DELLA SPERANZA;VIA DI S. MARIA DELLA SPERANZA;;;Scontro frontale/laterale DX fra veicoli in marcia;;;;;;;;;;0;0;0;1;12.5227;41.9604;0;1;Autovettura privata;In marcia / fermata / arresto;Conducente;M;Illeso;0;;;
5851190;4;03/03/2022 16:00:00;;VIA FRANCESCO COCCO ORTU;all'intersezione con;VIA DI S. MARIA DELLA SPERANZA;VIA DI S. MARIA DELLA SPERANZA;;;Scontro frontale/laterale DX fra veicoli in marcia;;;;;;;;;;0;0;0;1;12.5227;41.9604;0;2;Autocarro inferiore 35 q.;In marcia / fermata / arresto;Conducente;;Illeso;0;;;
5851196;4;03/03/2022 16:40:00;Strada Urbana;VIALE TITINA DE FILIPPO;all'intersezione con;LARGO FAUSTA LABIA;LARGO FAUSTA LABIA;;;Veicolo in marcia contro veicolo fermo;Rotatoria;Due carreggiate;Asciutto;Asfaltata;Verticale ed orizzontale;Sereno;Normale;Buona;;1;0;0;1;12.5165;41.9667;-1;1;Autovettura privata;In marcia / fermata / arresto;Conducente;M;Illeso;0;;Non accertato;Inesploso
5851196;4;03/03/2022 16:40:00;Strada Urbana;VIALE TITINA DE FILIPPO;all'intersezione con;LARGO FAUSTA LABIA;LARGO FAUSTA LABIA;;;Veicolo in marcia contro veicolo fermo;Rotatoria;Due carreggiate;Asciutto;Asfaltata;Verticale ed orizzontale;Sereno;Normale;Buona;;1;0;0;1;12.5165;41.9667;-1;2;Velocipede;In marcia / fermata / arresto;Conducente;M;Rimandato;0;NON DECEDUTO;Esente;
5851210;19;03/03/2022 09:20:00;Strada Urbana;VIA SENECA;in prossimità;;del civico n.;37;;Veicolo in marcia contro veicoli in sosta;Rettilineo;Una carreggiata a doppio senso;Asciutto;Asfaltata;Assente;Sereno;Scarso;Buona;;0;0;0;0;12.4441;41.9211;-1;1;Autovettura privata;In marcia / fermata / arresto;;;;;;;
5851210;19;03/03/2022 09:20:00;Strada Urbana;VIA SENECA;in prossimità;;del civico n.;37;;Veicolo in marcia contro veicoli in sosta;Rettilineo;Una carreggiata a doppio senso;Asciutto;Asfaltata;Assente;Sereno;Scarso;Buona;;0;0;0;0;12.4441;41.9211;-1;2;Autovettura privata;Sosta;;;;;;;
5851210;19;03/03/2022 09:20:00;Strada Urbana;VIA SENECA;in prossimità;;del civico n.;37;;Veicolo in marcia contro veicoli in sosta;Rettilineo;Una carreggiata a doppio senso;Asciutto;Asfaltata;Assente;Sereno;Scarso;Buona;;0;0;0;0;12.4441;41.9211;-1;3;Motociclo a solo;Sosta;;;;;;;
5851210;19;03/03/2022 09:20:00;Strada Urbana;VIA SENECA;in prossimità;;del civico n.;37;;Veicolo in marcia contro veicoli in sosta;Rettilineo;Una carreggiata a doppio senso;Asciutto;Asfaltata;Assente;Sereno;Scarso;Buona;;0;0;0;0;12.4441;41.9211;-1;4;Motociclo a solo;Sosta;;;;;;;
5851217;8;03/03/2022 15:15:00;Strada Urbana;VIA DI TORRENOVA;in prossimità;;del civico n.;277;;Scontro laterale fra veicoli in marcia;Rettilineo;Una carreggiata a doppio senso;Asciutto;Asfaltata;Verticale ed orizzontale;Sereno;Normale;Buona;;0;0;0;3;12.6169;41.8817;-1;1;Autovettura privata;In marcia / fermata / arresto;Conducente;M;Illeso;0;;Non accertato;Inesploso
5851217;8;03/03/2022 15:15:00;Strada Urbana;VIA DI TORRENOVA;in prossimità;;del civico n.;277;;Scontro laterale fra veicoli in marcia;Rettilineo;Una carreggiata a doppio senso;Asciutto;Asfaltata;Verticale ed orizzontale;Sereno;Normale;Buona;;0;0;0;3;12.6169;41.8817;-1;1;Autovettura privata;In marcia / fermata / arresto;Passeggero;F;Illeso;0;;Non accertato;Inesploso
5851217;8;03/03/2022 15:15:00;Strada Urbana;VIA DI TORRENOVA;in prossimità;;del civico n.;277;;Scontro laterale fra veicoli in marcia;Rettilineo;Una carreggiata a doppio senso;Asciutto;Asfaltata;Verticale ed orizzontale;Sereno;Normale;Buona;;0;0;0;3;12.6169;41.8817;-1;2;Autovettura privata;In marcia / fermata / arresto;Conducente;M;Illeso;0;;Non accertato;Inesploso
5851222;8;03/03/2022 17:30:00;Strada Urbana;VIA CASILINA;da specificare;;;;dir. GRA altezza via di Grotte Celoni;Scontro frontale/laterale DX fra veicoli in marcia;Rettilineo;Due carreggiate;Asciutto;Asfaltata;Verticale;Sereno;Normale;Buona;;0;0;0;3;12.6212;41.8626;-1;1;Autovettura privata;In marcia / fermata / arresto;Conducente;M;Illeso;0;;Non accertato;Inesploso
5851222;8;03/03/2022 17:30:00;Strada Urbana;VIA CASILINA;da specificare;;;;dir. GRA altezza via di Grotte Celoni;Scontro frontale/laterale DX fra veicoli in marcia;Rettilineo;Due carreggiate;Asciutto;Asfaltata;Verticale;Sereno;Normale;Buona;;0;0;0;3;12.6212;41.8626;-1;1;Autovettura privata;In marcia / fermata / arresto;Passeggero;F;Illeso;0;;Non accertato;Inesploso
5851222;8;03/03/2022 17:30:00;Strada Urbana;VIA CASILINA;da specificare;;;;dir. GRA altezza via di Grotte Celoni;Scontro frontale/laterale DX fra veicoli in marcia;Rettilineo;Due carreggiate;Asciutto;Asfaltata;Verticale;Sereno;Normale;Buona;;0;0;0;3;12.6212;41.8626;-1;2;Autovettura privata;In marcia / fermata / arresto;Conducente;F;Illeso;0;;Non accertato;Inesploso
5851231;8;03/03/2022 13:30:00;Strada Urbana;VIA DEL TORRACCIO DI TORRENOVA;all'intersezione con;VIALE DUILIO CAMBELLOTTI;VIALE DUILIO CAMBELLOTTI;;;Veicolo in marcia contro veicolo in sosta;Intersezione stradale segnalata;Una carreggiata a doppio senso;Asciutto;Asfaltata;Verticale ed orizzontale;Sereno;Normale;Buona;;0;0;0;3;12.6259;41.8684;-1;1;Autovettura privata;In marcia / fermata / arresto;Conducente;F;Illeso;0;;Non accertato;Esploso
5851231;8;03/03/2022 13:30:00;Strada Urbana;VIA DEL TORRACCIO DI TORRENOVA;all'intersezione con;VIALE DUILIO CAMBELLOTTI;VIALE DUILIO CAMBELLOTTI;;;Veicolo in marcia contro veicolo in sosta;Intersezione stradale segnalata;Una carreggiata a doppio senso;Asciutto;Asfaltata;Verticale ed orizzontale;Sereno;Normale;Buona;;0;0;0;3;12.6259;41.8684;-1;1;Autovettura privata;In marcia / fermata / arresto;Passeggero;M;Illeso;0;;Non accertato;Esploso
5851231;8;03/03/2022 13:30:00;Strada Urbana;VIA DEL TORRACCIO DI TORRENOVA;all'intersezione con;VIALE DUILIO CAMBELLOTTI;VIALE DUILIO CAMBELLOTTI;;;Veicolo in marcia contro veicolo in sosta;Intersezione stradale segnalata;Una carreggiata a doppio senso;Asciutto;Asfaltata;Verticale ed orizzontale;Sereno;Normale;Buona;;0;0;0;3;12.6259;41.8684;-1;1;Autovettura privata;In marcia / fermata / arresto;Passeggero;M;Illeso;0;;Non accertato;Inesploso
5851231;8;03/03/2022 13:30:00;Strada Urbana;VIA DEL TORRACCIO DI TORRENOVA;all'intersezione con;VIALE DUILIO CAMBELLOTTI;VIALE DUILIO CAMBELLOTTI;;;Veicolo in marcia contro veicolo in sosta;Intersezione stradale segnalata;Una carreggiata a doppio senso;Asciutto;Asfaltata;Verticale ed orizzontale;Sereno;Normale;Buona;;0;0;0;3;12.6259;41.8684;-1;2;Autocarro inferiore 35 q.;Sosta;;;;;;;
5851246;8;03/03/2022 14:25:00;Strada Urbana;VIA ANTONIO PUCCINELLI;da specificare;;;;in prossimità di via Comiso;Investimento di pedone;Rettilineo;Una carreggiata a doppio senso;Asciutto;Asfaltata;Assente;Sereno;Scarso;Buona;;1;0;0;0;12.6661;41.861;0;;;;Pedone;F;Ricoverato;0;NON DECEDUTO;;
5851246;8;03/03/2022 14:25:00;Strada Urbana;VIA ANTONIO PUCCINELLI;da specificare;;;;in prossimità di via Comiso;Investimento di pedone;Rettilineo;Una carreggiata a doppio senso;Asciutto;Asfaltata;Assente;Sereno;Scarso;Buona;;1;0;0;0;12.6661;41.861;0;1;Motociclo a solo;In marcia / fermata / arresto;;;;;;;
5851254;8;03/03/2022 16:20:00;;VIA DI TOR BELLA MONACA;da specificare;;;;dir via Casilina 50 metri prima semaforo Torrenova;Tamponamento;;;;;;;;;;1;0;0;0;;;0;1;Autovettura privata;In marcia / fermata / arresto;;;;;;;
5851254;8;03/03/2022 16:20:00;;VIA DI TOR BELLA MONACA;da specificare;;;;dir via Casilina 50 metri prima semaforo Torrenova;Tamponamento;;;;;;;;;;1;0;0;0;;;0;2;Autovettura privata;In marcia / fermata / arresto;Conducente;M;Ricoverato;0;NON DECEDUTO;;
5851257;10;04/03/2022 08:50:00;Strada Urbana;VIA PONZIO COMINIO;all'intersezione con;PIAZZA DEI CONSOLI;PIAZZA DEI CONSOLI;;;Tamponamento;Incrocio;Una carreggiata a senso unico di marcia;Asciutto;Asfaltata;Verticale ed orizzontale;Sereno;Intenso;Buona;;0;0;0;3;12.5587;41.8619;-1;1;Autovettura privata;In marcia / fermata / arresto;Conducente;M;Illeso;0;;Non accertato;Inesploso
5851257;10;04/03/2022 08:50:00;Strada Urbana;VIA PONZIO COMINIO;all'intersezione con;PIAZZA DEI CONSOLI;PIAZZA DEI CONSOLI;;;Tamponamento;Incrocio;Una carreggiata a senso unico di marcia;Asciutto;Asfaltata;Verticale ed orizzontale;Sereno;Intenso;Buona;;0;0;0;3;12.5587;41.8619;-1;1;Autovettura privata;In marcia / fermata / arresto;Passeggero;F;Illeso;0;;Non accertato;Inesploso
5851257;10;04/03/2022 08:50:00;Strada Urbana;VIA PONZIO COMINIO;all'intersezione con;PIAZZA DEI CONSOLI;PIAZZA DEI CONSOLI;;;Tamponamento;Incrocio;Una carreggiata a senso unico di marcia;Asciutto;Asfaltata;Verticale ed orizzontale;Sereno;Intenso;Buona;;0;0;0;3;12.5587;41.8619;-1;2;Autovettura privata;In marcia / fermata / arresto;Conducente;M;Illeso;0;;Non accertato;Inesploso
5851259;8;03/03/2022 17:50:00;Strada Urbana;VIA SELLIA;all'intersezione con;VIA DOMANICO;VIA DOMANICO;;;Scontro frontale/laterale SX fra veicoli in marcia;Incrocio;Una carreggiata a doppio senso;Asciutto;Asfaltata;Verticale ed orizzontale;Sereno;Scarso;Buona;;1;0;0;1;12.6833;41.8723;-1;1;Autovettura privata;In marcia / fermata / arresto;Conducente;M;Rifiuta cure immediate;0;NON DECEDUTO;Non accertato;Inesploso
5851259;8;03/03/2022 17:50:00;Strada Urbana;VIA SELLIA;all'intersezione con;VIA DOMANICO;VIA DOMANICO;;;Scontro frontale/laterale SX fra veicoli in marcia;Incrocio;Una carreggiata a doppio senso;Asciutto;Asfaltata;Verticale ed orizzontale;Sereno;Scarso;Buona;;1;0;0;1;12.6833;41.8723;-1;2;Autovettura privata;In marcia / fermata / arresto;Conducente;M;Illeso;0;;Non accertato;Inesploso
5851263;8;03/03/2022 07:35:00;Strada Urbana;VIALE DELLA SORBONA;in prossimità;;del palo luce n.;77;;Scontro laterale fra veicoli in marcia;Curva a visuale libera;Una carreggiata a senso unico di marcia;Asciutto;Asfaltata;Verticale ed orizzontale;Nuvoloso;Normale;Buona;;0;0;0;2;12.612;41.8546;-1;1;Autovettura privata;In marcia / fermata / arresto;Conducente;M;Illeso;0;;;
5851263;8;03/03/2022 07:35:00;Strada Urbana;VIALE DELLA SORBONA;in prossimità;;del palo luce n.;77;;Scontro laterale fra veicoli in marcia;Curva a visuale libera;Una carreggiata a senso unico di marcia;Asciutto;Asfaltata;Verticale ed orizzontale;Nuvoloso;Normale;Buona;;0;0;0;2;12.612;41.8546;-1;2;Autovettura privata;In marcia / fermata / arresto;Conducente;M;Illeso;0;;;
5851269;18;03/03/2022 13:15:00;Strada Urbana;VIA DELLA PINETA SACCHETTI;da specificare;;;;fronte via Calisto II;Scontro laterale fra veicoli in marcia;Rettilineo;Una carreggiata a doppio senso;Asciutto;Asfaltata;Verticale ed orizzontale;Sereno;Intenso;Buona;;0;0;0;2;12.4295;41.9227;-1;1;Autovettura privata;In marcia / fermata / arresto;Conducente;M;Illeso;0;;Non accertato;Inesploso
5851269;18;03/03/2022 13:15:00;Strada Urbana;VIA DELLA PINETA SACCHETTI;da specificare;;;;fronte via Calisto II;Scontro laterale fra veicoli in marcia;Rettilineo;Una carreggiata a doppio senso;Asciutto;Asfaltata;Verticale ed orizzontale;Sereno;Intenso;Buona;;0;0;0;2;12.4295;41.9227;-1;2;Motociclo a solo;In marcia / fermata / arresto;Conducente;M;Illeso;0;;Non accertato;
5851271;17;03/03/2022 17:30:00;Strada Urbana;LUNGOTEVERE DELLA VITTORIA;da specificare;;;;fronte civico 31;Veicolo in marcia contro veicolo in sosta;Rettilineo;Una carreggiata a doppio senso;Asciutto;Asfaltata;Verticale ed orizzontale;Sereno;Normale;Buona;;0;0;0;0;12.4619;41.9227;0;1;Autovettura privata;Sosta;;;;;;;
5851271;17;03/03/2022 17:30:00;Strada Urbana;LUNGOTEVERE DELLA VITTORIA;da specificare;;;;fronte civico 31;Veicolo in marcia contro veicolo in sosta;Rettilineo;Una carreggiata a doppio senso;Asciutto;Asfaltata;Verticale ed orizzontale;Sereno;Normale;Buona;;0;0;0;0;12.4619;41.9227;0;2;Altro;Allontanatosi;;;;;;;
5851286;18;04/03/2022 08:30:00;Strada Urbana;VIA NAZARETH;in prossimità;;del civico n.;150;;Tamponamento;Rettilineo;Una carreggiata a doppio senso;Asciutto;Asfaltata;Verticale ed orizzontale;Sereno;Intenso;Buona;;1;0;0;2;12.4038;41.9068;-1;1;Autovettura privata;In marcia / fermata / arresto;Conducente;M;Illeso;0;;Non accertato;Inesploso