Protocollo;Gruppo;DataOraIncidente;Localizzazione1;STRADA1;Localizzazione2;STRADA2;Strada02;Chilometrica;DaSpecificare;NaturaIncidente;particolaritastrade;TipoStrada;FondoStradale;Pavimentazione;Segnaletica;CondizioneAtmosferica;Traffico;Visibilita;Illuminazione;NUM_FERITI;NUM_RISERVATA;NUM_MORTI;NUM_ILLESI;Longitude;Latitude;Confermato;Progressivo;TipoVeicolo;StatoVeicolo;TipoPersona;Sesso;Tipolesione;Deceduto;DecedutoDopo;CinturaCascoUtilizzato;Airbag;
5855848;11;07/03/2022 14:40:00;Strada Urbana;VIA OSTIENSE;in prossimità;;del civico n.;72;;Scontro laterale fra veicoli in marcia;Rettilineo;Più di due carreggiate;Asciutto;Asfaltata;Verticale ed orizzontale;Sereno;Normale;Buona;;1;0;0;1;12.4796;41.8699;-1;1;Autovettura privata;In marcia / fermata / arresto;Conducente;M;Illeso;0;;Non accertato;
5855848;11;07/03/2022 14:40:00;Strada Urbana;VIA OSTIENSE;in prossimità;;del civico n.;72;;Scontro laterale fra veicoli in marcia;Rettilineo;Più di due carreggiate;Asciutto;Asfaltata;Verticale ed orizzontale;Sereno;Normale;Buona;;1;0;0;1;12.4796;41.8699;-1;2;Motociclo a solo;In marcia / fermata / arresto;Conducente;F;Rimandato;0;NON DECEDUTO;Non accertato;
5855913;6;07/03/2022 10:00:00;Strada Urbana;VIALE DELLA PRIMAVERA;da specificare;;;;fronte VIA DEI GLICINI;Tamponamento;Rettilineo;Due carreggiate;Asciutto;Asfaltata;Orizzontale;Sereno;Normale;Buona;;0;0;0;2;12.5601;41.8801;-1;1;Autovettura privata;In marcia / fermata / arresto;Conducente;M;Illeso;0;;Non accertato;Inesploso
5855913;6;07/03/2022 10:00:00;Strada Urbana;VIALE DELLA PRIMAVERA;da specificare;;;;fronte VIA DEI GLICINI;Tamponamento;Rettilineo;Due carreggiate;Asciutto;Asfaltata;Orizzontale;Sereno;Normale;Buona;;0;0;0;2;12.5601;41.8801;-1;2;Autovettura privata;In marcia / fermata / arresto;Conducente;F;Illeso;0;;Non accertato;Inesploso
5855962;6;07/03/2022 11:15:00;Strada Urbana;VIA CASILINA;all'intersezione con;VIA PLACIDO ZURLA;VIA PLACIDO ZURLA;;;Scontro laterale fra veicoli in marcia;Incrocio;Più di due carreggiate;Asciutto;Asfaltata;Verticale ed orizzontale;Sereno;Normale;Buona;;1;0;0;2;12.5334;41.8832;-1;1;Autovettura privata;In marcia / fermata / arresto;Conducente;M;Illeso;0;;Non accertato;Inesploso
5855962;6;07/03/2022 11:15:00;Strada Urbana;VIA CASILINA;all'intersezione con;VIA PLACIDO ZURLA;VIA PLACIDO ZURLA;;;Scontro laterale fra veicoli in marcia;Incrocio;Più di due carreggiate;Asciutto;Asfaltata;Verticale ed orizzontale;Sereno;Normale;Buona;;1;0;0;2;12.5334;41.8832;-1;1;Autovettura privata;In marcia / fermata / arresto;Passeggero;F;Illeso;0;;Non accertato;Inesploso
5855962;6;07/03/2022 11:15:00;Strada Urbana;VIA CASILINA;all'intersezione con;VIA PLACIDO ZURLA;VIA PLACIDO ZURLA;;;Scontro laterale fra veicoli in marcia;Incrocio;Più di due carreggiate;Asciutto;Asfaltata;Verticale ed orizzontale;Sereno;Normale;Buona;;1;0;0;2;12.5334;41.8832;-1;2;Motociclo a solo;In marcia / fermata / arresto;Conducente;M;Rimandato;0;NON DECEDUTO;Non accertato;
5855985;7;07/03/2022 16:40:00;Strada Urbana;VIA PRENESTINA;all'intersezione con;VIA EMILIO LONGONI;VIA EMILIO LONGONI;;;Tamponamento;Rotatoria;Una carreggiata a senso unico di marcia;Asciutto;Asfaltata;Orizzontale;Sereno;Normale;Buona;;0;0;0;6;12.6043;41.8933;-1;1;Autovettura privata;In marcia / fermata / arresto;Conducente;M;Illeso;0;;Non accertato;Inesploso
5855985;7;07/03/2022 16:40:00;Strada Urbana;VIA PRENESTINA;all'intersezione con;VIA EMILIO LONGONI;VIA EMILIO LONGONI;;;Tamponamento;Rotatoria;Una carreggiata a senso unico di marcia;Asciutto;Asfaltata;Orizzontale;Sereno;Normale;Buona;;0;0;0;6;12.6043;41.8933;-1;1;Autovettura privata;In marcia / fermata / arresto;Passeggero;F;Illeso;0;;Non accertato;Inesploso
5855985;7;07/03/2022 16:40:00;Strada Urbana;VIA PRENESTINA;all'intersezione con;VIA EMILIO LONGONI;VIA EMILIO LONGONI;;;Tamponamento;Rotatoria;Una carreggiata a senso unico di marcia;Asciutto;Asfaltata;Orizzontale;Sereno;Normale;Buona;;0;0;0;6;12.6043;41.8933;-1;1;Autovettura privata;In marcia / fermata / arresto;Passeggero;M;Illeso;0;;Non accertato;Inesploso
5855985;7;07/03/2022 16:40:00;Strada Urbana;VIA PRENESTINA;all'intersezione con;VIA EMILIO LONGONI;VIA EMILIO LONGONI;;;Tamponamento;Rotatoria;Una carreggiata a senso unico di marcia;Asciutto;Asfaltata;Orizzontale;Sereno;Normale;Buona;;0;0;0;6;12.6043;41.8933;-1;1;Autovettura privata;In marcia / fermata / arresto;Passeggero;M;Illeso;0;;Non accertato;Inesploso
5855985;7;07/03/2022 16:40:00;Strada Urbana;VIA PRENESTINA;all'intersezione con;VIA EMILIO LONGONI;VIA EMILIO LONGONI;;;Tamponamento;Rotatoria;Una carreggiata a senso unico di marcia;Asciutto;Asfaltata;Orizzontale;Sereno;Normale;Buona;;0;0;0;6;12.6043;41.8933;-1;2;Autovettura privata;In marcia / fermata / arresto;Conducente;F;Illeso;0;;Non accertato;
5856003;11;07/03/2022 16:40:00;Strada Urbana;VIA CRISTOFORO COLOMBO;all'intersezione semaforizzata con;VIA COSTANTINO;VIA COSTANTINO;;;Scontro frontale/laterale SX fra veicoli in marcia;Intersezione semaforizzata;Più di due carreggiate;Asciutto;Asfaltata;Verticale ed orizzontale;Sereno;Normale;Buona;;1;0;0;3;12.4906;41.8545;-1;1;Autovettura privata;In marcia / fermata / arresto;Conducente;M;Illeso;0;;Non accertato;Esploso
5856003;11;07/03/2022 16:40:00;Strada Urbana;VIA CRISTOFORO COLOMBO;all'intersezione semaforizzata con;VIA COSTANTINO;VIA COSTANTINO;;;Scontro frontale/laterale SX fra veicoli in marcia;Intersezione semaforizzata;Più di due carreggiate;Asciutto;Asfaltata;Verticale ed orizzontale;Sereno;Normale;Buona;;1;0;0;3;12.4906;41.8545;-1;1;Autovettura privata;In marcia / fermata / arresto;Passeggero;F;Illeso;0;;;
5856003;11;07/03/2022 16:40:00;Strada Urbana;VIA CRISTOFORO COLOMBO;all'intersezione semaforizzata con;VIA COSTANTINO;VIA COSTANTINO;;;Scontro frontale/laterale SX fra veicoli in marcia;Intersezione semaforizzata;Più di due carreggiate;Asciutto;Asfaltata;Verticale ed orizzontale;Sereno;Normale;Buona;;1;0;0;3;12.4906;41.8545;-1;1;Autovettura privata;In marcia / fermata / arresto;Passeggero;M;Illeso;0;;Non accertato;Inesploso
5856003;11;07/03/2022 16:40:00;Strada Urbana;VIA CRISTOFORO COLOMBO;all'intersezione semaforizzata con;VIA COSTANTINO;VIA COSTANTINO;;;Scontro frontale/laterale SX fra veicoli in marcia;Intersezione semaforizzata;Più di due carreggiate;Asciutto;Asfaltata;Verticale ed orizzontale;Sereno;Normale;Buona;;1;0;0;3;12.4906;41.8545;-1;2;Velocipede;In marcia / fermata / arresto;Conducente;M;Rimandato;0;NON DECEDUTO;Esente;
5856008;18;07/03/2022 15:40:00;Strada Urbana;VIA DI CASALOTTI;in corrispondenza;;del civico n.;291;;Scontro frontale/laterale SX fra veicoli in marcia;Pendenza;Una carreggiata a doppio senso;Asciutto;Asfaltata;Verticale ed orizzontale;Sereno;Normale;Buona;;1;0;0;1;12.3626;41.9152;-1;1;Autovettura privata;In marcia / fermata / arresto;Conducente;F;Illeso;0;;Non accertato;Inesploso
5856008;18;07/03/2022 15:40:00;Strada Urbana;VIA DI CASALOTTI;in corrispondenza;;del civico n.;291;;Scontro frontale/laterale SX fra veicoli in marcia;Pendenza;Una carreggiata a doppio senso;Asciutto;Asfaltata;Verticale ed orizzontale;Sereno;Normale;Buona;;1;0;0;1;12.3626;41.9152;-1;2;Motociclo a solo;In marcia / fermata / arresto;Conducente;M;Ricoverato;0;NON DECEDUTO;Non accertato;
5856038;19;06/03/2022 21:00:00;Strada Urbana;VIA TRIONFALE;in prossimità;;del civico n.;8253;;Scontro frontale/laterale SX fra veicoli in marcia;Rettilineo;Una carreggiata a senso unico di marcia;Asciutto;Asfaltata;Verticale ed orizzontale;Sereno;Scarso;Sufficiente;;1;0;0;2;12.4274;41.9373;-1;1;Autovettura privata;In marcia / fermata / arresto;Conducente;M;Rimandato;0;NON DECEDUTO;Non accertato;Inesploso
5856038;19;06/03/2022 21:00:00;Strada Urbana;VIA TRIONFALE;in prossimità;;del civico n.;8253;;Scontro frontale/laterale SX fra veicoli in marcia;Rettilineo;Una carreggiata a senso unico di marcia;Asciutto;Asfaltata;Verticale ed orizzontale;Sereno;Scarso;Sufficiente;;1;0;0;2;12.4274;41.9373;-1;2;Autovettura privata;In marcia / fermata / arresto;Conducente;M;Illeso;0;;Non accertato;Inesploso
5856038;19;06/03/2022 21:00:00;Strada Urbana;VIA TRIONFALE;in prossimità;;del civico n.;8253;;Scontro frontale/laterale SX fra veicoli in marcia;Rettilineo;Una carreggiata a senso unico di marcia;Asciutto;Asfaltata;Verticale ed orizzontale;Sereno;Scarso;Sufficiente;;1;0;0;2;12.4274;41.9373;-1;3;Motociclo a solo;In marcia / fermata / arresto;Conducente;M;Illeso;0;;Non accertato;
5856041;17;05/03/2022 16:30:00;Strada Urbana;VIALE GIUSEPPE MAZZINI;all'intersezione con;VIA CARLO GRABAU;VIA CARLO GRABAU;;;Scontro frontale/laterale SX fra veicoli in marcia;Incrocio;Due carreggiate;Asciutto;Asfaltata;Verticale ed orizzontale;Sereno;Normale;Buona;;0;0;0;2;12.4626;41.9158;0;1;Quadriciclo;In marcia / fermata / arresto;Conducente;M;Illeso;0;;;
5856041;17;05/03/2022 16:30:00;Strada Urbana;VIALE GIUSEPPE MAZZINI;all'intersezione con;VIA CARLO GRABAU;VIA CARLO GRABAU;;;Scontro frontale/laterale SX fra veicoli in marcia;Incrocio;Due carreggiate;Asciutto;Asfaltata;Verticale ed orizzontale;Sereno;Normale;Buona;;0;0;0;2;12.4626;41.9158;0;2;Motociclo con passeggero;In marcia / fermata / arresto;Conducente;M;Illeso;0;;;
5856115;6;07/03/2022 14:45:00;Strada Urbana;VIA CONTE DI CARMAGNOLA;da specificare;;;;f.c. 33;Scontro laterale fra veicoli in marcia;Rettilineo;Una carreggiata a doppio senso;Asciutto;Asfaltata;Verticale ed orizzontale;Nuvoloso;Normale;Sufficiente;;0;0;0;1;12.5342;41.8902;-1;1;Autovettura privata;In marcia / fermata / arresto;Conducente;M;Illeso;0;;Non accertato;Inesploso
5856115;6;07/03/2022 14:45:00;Strada Urbana;VIA CONTE DI CARMAGNOLA;da specificare;;;;f.c. 33;Scontro laterale fra veicoli in marcia;Rettilineo;Una carreggiata a doppio senso;Asciutto;Asfaltata;Verticale ed orizzontale;Nuvoloso;Normale;Sufficiente;;0;0;0;1;12.5342;41.8902;-1;2;Velocipede;Allontanatosi;;;;;;;
5856202;17;06/03/2022 14:20:00;Strada Urbana;PONTE VITTORIO EMANUELE II;da specificare;;;;in prossimità del PALO LUCE n. 1;Investimento di pedone;Rettilineo;Una carreggiata a senso unico di marcia;Asciutto;Asfaltata;Verticale ed orizzontale;Sereno;Intenso;Buona;;3;0;0;0;12.4646;41.901;-1;;;;Pedone;F;Rimandato;0;NON DECEDUTO;;
5856202;17;06/03/2022 14:20:00;Strada Urbana;PONTE VITTORIO EMANUELE II;da specificare;;;;in prossimità del PALO LUCE n. 1;Investimento di pedone;Rettilineo;Una carreggiata a senso unico di marcia;Asciutto;Asfaltata;Verticale ed orizzontale;Sereno;Intenso;Buona;;3;0;0;0;12.4646;41.901;-1;;;;Pedone;M;Rimandato;0;NON DECEDUTO;;
5856202;17;06/03/2022 14:20:00;Strada Urbana;PONTE VITTORIO EMANUELE II;da specificare;;;;in prossimità del PALO LUCE n. 1;Investimento di pedone;Rettilineo;Una carreggiata a senso unico di marcia;Asciutto;Asfaltata;Verticale ed orizzontale;Sereno;Intenso;Buona;;3;0;0;0;12.4646;41.901;-1;1;Autovettura privata;In marcia / fermata / arresto;Conducente;M;Rifiuta cure immediate;0;NON DECEDUTO;Non accertato;
5856250;12;07/03/2022 19:20:00;Statale;VIA DEL MARE;da specificare;;;;km 9,500 dir.Ostia;Tamponamento Multiplo;Rettilineo;Una carreggiata a doppio senso;Asciutto;Asfaltata;Verticale ed orizzontale;Sereno;Intenso;Insufficiente;;1;0;0;2;12.4607;41.8382;-1;1;Autovettura privata;In marcia / fermata / arresto;Conducente;M;Illeso;0;;;
5856250;12;07/03/2022 19:20:00;Statale;VIA DEL MARE;da specificare;;;;km 9,500 dir.Ostia;Tamponamento Multiplo;Rettilineo;Una carreggiata a doppio senso;Asciutto;Asfaltata;Verticale ed orizzontale;Sereno;Intenso;Insufficiente;;1;0;0;2;12.4607;41.8382;-1;2;Autovettura privata;In marcia / fermata / arresto;Conducente;M;Rimandato;0;NON DECEDUTO;;Esploso
5856250;12;07/03/2022 19:20:00;Statale;VIA DEL MARE;da specificare;;;;km 9,500 dir.Ostia;Tamponamento Multiplo;Rettilineo;Una carreggiata a doppio senso;Asciutto;Asfaltata;Verticale ed orizzontale;Sereno;Intenso;Insufficiente;;1;0;0;2;12.4607;41.8382;-1;3;Autovettura privata;In marcia / fermata / arresto;Conducente;M;Illeso;0;;;Esploso
5856431;8;07/03/2022 10:25:00;Strada Urbana;VIA SERRACAPRIOLA;all'intersezione con;VIA STORNARA;VIA STORNARA;;;Scontro frontale/laterale SX fra veicoli in marcia;Incrocio;Una carreggiata a doppio senso;Asciutto;Asfaltata;Verticale ed orizzontale;Sereno;Normale;Buona;;0;0;0;2;12.6138;41.8852;-1;1;Autovettura privata;In marcia / fermata / arresto;Conducente;M;Illeso;0;;;
5856431;8;07/03/2022 10:25:00;Strada Urbana;VIA SERRACAPRIOLA;all'intersezione con;VIA STORNARA;VIA STORNARA;;;Scontro frontale/laterale SX fra veicoli in marcia;Incrocio;Una carreggiata a doppio senso;Asciutto;Asfaltata;Verticale ed orizzontale;Sereno;Normale;Buona;;0;0;0;2;12.6138;41.8852;-1;2;Autovettura privata;In marcia / fermata / arresto;Conducente;M;Illeso;0;;;
5856442;13;07/03/2022 17:30:00;Strada Urbana;VIA FELICE GIANI;all'intersezione con;VIA CAMILLO MIOLA;VIA CAMILLO MIOLA;;;Scontro frontale/laterale DX fra veicoli in marcia;Incrocio;Una carreggiata a doppio senso;Asciutto;Asfaltata;Assente;Sereno;Scarso;Insufficiente;;0;0;0;3;12.338;41.7662;-1;1;Autovettura privata;In marcia / fermata / arresto;Conducente;M;Illeso;0;;;
5856442;13;07/03/2022 17:30:00;Strada Urbana;VIA FELICE GIANI;all'intersezione con;VIA CAMILLO MIOLA;VIA CAMILLO MIOLA;;;Scontro frontale/laterale DX fra veicoli in marcia;Incrocio;Una carreggiata a doppio senso;Asciutto;Asfaltata;Assente;Sereno;Scarso;Insufficiente;;0;0;0;3;12.338;41.7662;-1;1;Autovettura privata;In marcia / fermata / arresto;Passeggero;F;Illeso;0;;;Inesploso
5856442;13;07/03/2022 17:30:00;Strada Urbana;VIA FELICE GIANI;all'intersezione con;VIA CAMILLO MIOLA;VIA CAMILLO MIOLA;;;Scontro frontale/laterale DX fra veicoli in marcia;Incrocio;Una carreggiata a doppio senso;Asciutto;Asfaltata;Assente;Sereno;Scarso;Insufficiente;;0;0;0;3;12.338;41.7662;-1;2;Autovettura privata;In marcia / fermata / arresto;Conducente;F;Illeso;0;;;
5856449;13;07/03/2022 21:20:00;Strada Urbana;VIA SERAFINO SOLDANO;all'intersezione con;VIA CARLO CASINI;VIA CARLO CASINI;;;Investimento di pedone;Incrocio;Una carreggiata a senso unico di marcia;Asciutto;Asfaltata;Verticale ed orizzontale;Sereno;Scarso;Sufficiente;;1;0;0;1;12.3378;41.7818;-1;;;;Pedone;M;Rimandato;0;NON DECEDUTO;;
5856449;13;07/03/2022 21:20:00;Strada Urbana;VIA SERAFINO SOLDANO;all'intersezione con;VIA CARLO CASINI;VIA CARLO CASINI;;;Investimento di pedone;Incrocio;Una carreggiata a senso unico di marcia;Asciutto;Asfaltata;Verticale ed orizzontale;Sereno;Scarso;Sufficiente;;1;0;0;1;12.3378;41.7818;-1;1;Autovettura privata;In marcia / fermata / arresto;Conducente;M;Illeso;0;;;
5856450;12;07/03/2022 19:25:00;Strada Urbana;VIA CRISTOFORO COLOMBO;all'intersezione con;VIALE DELL'UMANESIMO;VIALE DELL'UMANESIMO;;;Tamponamento;Intersezione semaforizzata;Due carreggiate;Asciutto;Asfaltata;Verticale ed orizzontale;Sereno;Normale;Buona;;0;0;0;2;12.4644;41.8246;-1;1;Autocarro inferiore 35 q.;In marcia / fermata / arresto;Conducente;M;Illeso;0;;Utilizzato;Esploso
5856450;12;07/03/2022 19:25:00;Strada Urbana;VIA CRISTOFORO COLOMBO;all'intersezione con;VIALE DELL'UMANESIMO;VIALE DELL'UMANESIMO;;;Tamponamento;Intersezione semaforizzata;Due carreggiate;Asciutto;Asfaltata;Verticale ed orizzontale;Sereno;Normale;Buona;;0;0;0;2;12.4644;41.8246;-1;2;Autovettura privata;In marcia / fermata / arresto;Conducente;F;Illeso;0;;Utilizzato;Inesploso
5856451;13;07/03/2022 16:00:00;Strada Urbana;VIA DI ACILIA;all'intersezione con;VIA POSIDIPPO;VIA POSIDIPPO;;;Scontro frontale/laterale SX fra veicoli in marcia;Incrocio;Una carreggiata a doppio senso;Asciutto;Asfaltata;Verticale ed orizzontale;Sereno;Normale;Buona;;0;0;0;4;12.3714;41.7737;-1;1;Autovettura privata;In marcia / fermata / arresto;Conducente;M;Illeso;0;;;
5856451;13;07/03/2022 16:00:00;Strada Urbana;VIA DI ACILIA;all'intersezione con;VIA POSIDIPPO;VIA POSIDIPPO;;;Scontro frontale/laterale SX fra veicoli in marcia;Incrocio;Una carreggiata a doppio senso;Asciutto;Asfaltata;Verticale ed orizzontale;Sereno;Normale;Buona;;0;0;0;4;12.3714;41.7737;-1;1;Autovettura privata;In marcia / fermata / arresto;Passeggero;F;Illeso;0;;;
5856451;13;07/03/2022 16:00:00;Strada Urbana;VIA DI ACILIA;all'intersezione con;VIA POSIDIPPO;VIA POSIDIPPO;;;Scontro frontale/laterale SX fra veicoli in marcia;Incrocio;Una carreggiata a doppio senso;Asciutto;Asfaltata;Verticale ed orizzontale;Sereno;Normale;Buona;;0;0;0;4;12.3714;41.7737;-1;2;Autovettura privata;In marcia / fermata / arresto;Conducente;M;Illeso;0;;;
5856451;13;07/03/2022 16:00:00;Strada Urbana;VIA DI ACILIA;all'intersezione con;VIA POSIDIPPO;VIA POSIDIPPO;;;Scontro frontale/laterale SX fra veicoli in marcia;Incrocio;Una carreggiata a doppio senso;Asciutto;Asfaltata;Verticale ed orizzontale;Sereno;Normale;Buona;;0;0;0;4;12.3714;41.7737;-1;2;Autovettura privata;In marcia / fermata / arresto;Passeggero;M;Illeso;0;;;
5856453;13;07/03/2022 11:50:00;Strada Urbana;VIA ISOLE DEL CAPO VERDE;in corrispondenza;;del civico n.;27;;Tamponamento;Rettilineo;Due carreggiate;Asciutto;Asfaltata;Verticale ed orizzontale;Sereno;Normale;Buona;;0;0;0;2;12.2783;41.7383;-1;1;Autovettura privata;In marcia / fermata / arresto;Conducente;M;Illeso;0;;;
5856453;13;07/03/2022 11:50:00;Strada Urbana;VIA ISOLE DEL CAPO VERDE;in corrispondenza;;del civico n.;27;;Tamponamento;Rettilineo;Due carreggiate;Asciutto;Asfaltata;Verticale ed orizzontale;Sereno;Normale;Buona;;0;0;0;2;12.2783;41.7383;-1;2;Autovettura privata;In marcia / fermata / arresto;Conducente;M;Illeso;0;;;
5856454;11;07/03/2022 07:50:00;Strada Urbana;VIA ANDREA DI BONAIUTO;all'intersezione con;VIA ANTONIO PISANO;VIA ANTONIO PISANO;;;Scontro frontale/laterale SX fra veicoli in marcia;Intersezione non regolata/non segnalata;Due carreggiate;Asciutto;Asfaltata;Verticale ed orizzontale;Sereno;Normale;Buona;;1;0;0;1;12.4909;41.8278;-1;1;Autovettura privata;In marcia / fermata / arresto;Conducente;F;Illeso;0;;Non accertato;
5856454;11;07/03/2022 07:50:00;Strada Urbana;VIA ANDREA DI BONAIUTO;all'intersezione con;VIA ANTONIO PISANO;VIA ANTONIO PISANO;;;Scontro frontale/laterale SX fra veicoli in marcia;Intersezione non regolata/non segnalata;Due carreggiate;Asciutto;Asfaltata;Verticale ed orizzontale;Sereno;Normale;Buona;;1;0;0;1;12.4909;41.8278;-1;2;Motociclo a solo;In marcia / fermata / arresto;Conducente;M;Rimandato;0;NON DECEDUTO;Non accertato;
5856455;13;07/03/2022 16:30:00;;VIA GUIDO CALZA;in corrispondenza;;della chilometrica;4.9;;Tamponamento;;;;;;;;;;1;0;0;2;12.2916;41.7522;0;1;Autovettura privata;In marcia / fermata / arresto;Conducente;M;Illeso;0;;;
5856455;13;07/03/2022 16:30:00;;VIA GUIDO CALZA;in corrispondenza;;della chilometrica;4.9;;Tamponamento;;;;;;;;;;1;0;0;2;12.2916;41.7522;0;1;Autovettura privata;In marcia / fermata / arresto;Passeggero;M;Illeso;0;;;Inesploso
5856455;13;07/03/2022 16:30:00;;VIA GUIDO CALZA;in corrispondenza;;della chilometrica;4.9;;Tamponamento;;;;;;;;;;1;0;0;2;12.2916;41.7522;0;2;Autovettura privata;In marcia / fermata / arresto;Conducente;M;Rimandato;0;NON DECEDUTO;;
5856457;11;07/03/2022 11:00:00;Strada Urbana;VIALE FERDINANDO BALDELLI;in corrispondenza;;del civico n.;41;;Scontro laterale fra veicoli in marcia;Rettilineo;Due carreggiate;Asciutto;Asfaltata;Verticale ed orizzontale;Sereno;Normale;Buona;;0;0;0;4;12.4744;41.8569;-1;1;Autovettura privata;In marcia / fermata / arresto;Conducente;M;Illeso;0;;Non accertato;
5856457;11;07/03/2022 11:00:00;Strada Urbana;VIALE FERDINANDO BALDELLI;in corrispondenza;;del civico n.;41;;Scontro laterale fra veicoli in marcia;Rettilineo;Due carreggiate;Asciutto;Asfaltata;Verticale ed orizzontale;Sereno;Normale;Buona;;0;0;0;4;12.4744;41.8569;-1;1;Autovettura privata;In marcia / fermata / arresto;Passeggero;F;Illeso;0;;Non accertato;
5856457;11;07/03/2022 11:00:00;Strada Urbana;VIALE FERDINANDO BALDELLI;in corrispondenza;;del civico n.;41;;Scontro laterale fra veicoli in marcia;Rettilineo;Due carreggiate;Asciutto;Asfaltata;Verticale ed orizzontale;Sereno;Normale;Buona;;0;0;0;4;12.4744;41.8569;-1;1;Autovettura privata;In marcia / fermata / arresto;Passeggero;F;Illeso;0;;Non accertato;
5856457;11;07/03/2022 11:00:00;Strada Urbana;VIALE FERDINANDO BALDELLI;in corrispondenza;;del civico n.;41;;Scontro laterale fra veicoli in marcia;Rettilineo;Due carreggiate;Asciutto;Asfaltata;Verticale ed orizzontale;Sereno;Normale;Buona;;0;0;0;4;12.4744;41.8569;-1;2;Autovettura privata;In marcia / fermata / arresto;Conducente;M;Illeso;0;;Non accertato;
5856461;20;07/03/2022 16:50:00;Statale entro l'abitato;VIA CASSIA;in corrispondenza;;del civico n.;1170;;Scontro frontale/laterale DX fra veicoli in marcia;Rettilineo;Una carreggiata a doppio senso;Asciutto;Asfaltata;Verticale ed orizzontale;Sereno;Normale;Buona;;0;0;0;2;12.4181;41.9812;-1;1;Autovettura privata;In marcia / fermata / arresto;Conducente;F;Illeso;0;;Non accertato;Inesploso
5856461;20;07/03/2022 16:50:00;Statale entro l'abitato;VIA CASSIA;in corrispondenza;;del civico n.;1170;;Scontro frontale/laterale DX fra veicoli in marcia;Rettilineo;Una carreggiata a doppio senso;Asciutto;Asfaltata;Verticale ed orizzontale;Sereno;Normale;Buona;;0;0;0;2;12.4181;41.9812;-1;2;Motociclo a solo;In marcia / fermata / arresto;Conducente;M;Illeso;0;;Non accertato;
5856463;10;07/03/2022 22:45:00;Strada Urbana;VIA DEL TORRACCIO DI TORRENOVA;in corrispondenza;;del civico n.;115;;Investimento di pedone;Rettilineo;Una carreggiata a doppio senso;Asciutto;Asfaltata;Verticale;Sereno;Scarso;Sufficiente;;1;0;0;1;12.6251;41.869;-1;;;;Pedone;M;Rimandato;0;NON DECEDUTO;;
5856463;10;07/03/2022 22:45:00;Strada Urbana;VIA DEL TORRACCIO DI TORRENOVA;in corrispondenza;;del civico n.;115;;Investimento di pedone;Rettilineo;Una carreggiata a doppio senso;Asciutto;Asfaltata;Verticale;Sereno;Scarso;Sufficiente;;1;0;0;1;12.6251;41.869;-1;1;Autovettura privata;In marcia / fermata / arresto;Conducente;M;Illeso;0;;Non accertato;Inesploso
5856466;11;07/03/2022 05:45:00;Strada Urbana;VIA ARDEATINA;in prossimità;;del civico n.;277;;Veicolo in marcia contro ostacolo accidentale;Rettilineo;Una carreggiata a doppio senso;Ghiacciato;Asfaltata;Verticale ed orizzontale;Sereno;Scarso;Sufficiente;;1;0;0;0;12.5161;41.8448;-1;1;Motociclo a solo;In marcia / fermata / arresto;Conducente;M;Rifiuta cure immediate;0;NON DECEDUTO;;
5856472;12;08/03/2022 00:10:00;Strada Urbana;VIA LAURENTINA;all'intersezione con;VIA DEI GENIERI;VIA DEI GENIERI;;;Investimento di pedone;Intersezione semaforizzata;Due carreggiate;Asciutto;Asfaltata;Verticale ed orizzontale;Sereno;Scarso;Sufficiente;;1;0;0;1;12.4856;41.8103;-1;;;;Pedone;M;Rimandato;0;NON DECEDUTO;;
5856472;12;08/03/2022 00:10:00;Strada Urbana;VIA LAURENTINA;all'intersezione con;VIA DEI GENIERI;VIA DEI GENIERI;;;Investimento di pedone;Intersezione semaforizzata;Due carreggiate;Asciutto;Asfaltata;Verticale ed orizzontale;Sereno;Scarso;Sufficiente;;1;0;0;1;12.4856;41.8103;-1;1;Autovettura privata;In marcia / fermata / arresto;Conducente;M;Illeso;0;;;
5856482;11;07/03/2022 06:40:00;Strada Urbana;VIA ARDEATINA;in prossimità;;del civico n.;277;;Veicolo in marcia contro ostacolo accidentale;Rettilineo;Una carreggiata a doppio senso;Ghiacciato;Asfaltata;Verticale ed orizzontale;Sereno;Scarso;Buona;;1;0;0;0;12.5161;41.8449;-1;1;Motociclo a solo;In marcia / fermata / arresto;Conducente;F;Rifiuta cure immediate;0;NON DECEDUTO;;
5856484;17;07/03/2022 19:00:00;Strada Urbana;VIA CRESCENZIO;all'intersezione con;VIA VARRONE;VIA VARRONE;;;Investimento di pedone;Incrocio;Una carreggiata a doppio senso;Asciutto;Asfaltata;Verticale ed orizzontale;Sereno;Normale;Buona;;1;0;0;1;12.4602;41.906;-1;;;;Pedone;M;Rimandato;0;NON DECEDUTO;;
5856484;17;07/03/2022 19:00:00;Strada Urbana;VIA CRESCENZIO;all'intersezione con;VIA VARRONE;VIA VARRONE;;;Investimento di pedone;Incrocio;Una carreggiata a doppio senso;Asciutto;Asfaltata;Verticale ed orizzontale;Sereno;Normale;Buona;;1;0;0;1;12.4602;41.906;-1;1;Autovettura privata;In marcia / fermata / arresto;Conducente;F;Illeso;0;;;
5856496;11;07/03/2022 18:40:00;Strada Urbana;VIALE GUGLIELMO MARCONI;da specificare;;;;prox via della Vasca Navale;Scontro laterale fra veicoli in marcia;Rettilineo;Più di due carreggiate;Asciutto;Asfaltata;Verticale ed orizzontale;Sereno;Intenso;Buona;;0;0;0;2;12.4707;41.8586;-1;1;Autovettura privata;In marcia / fermata / arresto;Conducente;F;Illeso;0;;Non accertato;