Protocollo;Gruppo;DataOraIncidente;Localizzazione1;STRADA1;Localizzazione2;STRADA2;Strada02;Chilometrica;DaSpecificare;NaturaIncidente;particolaritastrade;TipoStrada;FondoStradale;Pavimentazione;Segnaletica;CondizioneAtmosferica;Traffico;Visibilita;Illuminazione;NUM_FERITI;NUM_RISERVATA;NUM_MORTI;NUM_ILLESI;Longitude;Latitude;Confermato;Progressivo;TipoVeicolo;StatoVeicolo;TipoPersona;Sesso;Tipolesione;Deceduto;DecedutoDopo;CinturaCascoUtilizzato;Airbag;
5856672;12;03/03/2022 16:30:00;Strada Urbana;VIALE DEI PRIMATI SPORTIVI;da specificare;;;;fronte Palo Acea 19;Veicolo in marcia contro veicolo in sosta;Rettilineo;Una carreggiata a doppio senso;Asciutto;Asfaltata;Verticale ed orizzontale;Sereno;Normale;Buona;;0;0;0;1;12.4574;41.8281;-1;4;Autocarro inferiore 35 q.;Sosta;;;;;;;
5856686;4;07/03/2022 09:15:00;;VIA DELLE VIGNE NUOVE;da specificare;;;;prossimità Via LIMBARA;Tamponamento;;;;;;;;;;0;0;0;4;;;0;1;Autovettura privata;In marcia / fermata / arresto;Conducente;M;Illeso;0;;;
5856686;4;07/03/2022 09:15:00;;VIA DELLE VIGNE NUOVE;da specificare;;;;prossimità Via LIMBARA;Tamponamento;;;;;;;;;;0;0;0;4;;;0;1;Autovettura privata;In marcia / fermata / arresto;Passeggero;F;Illeso;0;;;
5856686;4;07/03/2022 09:15:00;;VIA DELLE VIGNE NUOVE;da specificare;;;;prossimità Via LIMBARA;Tamponamento;;;;;;;;;;0;0;0;4;;;0;2;Autovettura privata;In marcia / fermata / arresto;Conducente;F;Illeso;0;;Non accertato;Inesploso
5856688;8;07/03/2022 08:20:00;Strada Urbana;VIA MILLET;in corrispondenza;;del civico n.;23;;Scontro frontale fra veicoli in marcia;Rettilineo;Una carreggiata a senso unico di marcia;Asciutto;Asfaltata;Verticale;Sereno;Scarso;Buona;;0;0;0;3;12.6515;41.8614;-1;1;Autovettura privata;In marcia / fermata / arresto;Conducente;M;Illeso;0;;Non accertato;Inesploso
5856688;8;07/03/2022 08:20:00;Strada Urbana;VIA MILLET;in corrispondenza;;del civico n.;23;;Scontro frontale fra veicoli in marcia;Rettilineo;Una carreggiata a senso unico di marcia;Asciutto;Asfaltata;Verticale;Sereno;Scarso;Buona;;0;0;0;3;12.6515;41.8614;-1;1;Autovettura privata;In marcia / fermata / arresto;Passeggero;F;Illeso;0;;Non accertato;Inesploso
5856688;8;07/03/2022 08:20:00;Strada Urbana;VIA MILLET;in corrispondenza;;del civico n.;23;;Scontro frontale fra veicoli in marcia;Rettilineo;Una carreggiata a senso unico di marcia;Asciutto;Asfaltata;Verticale;Sereno;Scarso;Buona;;0;0;0;3;12.6515;41.8614;-1;2;Autovettura privata;In marcia / fermata / arresto;Conducente;F;Illeso;0;;Non accertato;Inesploso
5856692;8;07/03/2022 14:30:00;Strada Urbana;VIA DELL'ARCHEOLOGIA;all'intersezione con;VIA GIOVANNI CASTANO;VIA GIOVANNI CASTANO;;;Scontro frontale/laterale SX fra veicoli in marcia;Intersezione stradale segnalata;Una carreggiata a doppio senso;Asciutto;Asfaltata;Verticale ed orizzontale;Nuvoloso;Normale;Buona;;1;0;0;1;12.6297;41.8787;-1;1;Autovettura privata;In marcia / fermata / arresto;Conducente;M;Illeso;0;;Non accertato;Esploso
5856692;8;07/03/2022 14:30:00;Strada Urbana;VIA DELL'ARCHEOLOGIA;all'intersezione con;VIA GIOVANNI CASTANO;VIA GIOVANNI CASTANO;;;Scontro frontale/laterale SX fra veicoli in marcia;Intersezione stradale segnalata;Una carreggiata a doppio senso;Asciutto;Asfaltata;Verticale ed orizzontale;Nuvoloso;Normale;Buona;;1;0;0;1;12.6297;41.8787;-1;2;Autocarro inferiore 35 q.;In marcia / fermata / arresto;Conducente;M;Rimandato;0;NON DECEDUTO;Non accertato;Inesploso
5856699;19;07/03/2022 11:00:00;Strada Urbana;VIA DOMENICO CIAMPOLI;in corrispondenza;;del civico n.;34;;Veicolo in marcia contro veicolo in sosta;Rettilineo;Una carreggiata a doppio senso;Asciutto;Asfaltata;Assente;Sereno;Normale;Buona;;1;0;0;0;12.4152;41.9573;-1;1;Autovettura privata;In marcia / fermata / arresto;Conducente;M;Rimandato;0;NON DECEDUTO;;
5856699;19;07/03/2022 11:00:00;Strada Urbana;VIA DOMENICO CIAMPOLI;in corrispondenza;;del civico n.;34;;Veicolo in marcia contro veicolo in sosta;Rettilineo;Una carreggiata a doppio senso;Asciutto;Asfaltata;Assente;Sereno;Normale;Buona;;1;0;0;0;12.4152;41.9573;-1;2;Autovettura privata;Sosta;;;;;;;
5856700;17;07/03/2022 16:15:00;Strada Urbana;VIA CIPRO;in corrispondenza;;del civico n.;110;;Scontro frontale/laterale SX fra veicoli in marcia;Rettilineo;Due carreggiate;Asciutto;Asfaltata;Verticale ed orizzontale;Sereno;Intenso;Buona;;1;0;0;1;12.4451;41.9059;0;1;Quadriciclo leggero;In marcia / fermata / arresto;Conducente;M;Illeso;0;;;
5856700;17;07/03/2022 16:15:00;Strada Urbana;VIA CIPRO;in corrispondenza;;del civico n.;110;;Scontro frontale/laterale SX fra veicoli in marcia;Rettilineo;Due carreggiate;Asciutto;Asfaltata;Verticale ed orizzontale;Sereno;Intenso;Buona;;1;0;0;1;12.4451;41.9059;0;2;Motociclo a solo;In marcia / fermata / arresto;Conducente;M;Rimandato;0;NON DECEDUTO;;
5856706;1;07/03/2022 17:30:00;Strada Urbana;VIALE MARCO POLO;in corrispondenza;;del civico n.;94;;Scontro laterale fra veicoli in marcia;Rettilineo;Due carreggiate;Asciutto;Asfaltata;Verticale ed orizzontale;Sereno;Normale;Buona;;0;0;0;2;12.4899;41.8725;-1;1;Autovettura privata;In marcia / fermata / arresto;Conducente;M;Illeso;0;;Non accertato;Inesploso
5856706;1;07/03/2022 17:30:00;Strada Urbana;VIALE MARCO POLO;in corrispondenza;;del civico n.;94;;Scontro laterale fra veicoli in marcia;Rettilineo;Due carreggiate;Asciutto;Asfaltata;Verticale ed orizzontale;Sereno;Normale;Buona;;0;0;0;2;12.4899;41.8725;-1;2;Autovettura privata;In marcia / fermata / arresto;Conducente;M;Illeso;0;;Non accertato;Inesploso
5856726;1;07/03/2022 13:45:00;Strada Urbana;VIA FARINI;all'intersezione con;VIA CAVOUR;VIA CAVOUR;;;Veicolo in marcia contro ostacolo accidentale;Intersezione semaforizzata;Una carreggiata a doppio senso;Viscido da liquidi oleosi;Asfaltata;Verticale ed orizzontale;Nuvoloso;Normale;Buona;;0;0;0;1;12.499;41.8986;0;1;Motociclo a solo;In marcia / fermata / arresto;Conducente;M;Illeso;0;;;
5856729;19;07/03/2022 12:15:00;Strada Urbana;VIA GENSERICO FONTANA;in prossimità;;del civico n.;9;;Veicolo in marcia contro ostacolo accidentale;Rettilineo;Una carreggiata a senso unico di marcia;Asciutto;Con buche;Verticale;Sereno;Scarso;Buona;;0;0;0;1;12.4429;41.9237;-1;1;Autovettura privata;In marcia / fermata / arresto;Conducente;M;Illeso;0;;;
5856745;19;07/03/2022 15:20:00;Strada Urbana;VIA DI BOCCEA;all'intersezione con;VIA MORSASCO;VIA MORSASCO;;;Scontro frontale/laterale DX fra veicoli in marcia;Incrocio;Una carreggiata a doppio senso;Asciutto;Asfaltata;Verticale ed orizzontale;Nuvoloso;Normale;Buona;;0;0;0;2;12.3618;41.9256;-1;1;Autovettura privata;In marcia / fermata / arresto;Conducente;M;Illeso;0;;Non accertato;Inesploso
5856745;19;07/03/2022 15:20:00;Strada Urbana;VIA DI BOCCEA;all'intersezione con;VIA MORSASCO;VIA MORSASCO;;;Scontro frontale/laterale DX fra veicoli in marcia;Incrocio;Una carreggiata a doppio senso;Asciutto;Asfaltata;Verticale ed orizzontale;Nuvoloso;Normale;Buona;;0;0;0;2;12.3618;41.9256;-1;2;Autovettura privata;In marcia / fermata / arresto;Conducente;M;Illeso;0;;Non accertato;Inesploso
5856753;1;07/03/2022 23:00:00;Strada Urbana;LUNGOTEVERE DEI FIORENTINI;da specificare;;;;altezza VIA DELLA MOLE DEI FIORENTINI;Scontro laterale fra veicoli in marcia;Rettilineo;Una carreggiata a senso unico di marcia;Asciutto;Asfaltata;Verticale ed orizzontale;Sereno;Scarso;Buona;;0;0;0;2;12.4644;41.9003;-1;1;Autovettura privata;In marcia / fermata / arresto;Conducente;M;Illeso;0;;Non accertato;Inesploso
5856753;1;07/03/2022 23:00:00;Strada Urbana;LUNGOTEVERE DEI FIORENTINI;da specificare;;;;altezza VIA DELLA MOLE DEI FIORENTINI;Scontro laterale fra veicoli in marcia;Rettilineo;Una carreggiata a senso unico di marcia;Asciutto;Asfaltata;Verticale ed orizzontale;Sereno;Scarso;Buona;;0;0;0;2;12.4644;41.9003;-1;2;Autocarro inferiore 35 q.;In marcia / fermata / arresto;Conducente;M;Illeso;0;;Non accertato;Inesploso
5856763;19;07/03/2022 18:05:00;Strada Urbana;VIA SEDRINA;all'intersezione con;VIA LUZZANA;VIA LUZZANA;;;Investimento di pedone;Incrocio;Una carreggiata a doppio senso;Asciutto;Asfaltata;Assente;Nuvoloso;Scarso;Buona;;0;0;0;2;12.3819;41.9434;-1;;;;Pedone sconosciuto;;Illeso;0;;;
5856763;19;07/03/2022 18:05:00;Strada Urbana;VIA SEDRINA;all'intersezione con;VIA LUZZANA;VIA LUZZANA;;;Investimento di pedone;Incrocio;Una carreggiata a doppio senso;Asciutto;Asfaltata;Assente;Nuvoloso;Scarso;Buona;;0;0;0;2;12.3819;41.9434;-1;1;Autovettura privata;In marcia / fermata / arresto;Conducente;F;Illeso;0;;Non accertato;Inesploso
5856769;8;07/03/2022 09:00:00;Strada Urbana;VIALE DELLA SORBONA;in corrispondenza;;del palo luce n.;119;;Scontro laterale fra veicoli in marcia;Rotatoria;Una carreggiata a senso unico di marcia;Asciutto;Asfaltata;Verticale ed orizzontale;Sereno;Normale;Buona;;0;0;0;2;12.612;41.8546;-1;1;Autovettura privata;In marcia / fermata / arresto;Conducente;F;Illeso;0;;Non accertato;Inesploso
5856769;8;07/03/2022 09:00:00;Strada Urbana;VIALE DELLA SORBONA;in corrispondenza;;del palo luce n.;119;;Scontro laterale fra veicoli in marcia;Rotatoria;Una carreggiata a senso unico di marcia;Asciutto;Asfaltata;Verticale ed orizzontale;Sereno;Normale;Buona;;0;0;0;2;12.612;41.8546;-1;2;Autovettura privata;In marcia / fermata / arresto;Conducente;F;Illeso;0;;Non accertato;Inesploso
5856812;8;07/03/2022 12:30:00;Strada Urbana;VIA CASALINCONTRADA;in prossimità;;del civico n.;33;;Veicolo in marcia contro veicolo in sosta;Rettilineo;Una carreggiata a doppio senso;Asciutto;Asfaltata;Verticale ed orizzontale;Sereno;Scarso;Buona;;0;0;0;1;12.6547;41.9093;-1;1;Autovettura privata;Sosta;;;;;;;
5856812;8;07/03/2022 12:30:00;Strada Urbana;VIA CASALINCONTRADA;in prossimità;;del civico n.;33;;Veicolo in marcia contro veicolo in sosta;Rettilineo;Una carreggiata a doppio senso;Asciutto;Asfaltata;Verticale ed orizzontale;Sereno;Scarso;Buona;;0;0;0;1;12.6547;41.9093;-1;2;Autovettura privata;In marcia / fermata / arresto;Conducente;F;Illeso;0;;Non accertato;Inesploso
5856813;20;07/03/2022 16:50:00;Strada Urbana;GALLERIA GIOVANNI XXIII;da specificare;;;;Km.2.800 provenienza Pineta Sacchetti;Scontro laterale fra veicoli in marcia;Galleria illuminata;Due carreggiate;Asciutto;Asfaltata;Verticale ed orizzontale;Sereno;Normale;Buona;;0;0;0;4;12.4411;41.9404;-1;1;Autovettura privata;In marcia / fermata / arresto;Conducente;M;Illeso;0;;Non accertato;Inesploso
5856813;20;07/03/2022 16:50:00;Strada Urbana;GALLERIA GIOVANNI XXIII;da specificare;;;;Km.2.800 provenienza Pineta Sacchetti;Scontro laterale fra veicoli in marcia;Galleria illuminata;Due carreggiate;Asciutto;Asfaltata;Verticale ed orizzontale;Sereno;Normale;Buona;;0;0;0;4;12.4411;41.9404;-1;1;Autovettura privata;In marcia / fermata / arresto;Passeggero;F;Illeso;0;;Non accertato;Inesploso
5856813;20;07/03/2022 16:50:00;Strada Urbana;GALLERIA GIOVANNI XXIII;da specificare;;;;Km.2.800 provenienza Pineta Sacchetti;Scontro laterale fra veicoli in marcia;Galleria illuminata;Due carreggiate;Asciutto;Asfaltata;Verticale ed orizzontale;Sereno;Normale;Buona;;0;0;0;4;12.4411;41.9404;-1;1;Autovettura privata;In marcia / fermata / arresto;Passeggero;M;Illeso;0;;Non accertato;Inesploso
5856813;20;07/03/2022 16:50:00;Strada Urbana;GALLERIA GIOVANNI XXIII;da specificare;;;;Km.2.800 provenienza Pineta Sacchetti;Scontro laterale fra veicoli in marcia;Galleria illuminata;Due carreggiate;Asciutto;Asfaltata;Verticale ed orizzontale;Sereno;Normale;Buona;;0;0;0;4;12.4411;41.9404;-1;2;Motociclo a solo;In marcia / fermata / arresto;Conducente;M;Illeso;0;;Non accertato;
5856815;19;08/03/2022 08:30:00;Strada Urbana;VIA DI BOCCEA;all'intersezione con;VIA DELLA STORTA;VIA DELLA STORTA;;;Scontro frontale/laterale SX fra veicoli in marcia;Incrocio;Una carreggiata a doppio senso;Asciutto;Asfaltata;Verticale ed orizzontale;Sereno;Normale;Buona;;0;0;0;3;12.3533;41.928;-1;1;Autovettura privata;In marcia / fermata / arresto;Conducente;F;Illeso;0;;Non accertato;Inesploso
5856815;19;08/03/2022 08:30:00;Strada Urbana;VIA DI BOCCEA;all'intersezione con;VIA DELLA STORTA;VIA DELLA STORTA;;;Scontro frontale/laterale SX fra veicoli in marcia;Incrocio;Una carreggiata a doppio senso;Asciutto;Asfaltata;Verticale ed orizzontale;Sereno;Normale;Buona;;0;0;0;3;12.3533;41.928;-1;1;Autovettura privata;In marcia / fermata / arresto;Passeggero;F;Illeso;0;;Non accertato;Inesploso
5856815;19;08/03/2022 08:30:00;Strada Urbana;VIA DI BOCCEA;all'intersezione con;VIA DELLA STORTA;VIA DELLA STORTA;;;Scontro frontale/laterale SX fra veicoli in marcia;Incrocio;Una carreggiata a doppio senso;Asciutto;Asfaltata;Verticale ed orizzontale;Sereno;Normale;Buona;;0;0;0;3;12.3533;41.928;-1;2;Autovettura privata;In marcia / fermata / arresto;Conducente;M;Illeso;0;;Non accertato;Inesploso
5856830;8;07/03/2022 12:35:00;Strada Urbana;VIA CALTAGIRONE;all'intersezione con;VIA D'ASCANIO;VIA D'ASCANIO;;;Tamponamento;Intersezione regolata dal vigile;Due carreggiate;Asciutto;Asfaltata;Verticale ed orizzontale;Nuvoloso;Scarso;Buona;;1;0;0;1;12.5184;41.8876;-1;1;Autovettura privata;In marcia / fermata / arresto;Conducente;M;Rimandato;0;NON DECEDUTO;Non accertato;Inesploso
5856830;8;07/03/2022 12:35:00;Strada Urbana;VIA CALTAGIRONE;all'intersezione con;VIA D'ASCANIO;VIA D'ASCANIO;;;Tamponamento;Intersezione regolata dal vigile;Due carreggiate;Asciutto;Asfaltata;Verticale ed orizzontale;Nuvoloso;Scarso;Buona;;1;0;0;1;12.5184;41.8876;-1;2;Autocarro inferiore 35 q.;In marcia / fermata / arresto;Conducente;F;Illeso;0;;Non accertato;Inesploso
5856850;7;07/03/2022 07:10:00;Strada Urbana;VIALE PALMIRO TOGLIATTI;all'intersezione con;VIA PRENESTINA;VIA PRENESTINA;;;Scontro frontale/laterale DX fra veicoli in marcia;Incrocio;Una carreggiata a senso unico di marcia;Asciutto;Asfaltata;Verticale ed orizzontale;Sereno;Normale;Buona;;0;0;0;2;12.575;41.8949;-1;1;Autocarro inferiore 35 q.;In marcia / fermata / arresto;Conducente;M;Illeso;0;;Non accertato;Inesploso
5856850;7;07/03/2022 07:10:00;Strada Urbana;VIALE PALMIRO TOGLIATTI;all'intersezione con;VIA PRENESTINA;VIA PRENESTINA;;;Scontro frontale/laterale DX fra veicoli in marcia;Incrocio;Una carreggiata a senso unico di marcia;Asciutto;Asfaltata;Verticale ed orizzontale;Sereno;Normale;Buona;;0;0;0;2;12.575;41.8949;-1;2;Vettura tranviaria;In marcia / fermata / arresto;Conducente;M;Illeso;0;;Esente;
5856864;1;07/03/2022 14:40:00;Strada Urbana;VIA VICENZA;all'intersezione con;VIA VITTORIO BACHELET;VIA VITTORIO BACHELET;;;Scontro frontale/laterale SX fra veicoli in marcia;Incrocio;Una carreggiata a senso unico di marcia;Asciutto;Asfaltata;Verticale ed orizzontale;Sereno;Normale;Buona;;1;0;0;1;12.5041;41.9039;0;1;Autocarro inferiore 35 q.;In marcia / fermata / arresto;Conducente;F;Rimandato;0;NON DECEDUTO;;
5856864;1;07/03/2022 14:40:00;Strada Urbana;VIA VICENZA;all'intersezione con;VIA VITTORIO BACHELET;VIA VITTORIO BACHELET;;;Scontro frontale/laterale SX fra veicoli in marcia;Incrocio;Una carreggiata a senso unico di marcia;Asciutto;Asfaltata;Verticale ed orizzontale;Sereno;Normale;Buona;;1;0;0;1;12.5041;41.9039;0;2;Autovettura privata;In marcia / fermata / arresto;Conducente;F;Illeso;0;;;
5856867;2;07/03/2022 12:00:00;Strada Urbana;VIALE LIEGI;in prossimità;;del civico n.;2;;Veicolo in marcia contro veicolo in sosta;Rettilineo;Una carreggiata a doppio senso;Asciutto;Asfaltata;Verticale ed orizzontale;Sereno;Normale;Buona;;0;0;0;1;12.4983;41.9196;-1;1;Autocarro inferiore 35 q.;In marcia / fermata / arresto;Conducente;M;Illeso;0;;;
5856867;2;07/03/2022 12:00:00;Strada Urbana;VIALE LIEGI;in prossimità;;del civico n.;2;;Veicolo in marcia contro veicolo in sosta;Rettilineo;Una carreggiata a doppio senso;Asciutto;Asfaltata;Verticale ed orizzontale;Sereno;Normale;Buona;;0;0;0;1;12.4983;41.9196;-1;2;Autovettura privata;Sosta;;;;;;;
5856872;2;07/03/2022 14:15:00;Strada Urbana;VIA NOMENTANA;all'intersezione con;VIA ASMARA;VIA ASMARA;;;Scontro laterale fra veicoli in marcia;Intersezione semaforizzata;Una carreggiata a doppio senso;Asciutto;Asfaltata;Verticale ed orizzontale;Nuvoloso;Intenso;Buona;;0;0;0;2;12.5737;41.959;-1;1;Autovettura privata;In marcia / fermata / arresto;Conducente;F;Illeso;0;;;
5856872;2;07/03/2022 14:15:00;Strada Urbana;VIA NOMENTANA;all'intersezione con;VIA ASMARA;VIA ASMARA;;;Scontro laterale fra veicoli in marcia;Intersezione semaforizzata;Una carreggiata a doppio senso;Asciutto;Asfaltata;Verticale ed orizzontale;Nuvoloso;Intenso;Buona;;0;0;0;2;12.5737;41.959;-1;2;Motociclo a solo;In marcia / fermata / arresto;Conducente;M;Illeso;0;;Non accertato;
5856876;2;07/03/2022 19:15:00;Strada Urbana;VIALE MARESCIALLO PILSUDSKI;all'intersezione semaforizzata con;VIA GUIDUBALDO DEL MONTE;VIA GUIDUBALDO DEL MONTE;;;Tamponamento;Intersezione semaforizzata;Una carreggiata a doppio senso;Asciutto;Asfaltata;Verticale ed orizzontale;Sereno;Intenso;Buona;;0;0;0;2;12.4775;41.9286;-1;1;Autovettura privata;In marcia / fermata / arresto;Conducente;M;Illeso;0;;Non accertato;Inesploso
5856876;2;07/03/2022 19:15:00;Strada Urbana;VIALE MARESCIALLO PILSUDSKI;all'intersezione semaforizzata con;VIA GUIDUBALDO DEL MONTE;VIA GUIDUBALDO DEL MONTE;;;Tamponamento;Intersezione semaforizzata;Una carreggiata a doppio senso;Asciutto;Asfaltata;Verticale ed orizzontale;Sereno;Intenso;Buona;;0;0;0;2;12.4775;41.9286;-1;2;Quadriciclo;In marcia / fermata / arresto;Conducente;M;Illeso;0;;;
5856883;17;07/03/2022 14:50:00;Strada Urbana;VIA TRIONFALE;all'intersezione semaforizzata con;VIALE DEI CAVALIERI DI VITTORIO VENETO;VIALE DEI CAVALIERI DI VITTORIO VENETO;;;Scontro frontale/laterale SX fra veicoli in marcia;Intersezione semaforizzata;Una carreggiata a doppio senso;Asciutto;Asfaltata;Verticale ed orizzontale;Sereno;Normale;Buona;;1;0;0;1;12.4229;41.9409;-1;1;Autovettura privata;In marcia / fermata / arresto;Conducente;F;Illeso;0;;;
5856883;17;07/03/2022 14:50:00;Strada Urbana;VIA TRIONFALE;all'intersezione semaforizzata con;VIALE DEI CAVALIERI DI VITTORIO VENETO;VIALE DEI CAVALIERI DI VITTORIO VENETO;;;Scontro frontale/laterale SX fra veicoli in marcia;Intersezione semaforizzata;Una carreggiata a doppio senso;Asciutto;Asfaltata;Verticale ed orizzontale;Sereno;Normale;Buona;;1;0;0;1;12.4229;41.9409;-1;2;Motociclo a solo;In marcia / fermata / arresto;Conducente;M;Rimandato;0;NON DECEDUTO;;
5856887;2;07/03/2022 23:00:00;Strada Urbana;VIA PIETRO TACCHINI;in prossimità;;del civico n.;27;;Ribaltamento senza urto contro ostacolo fisso;Rettilineo;Una carreggiata a senso unico di marcia;Asciutto;Asfaltata;Verticale ed orizzontale;Sereno;Scarso;Sufficiente;;1;0;0;0;12.4848;41.9228;-1;1;Motociclo a solo;In marcia / fermata / arresto;Conducente;M;Rimandato;0;NON DECEDUTO;;
5856922;20;07/03/2022 21:25:00;Strada Urbana;VIA DEL FORO ITALICO;in prossimità;;del palo luce n.;59;;Tamponamento;Cavalcavia;Due carreggiate;Asciutto;Asfaltata;Orizzontale;Sereno;Normale;Buona;;0;0;0;2;12.4813;41.9402;-1;1;Autovettura privata;In marcia / fermata / arresto;Conducente;M;Illeso;0;;Non accertato;Inesploso
5856922;20;07/03/2022 21:25:00;Strada Urbana;VIA DEL FORO ITALICO;in prossimità;;del palo luce n.;59;;Tamponamento;Cavalcavia;Due carreggiate;Asciutto;Asfaltata;Orizzontale;Sereno;Normale;Buona;;0;0;0;2;12.4813;41.9402;-1;2;Motociclo a solo;In marcia / fermata / arresto;Conducente;M;Illeso;0;;Non accertato;
5856934;6;08/03/2022 09:35:00;Strada Urbana;VIA TOR DE' SCHIAVI;all'intersezione con;VIA DELLE PALME;VIA DELLE PALME;;;Scontro frontale/laterale SX fra veicoli in marcia;Incrocio;Due carreggiate;Asciutto;Asfaltata;Verticale;Sereno;Normale;Buona;;0;0;0;3;12.5614;41.8886;-1;1;Autovettura di polizia;In marcia / fermata / arresto;Conducente;M;Illeso;0;;Non accertato;Inesploso
5856934;6;08/03/2022 09:35:00;Strada Urbana;VIA TOR DE' SCHIAVI;all'intersezione con;VIA DELLE PALME;VIA DELLE PALME;;;Scontro frontale/laterale SX fra veicoli in marcia;Incrocio;Due carreggiate;Asciutto;Asfaltata;Verticale;Sereno;Normale;Buona;;0;0;0;3;12.5614;41.8886;-1;1;Autovettura di polizia;In marcia / fermata / arresto;Passeggero;M;Illeso;0;;Non accertato;Inesploso
5856934;6;08/03/2022 09:35:00;Strada Urbana;VIA TOR DE' SCHIAVI;all'intersezione con;VIA DELLE PALME;VIA DELLE PALME;;;Scontro frontale/laterale SX fra veicoli in marcia;Incrocio;Due carreggiate;Asciutto;Asfaltata;Verticale;Sereno;Normale;Buona;;0;0;0;3;12.5614;41.8886;-1;2;Autovettura privata;In marcia / fermata / arresto;Conducente;M;Illeso;0;;Non accertato;Inesploso
5856941;8;07/03/2022 14:15:00;Strada Urbana;VIA WALTER TOBAGI;da specificare;;;;ALTEZZA METRO C "TORRE MAURA";Scontro laterale fra veicoli in marcia;Rettilineo;Una carreggiata a senso unico di marcia;Asciutto;Asfaltata;Verticale ed orizzontale;Sereno;Normale;Buona;;0;0;0;5;12.5973;41.8753;-1;1;Autovettura privata;In marcia / fermata / arresto;Conducente;M;Illeso;0;;;
5856941;8;07/03/2022 14:15:00;Strada Urbana;VIA WALTER TOBAGI;da specificare;;;;ALTEZZA METRO C "TORRE MAURA";Scontro laterale fra veicoli in marcia;Rettilineo;Una carreggiata a senso unico di marcia;Asciutto;Asfaltata;Verticale ed orizzontale;Sereno;Normale;Buona;;0;0;0;5;12.5973;41.8753;-1;1;Autovettura privata;In marcia / fermata / arresto;Passeggero;F;Illeso;0;;Non accertato;Inesploso
5856941;8;07/03/2022 14:15:00;Strada Urbana;VIA WALTER TOBAGI;da specificare;;;;ALTEZZA METRO C "TORRE MAURA";Scontro laterale fra veicoli in marcia;Rettilineo;Una carreggiata a senso unico di marcia;Asciutto;Asfaltata;Verticale ed orizzontale;Sereno;Normale;Buona;;0;0;0;5;12.5973;41.8753;-1;2;Autovettura privata;In marcia / fermata / arresto;Conducente;M;Illeso;0;;Non accertato;Inesploso
5856941;8;07/03/2022 14:15:00;Strada Urbana;VIA WALTER TOBAGI;da specificare;;;;ALTEZZA METRO C "TORRE MAURA";Scontro laterale fra veicoli in marcia;Rettilineo;Una carreggiata a senso unico di marcia;Asciutto;Asfaltata;Verticale ed orizzontale;Sereno;Normale;Buona;;0;0;0;5;12.5973;41.8753;-1;2;Autovettura privata;In marcia / fermata / arresto;Passeggero;F;Illeso;0;;Non accertato;Inesploso
5856941;8;07/03/2022 14:15:00;Strada Urbana;VIA WALTER TOBAGI;da specificare;;;;ALTEZZA METRO C "TORRE MAURA";Scontro laterale fra veicoli in marcia;Rettilineo;Una carreggiata a senso unico di marcia;Asciutto;Asfaltata;Verticale ed orizzontale;Sereno;Normale;Buona;;0;0;0;5;12.5973;41.8753;-1;2;Autovettura privata;In marcia / fermata / arresto;Passeggero;F;Illeso;0;;Non accertato;Inesploso
5856963;4;07/03/2022 09:30:00;;VIA ROBERTO ROSSELLINI;da specificare;;;;f.c. 46;Veicolo in marcia che urta buche nella carreggiata;;;;;;;;;;0;0;0;1;12.5674;41.9497;0;1;Autovettura privata;In marcia / fermata / arresto;Conducente;F;Illeso;0;;;
5856978;9;08/03/2022 08:15:00;Strada Urbana;PIAZZA EPIRO;in prossimità;;del civico n.;12;;Veicolo in marcia contro veicolo in sosta;Rettilineo;Due carreggiate;Asciutto;Asfaltata;Verticale ed orizzontale;Sereno;Scarso;Buona;;0;0;0;1;12.503;41.8787;-1;1;Autovettura privata;In marcia / fermata / arresto;Conducente;M;Illeso;0;;Non accertato;Inesploso
5856978;9;08/03/2022 08:15:00;Strada Urbana;PIAZZA EPIRO;in prossimità;;del civico n.;12;;Veicolo in marcia contro veicolo in sosta;Rettilineo;Due carreggiate;Asciutto;Asfaltata;Verticale ed orizzontale;Sereno;Scarso;Buona;;0;0;0;1;12.503;41.8787;-1;2;Autovettura privata;Sosta;;;;;;;
5856980;10;08/03/2022 09:10:00;Strada Urbana;VIALE SPARTACO;da specificare;;;;altezza via curio dentato;Scontro laterale fra veicoli in marcia;Rettilineo;Una carreggiata a doppio senso;Asciutto;Asfaltata;Verticale ed orizzontale;Sereno;Normale;Buona;;0;0;0;2;12.5563;41.8574;-1;1;Autovettura privata;In marcia / fermata / arresto;Conducente;M;Illeso;0;;;Inesploso
5856980;10;08/03/2022 09:10:00;Strada Urbana;VIALE SPARTACO;da specificare;;;;altezza via curio dentato;Scontro laterale fra veicoli in marcia;Rettilineo;Una carreggiata a doppio senso;Asciutto;Asfaltata;Verticale ed orizzontale;Sereno;Normale;Buona;;0;0;0;2;12.5563;41.8574;-1;2;Autovettura privata;In marcia / fermata / arresto;Conducente;M;Illeso;0;;;Inesploso
5856990;3;07/03/2022 19:20:00;Strada Urbana;Tangenziale Est;da specificare;;;;dir. san giovanni prox. civico 430;Tamponamento Multiplo;Rettilineo;Una carreggiata a senso unico di marcia;Asciutto;Asfaltata;Verticale ed orizzontale;Sereno;Intenso;Sufficiente;;0;0;0;5;12.5279;41.9142;-1;1;Autovettura privata;In marcia / fermata / arresto;Conducente;M;Illeso;0;;;