Protocollo;Gruppo;DataOraIncidente;Localizzazione1;STRADA1;Localizzazione2;STRADA2;Strada02;Chilometrica;DaSpecificare;NaturaIncidente;particolaritastrade;TipoStrada;FondoStradale;Pavimentazione;Segnaletica;CondizioneAtmosferica;Traffico;Visibilita;Illuminazione;NUM_FERITI;NUM_RISERVATA;NUM_MORTI;NUM_ILLESI;Longitude;Latitude;Confermato;Progressivo;TipoVeicolo;StatoVeicolo;TipoPersona;Sesso;Tipolesione;Deceduto;DecedutoDopo;CinturaCascoUtilizzato;Airbag;
5857443;1;08/03/2022 10:55:00;Strada Urbana;VIA DELLE QUATTRO FONTANE;all'intersezione semaforizzata con;VIA VENTI SETTEMBRE;VIA VENTI SETTEMBRE;;;Scontro frontale/laterale DX fra veicoli in marcia;Intersezione semaforizzata;Una carreggiata a senso unico di marcia;Asciutto;In cubetti di porfido;Verticale ed orizzontale;Sereno;Normale;Buona;;0;0;0;2;12.4906;41.902;-1;1;Autovettura privata;In marcia / fermata / arresto;Conducente;F;Illeso;0;;;
5857443;1;08/03/2022 10:55:00;Strada Urbana;VIA DELLE QUATTRO FONTANE;all'intersezione semaforizzata con;VIA VENTI SETTEMBRE;VIA VENTI SETTEMBRE;;;Scontro frontale/laterale DX fra veicoli in marcia;Intersezione semaforizzata;Una carreggiata a senso unico di marcia;Asciutto;In cubetti di porfido;Verticale ed orizzontale;Sereno;Normale;Buona;;0;0;0;2;12.4906;41.902;-1;2;Ciclomotore;In marcia / fermata / arresto;Conducente;M;Illeso;0;;;
5857448;16;06/03/2022 20:50:00;Strada Urbana;VIA DELLA MURATELLA;da specificare;;;;fronte palo ACEA n. 3;Scontro frontale fra veicoli in marcia;Rettilineo;Una carreggiata a senso unico alternato;Asciutto;Asfaltata;Orizzontale;Sereno;Normale;Buona;;3;0;0;1;12.2585;41.8576;-1;1;Autovettura privata;In marcia / fermata / arresto;Conducente;M;Illeso;0;;Non accertato;
5857448;16;06/03/2022 20:50:00;Strada Urbana;VIA DELLA MURATELLA;da specificare;;;;fronte palo ACEA n. 3;Scontro frontale fra veicoli in marcia;Rettilineo;Una carreggiata a senso unico alternato;Asciutto;Asfaltata;Orizzontale;Sereno;Normale;Buona;;3;0;0;1;12.2585;41.8576;-1;1;Autovettura privata;In marcia / fermata / arresto;Passeggero;F;Rimandato;0;NON DECEDUTO;Non accertato;
5857448;16;06/03/2022 20:50:00;Strada Urbana;VIA DELLA MURATELLA;da specificare;;;;fronte palo ACEA n. 3;Scontro frontale fra veicoli in marcia;Rettilineo;Una carreggiata a senso unico alternato;Asciutto;Asfaltata;Orizzontale;Sereno;Normale;Buona;;3;0;0;1;12.2585;41.8576;-1;1;Autovettura privata;In marcia / fermata / arresto;Passeggero;M;Rimandato;0;NON DECEDUTO;Non accertato;
5857448;16;06/03/2022 20:50:00;Strada Urbana;VIA DELLA MURATELLA;da specificare;;;;fronte palo ACEA n. 3;Scontro frontale fra veicoli in marcia;Rettilineo;Una carreggiata a senso unico alternato;Asciutto;Asfaltata;Orizzontale;Sereno;Normale;Buona;;3;0;0;1;12.2585;41.8576;-1;2;Autovettura privata;In marcia / fermata / arresto;Conducente;M;Rimandato;0;NON DECEDUTO;Non accertato;
5857488;16;07/03/2022 06:50:00;;VIA DI MONTE VERDE;all'intersezione con;PIAZZALE ENRICO DUNANT;PIAZZALE ENRICO DUNANT;;;Veicolo in marcia contro veicoli in arresto;;;;;;;;;;0;0;0;2;12.4492;41.8712;0;1;Motociclo a solo;In marcia / fermata / arresto;Conducente;M;Illeso;0;;;
5857488;16;07/03/2022 06:50:00;;VIA DI MONTE VERDE;all'intersezione con;PIAZZALE ENRICO DUNANT;PIAZZALE ENRICO DUNANT;;;Veicolo in marcia contro veicoli in arresto;;;;;;;;;;0;0;0;2;12.4492;41.8712;0;2;Autovettura privata;In marcia / fermata / arresto;Conducente;M;Illeso;0;;;
5857565;12;08/03/2022 10:15:00;Strada Urbana;VIA LAURENTINA;da specificare;;;;fronte civico 552;Tamponamento;Rettilineo;Due carreggiate;Asciutto;Asfaltata;Verticale ed orizzontale;Sereno;Normale;Buona;;0;0;0;2;12.4856;41.8103;-1;1;Autovettura privata;In marcia / fermata / arresto;Conducente;F;Illeso;0;;Utilizzato;Inesploso
5857565;12;08/03/2022 10:15:00;Strada Urbana;VIA LAURENTINA;da specificare;;;;fronte civico 552;Tamponamento;Rettilineo;Due carreggiate;Asciutto;Asfaltata;Verticale ed orizzontale;Sereno;Normale;Buona;;0;0;0;2;12.4856;41.8103;-1;2;Autocarro inferiore 35 q.;In marcia / fermata / arresto;Conducente;M;Illeso;0;;Utilizzato;Inesploso
5857633;16;07/03/2022 10:15:00;;VIA LUDOVICA ALBERTONI;in corrispondenza;;del civico n.;50;;Scontro frontale/laterale SX fra veicoli in marcia;;;;;;;;;;1;0;0;1;12.4437;41.8783;0;1;Autovettura privata;In marcia / fermata / arresto;Conducente;F;Rimandato;0;NON DECEDUTO;;
5857633;16;07/03/2022 10:15:00;;VIA LUDOVICA ALBERTONI;in corrispondenza;;del civico n.;50;;Scontro frontale/laterale SX fra veicoli in marcia;;;;;;;;;;1;0;0;1;12.4437;41.8783;0;2;Autovettura privata;In marcia / fermata / arresto;Conducente;M;Illeso;0;;;
5857655;17;07/03/2022 21:45:00;Strada Urbana;VIA TRIONFALE;all'intersezione con;VIA MACCHIA DELL'INSUGHERATA;VIA MACCHIA DELL'INSUGHERATA;;;Veicolo in marcia contro ostacolo accidentale;Incrocio;Una carreggiata a doppio senso;Asciutto;Asfaltata;Verticale ed orizzontale;Sereno;Intenso;Sufficiente;;0;0;0;1;12.4123;41.9553;-1;1;Autovettura privata;In marcia / fermata / arresto;Conducente;M;Illeso;0;;;
5857667;16;07/03/2022 17:00:00;Strada Urbana;VIA MARCELLO PIACENTINI;all'intersezione con;VIA MARIO RIDOLFI;VIA MARIO RIDOLFI;;;Tamponamento;Incrocio;Una carreggiata a senso unico di marcia;Asciutto;Asfaltata;Verticale ed orizzontale;Sereno;Normale;Buona;;0;0;0;3;12.4109;41.8702;-1;1;Autovettura privata;In marcia / fermata / arresto;Conducente;M;Illeso;0;;Non accertato;Inesploso
5857667;16;07/03/2022 17:00:00;Strada Urbana;VIA MARCELLO PIACENTINI;all'intersezione con;VIA MARIO RIDOLFI;VIA MARIO RIDOLFI;;;Tamponamento;Incrocio;Una carreggiata a senso unico di marcia;Asciutto;Asfaltata;Verticale ed orizzontale;Sereno;Normale;Buona;;0;0;0;3;12.4109;41.8702;-1;2;Motociclo a solo;In marcia / fermata / arresto;Conducente;M;Illeso;0;;Non accertato;
5857667;16;07/03/2022 17:00:00;Strada Urbana;VIA MARCELLO PIACENTINI;all'intersezione con;VIA MARIO RIDOLFI;VIA MARIO RIDOLFI;;;Tamponamento;Incrocio;Una carreggiata a senso unico di marcia;Asciutto;Asfaltata;Verticale ed orizzontale;Sereno;Normale;Buona;;0;0;0;3;12.4109;41.8702;-1;2;Motociclo a solo;In marcia / fermata / arresto;Passeggero;F;Illeso;0;;Non accertato;
5857732;6;08/03/2022 16:15:00;Strada Urbana;VIALE DELLA SERENISSIMA;in corrispondenza;;del civico n.;141;;Tamponamento;Pendenza;Due carreggiate;Asciutto;Asfaltata;Verticale ed orizzontale;Sereno;Intenso;Buona;;0;0;0;2;12.5586;41.8976;-1;1;Autovettura privata;In marcia / fermata / arresto;Conducente;M;Illeso;0;;Non accertato;Inesploso
5857732;6;08/03/2022 16:15:00;Strada Urbana;VIALE DELLA SERENISSIMA;in corrispondenza;;del civico n.;141;;Tamponamento;Pendenza;Due carreggiate;Asciutto;Asfaltata;Verticale ed orizzontale;Sereno;Intenso;Buona;;0;0;0;2;12.5586;41.8976;-1;2;Autovettura privata;In marcia / fermata / arresto;Conducente;M;Illeso;0;;;
5857793;17;08/03/2022 09:55:00;Strada Urbana;VIALE DELLE MILIZIE;in prossimità;;del civico n.;3B;;Investimento di pedone;Rettilineo;Più di due carreggiate;Asciutto;Asfaltata;Verticale ed orizzontale;Sereno;Normale;Buona;;0;0;0;2;12.4668;41.9131;0;;;;Pedone;F;Illeso;0;;;
5857793;17;08/03/2022 09:55:00;Strada Urbana;VIALE DELLE MILIZIE;in prossimità;;del civico n.;3B;;Investimento di pedone;Rettilineo;Più di due carreggiate;Asciutto;Asfaltata;Verticale ed orizzontale;Sereno;Normale;Buona;;0;0;0;2;12.4668;41.9131;0;1;Velocipede;In marcia / fermata / arresto;Conducente;F;Illeso;0;;Esente;
5857853;6;08/03/2022 16:30:00;Strada Urbana;VIA PRENESTINA;all'intersezione semaforizzata con;VIA GIROLAMO COCCONI;VIA GIROLAMO COCCONI;;;Scontro laterale fra veicoli in marcia;Intersezione semaforizzata;Più di due carreggiate;Asciutto;Asfaltata;Verticale ed orizzontale;Sereno;Normale;Buona;;0;0;0;3;12.5631;41.895;-1;1;Autocarro inferiore 35 q.;In marcia / fermata / arresto;Conducente;M;Illeso;0;;;
5857853;6;08/03/2022 16:30:00;Strada Urbana;VIA PRENESTINA;all'intersezione semaforizzata con;VIA GIROLAMO COCCONI;VIA GIROLAMO COCCONI;;;Scontro laterale fra veicoli in marcia;Intersezione semaforizzata;Più di due carreggiate;Asciutto;Asfaltata;Verticale ed orizzontale;Sereno;Normale;Buona;;0;0;0;3;12.5631;41.895;-1;1;Autocarro inferiore 35 q.;In marcia / fermata / arresto;Passeggero;M;Illeso;0;;;
5857853;6;08/03/2022 16:30:00;Strada Urbana;VIA PRENESTINA;all'intersezione semaforizzata con;VIA GIROLAMO COCCONI;VIA GIROLAMO COCCONI;;;Scontro laterale fra veicoli in marcia;Intersezione semaforizzata;Più di due carreggiate;Asciutto;Asfaltata;Verticale ed orizzontale;Sereno;Normale;Buona;;0;0;0;3;12.5631;41.895;-1;2;Autovettura privata;In marcia / fermata / arresto;Conducente;M;Illeso;0;;Non accertato;Inesploso
5857985;6;08/03/2022 19:00:00;Strada Urbana;VIA PRENESTINA;in corrispondenza;;del civico n.;248;;Investimento di pedone;Rettilineo;Più di due carreggiate;Asciutto;Asfaltata;Verticale ed orizzontale;Sereno;Normale;Sufficiente;;1;0;0;1;12.542;41.8927;-1;;;;Pedone;M;Rimandato;0;NON DECEDUTO;;
5857985;6;08/03/2022 19:00:00;Strada Urbana;VIA PRENESTINA;in corrispondenza;;del civico n.;248;;Investimento di pedone;Rettilineo;Più di due carreggiate;Asciutto;Asfaltata;Verticale ed orizzontale;Sereno;Normale;Sufficiente;;1;0;0;1;12.542;41.8927;-1;1;Autovettura pubblica;In marcia / fermata / arresto;Conducente;M;Illeso;0;;Non accertato;Inesploso
5858010;10;08/03/2022 19:15:00;Statale entro l'abitato;VIA APPIA NUOVA;in prossimità;;del palo luce n.;306;;Tamponamento Multiplo;Rettilineo;Due carreggiate;Asciutto;Asfaltata;Verticale ed orizzontale;Sereno;Normale;Sufficiente;;1;0;0;2;12.5495;41.8501;-1;1;Autovettura privata;In marcia / fermata / arresto;Conducente;M;Illeso;0;;Non accertato;Inesploso
5858010;10;08/03/2022 19:15:00;Statale entro l'abitato;VIA APPIA NUOVA;in prossimità;;del palo luce n.;306;;Tamponamento Multiplo;Rettilineo;Due carreggiate;Asciutto;Asfaltata;Verticale ed orizzontale;Sereno;Normale;Sufficiente;;1;0;0;2;12.5495;41.8501;-1;2;Autovettura privata;In marcia / fermata / arresto;Conducente;M;Illeso;0;;Non accertato;Inesploso
5858010;10;08/03/2022 19:15:00;Statale entro l'abitato;VIA APPIA NUOVA;in prossimità;;del palo luce n.;306;;Tamponamento Multiplo;Rettilineo;Due carreggiate;Asciutto;Asfaltata;Verticale ed orizzontale;Sereno;Normale;Sufficiente;;1;0;0;2;12.5495;41.8501;-1;3;Autovettura privata;In marcia / fermata / arresto;Conducente;M;Rimandato;0;NON DECEDUTO;Non accertato;Inesploso
5858063;12;08/03/2022 20:00:00;Provinciale;VIA OSTIENSE;da specificare;;;;altezza rampa gra direzione ostia;Investimento di pedone;Rettilineo;Una carreggiata a senso unico di marcia;Asciutto;Asfaltata;Verticale ed orizzontale;Sereno;Normale;Insufficiente;;1;0;0;1;12.4229;41.8109;-1;;;;Pedone;M;Rimandato;0;NON DECEDUTO;;
5858063;12;08/03/2022 20:00:00;Provinciale;VIA OSTIENSE;da specificare;;;;altezza rampa gra direzione ostia;Investimento di pedone;Rettilineo;Una carreggiata a senso unico di marcia;Asciutto;Asfaltata;Verticale ed orizzontale;Sereno;Normale;Insufficiente;;1;0;0;1;12.4229;41.8109;-1;1;Motociclo a solo;In marcia / fermata / arresto;Conducente;M;Illeso;0;;Non accertato;
5858190;8;08/03/2022 09:45:00;Strada Urbana;VIA REALMONTE;all'intersezione con;VIA BIANCAVILLA;VIA BIANCAVILLA;;;Scontro laterale fra veicoli in marcia;Incrocio;Una carreggiata a senso unico di marcia;Asciutto;Asfaltata;Verticale;Sereno;Normale;Buona;;1;0;0;1;12.6694;41.8647;-1;1;Autocarro inferiore 35 q.;In marcia / fermata / arresto;Conducente;M;Illeso;0;;Non accertato;Inesploso
5858190;8;08/03/2022 09:45:00;Strada Urbana;VIA REALMONTE;all'intersezione con;VIA BIANCAVILLA;VIA BIANCAVILLA;;;Scontro laterale fra veicoli in marcia;Incrocio;Una carreggiata a senso unico di marcia;Asciutto;Asfaltata;Verticale;Sereno;Normale;Buona;;1;0;0;1;12.6694;41.8647;-1;2;Autovettura privata;In marcia / fermata / arresto;Conducente;M;Rifiuta cure immediate;0;NON DECEDUTO;Non accertato;Inesploso
5858195;5;08/03/2022 07:00:00;Strada Urbana;VIALE DEL TECNOPOLO;da specificare;;;;discesa A24 uscita Settecamini;Scontro frontale fra veicoli in marcia;Curva senza visuale libera;Più di due carreggiate;Asciutto;Asfaltata;Verticale ed orizzontale;Sereno;Normale;Buona;;1;0;0;1;12.6441;41.9263;-1;1;Autovettura privata;In marcia / fermata / arresto;Conducente;F;Rimandato;0;NON DECEDUTO;;
5858195;5;08/03/2022 07:00:00;Strada Urbana;VIALE DEL TECNOPOLO;da specificare;;;;discesa A24 uscita Settecamini;Scontro frontale fra veicoli in marcia;Curva senza visuale libera;Più di due carreggiate;Asciutto;Asfaltata;Verticale ed orizzontale;Sereno;Normale;Buona;;1;0;0;1;12.6441;41.9263;-1;2;Autocarro inferiore 35 q.;In marcia / fermata / arresto;Conducente;M;Illeso;0;;;
5858197;8;08/03/2022 09:50:00;Strada Urbana;VIA CASILINA;in prossimità;;del civico n.;1746;;Investimento di pedone;Rettilineo;Una carreggiata a doppio senso;Asciutto;Asfaltata;Orizzontale;Sereno;Normale;Buona;;1;0;0;0;12.6647;41.864;0;;;;Pedone;M;Rifiuta cure immediate;0;NON DECEDUTO;;
5858197;8;08/03/2022 09:50:00;Strada Urbana;VIA CASILINA;in prossimità;;del civico n.;1746;;Investimento di pedone;Rettilineo;Una carreggiata a doppio senso;Asciutto;Asfaltata;Orizzontale;Sereno;Normale;Buona;;1;0;0;0;12.6647;41.864;0;1;Autovettura privata;In marcia / fermata / arresto;;;;;;;
5858206;8;08/03/2022 14:30:00;Strada Urbana;VIA DI TORRENOVA;in corrispondenza;;del civico n.;261;;Scontro laterale fra veicoli in marcia;Rettilineo;Una carreggiata a doppio senso;Asciutto;Asfaltata;Verticale ed orizzontale;Sereno;Normale;Buona;;0;0;0;2;12.6174;41.8805;-1;1;Autovettura privata;In marcia / fermata / arresto;Conducente;M;Illeso;0;;Non accertato;Inesploso
5858206;8;08/03/2022 14:30:00;Strada Urbana;VIA DI TORRENOVA;in corrispondenza;;del civico n.;261;;Scontro laterale fra veicoli in marcia;Rettilineo;Una carreggiata a doppio senso;Asciutto;Asfaltata;Verticale ed orizzontale;Sereno;Normale;Buona;;0;0;0;2;12.6174;41.8805;-1;2;Autovettura privata;In marcia / fermata / arresto;Conducente;M;Illeso;0;;Non accertato;Inesploso
5858211;8;08/03/2022 15:50:00;Strada Urbana;VIA DEL FOSSO SCILICINO;in corrispondenza;;del civico n.;21;;Scontro frontale fra veicoli in marcia;Rettilineo;Una carreggiata a doppio senso;Asciutto;Asfaltata;Orizzontale;Sereno;Normale;Buona;;4;0;0;1;12.683;41.903;-1;1;Autovettura privata;In marcia / fermata / arresto;Conducente;M;Rimandato;0;NON DECEDUTO;;
5858211;8;08/03/2022 15:50:00;Strada Urbana;VIA DEL FOSSO SCILICINO;in corrispondenza;;del civico n.;21;;Scontro frontale fra veicoli in marcia;Rettilineo;Una carreggiata a doppio senso;Asciutto;Asfaltata;Orizzontale;Sereno;Normale;Buona;;4;0;0;1;12.683;41.903;-1;2;Autovettura privata;In marcia / fermata / arresto;Conducente;M;Rimandato;0;NON DECEDUTO;;
5858211;8;08/03/2022 15:50:00;Strada Urbana;VIA DEL FOSSO SCILICINO;in corrispondenza;;del civico n.;21;;Scontro frontale fra veicoli in marcia;Rettilineo;Una carreggiata a doppio senso;Asciutto;Asfaltata;Orizzontale;Sereno;Normale;Buona;;4;0;0;1;12.683;41.903;-1;3;Autovettura privata;In marcia / fermata / arresto;Conducente;M;Rimandato;0;NON DECEDUTO;;
5858211;8;08/03/2022 15:50:00;Strada Urbana;VIA DEL FOSSO SCILICINO;in corrispondenza;;del civico n.;21;;Scontro frontale fra veicoli in marcia;Rettilineo;Una carreggiata a doppio senso;Asciutto;Asfaltata;Orizzontale;Sereno;Normale;Buona;;4;0;0;1;12.683;41.903;-1;3;Autovettura privata;In marcia / fermata / arresto;Passeggero;F;Rimandato;0;NON DECEDUTO;;
5858211;8;08/03/2022 15:50:00;Strada Urbana;VIA DEL FOSSO SCILICINO;in corrispondenza;;del civico n.;21;;Scontro frontale fra veicoli in marcia;Rettilineo;Una carreggiata a doppio senso;Asciutto;Asfaltata;Orizzontale;Sereno;Normale;Buona;;4;0;0;1;12.683;41.903;-1;4;Autovettura privata;In marcia / fermata / arresto;Conducente;M;Illeso;0;;;
5858217;8;08/03/2022 19:20:00;Strada Urbana;VIALE DELLA SORBONA;in prossimità;;del palo luce n.;57;;Scontro laterale fra veicoli in marcia;Rettilineo;Una carreggiata a senso unico di marcia;Asciutto;Asfaltata;Verticale ed orizzontale;Sereno;Normale;Buona;;0;0;0;2;12.6121;41.8546;-1;1;Autovettura privata;In marcia / fermata / arresto;Conducente;M;Illeso;0;;Non accertato;Inesploso
5858217;8;08/03/2022 19:20:00;Strada Urbana;VIALE DELLA SORBONA;in prossimità;;del palo luce n.;57;;Scontro laterale fra veicoli in marcia;Rettilineo;Una carreggiata a senso unico di marcia;Asciutto;Asfaltata;Verticale ed orizzontale;Sereno;Normale;Buona;;0;0;0;2;12.6121;41.8546;-1;2;Autovettura privata;In marcia / fermata / arresto;Conducente;M;Illeso;0;;Non accertato;Inesploso
5858219;12;08/03/2022 17:55:00;Strada Urbana;VIA DOMENICO SANSOTTA;da specificare;;;;in prossimità Piazza Mazon;Tamponamento;Curva a visuale libera;Due carreggiate;Asciutto;Asfaltata;Verticale ed orizzontale;Sereno;Normale;Buona;;0;0;0;2;12.4367;41.8178;-1;1;Autobus urbano;In marcia / fermata / arresto;Conducente;M;Illeso;0;;Utilizzato;Inesploso
5858219;12;08/03/2022 17:55:00;Strada Urbana;VIA DOMENICO SANSOTTA;da specificare;;;;in prossimità Piazza Mazon;Tamponamento;Curva a visuale libera;Due carreggiate;Asciutto;Asfaltata;Verticale ed orizzontale;Sereno;Normale;Buona;;0;0;0;2;12.4367;41.8178;-1;2;Autovettura privata;In marcia / fermata / arresto;Conducente;F;Illeso;0;;Utilizzato;Inesploso
5858222;5;08/03/2022 08:20:00;Strada Urbana;VIA SPINOZA;in corrispondenza;;del civico n.;20;;Tamponamento;Rettilineo;Una carreggiata a senso unico di marcia;Asciutto;Strada pavimentata dissestata;Assente;Sereno;Normale;Buona;;2;0;0;3;12.5543;41.9367;-1;1;Autovettura privata;In marcia / fermata / arresto;Conducente;M;Illeso;0;;Non accertato;
5858222;5;08/03/2022 08:20:00;Strada Urbana;VIA SPINOZA;in corrispondenza;;del civico n.;20;;Tamponamento;Rettilineo;Una carreggiata a senso unico di marcia;Asciutto;Strada pavimentata dissestata;Assente;Sereno;Normale;Buona;;2;0;0;3;12.5543;41.9367;-1;1;Autovettura privata;In marcia / fermata / arresto;Passeggero;M;Illeso;0;;Non accertato;
5858222;5;08/03/2022 08:20:00;Strada Urbana;VIA SPINOZA;in corrispondenza;;del civico n.;20;;Tamponamento;Rettilineo;Una carreggiata a senso unico di marcia;Asciutto;Strada pavimentata dissestata;Assente;Sereno;Normale;Buona;;2;0;0;3;12.5543;41.9367;-1;1;Autovettura privata;In marcia / fermata / arresto;Passeggero;M;Illeso;0;;Non accertato;
5858222;5;08/03/2022 08:20:00;Strada Urbana;VIA SPINOZA;in corrispondenza;;del civico n.;20;;Tamponamento;Rettilineo;Una carreggiata a senso unico di marcia;Asciutto;Strada pavimentata dissestata;Assente;Sereno;Normale;Buona;;2;0;0;3;12.5543;41.9367;-1;2;Autovettura privata;In marcia / fermata / arresto;Conducente;F;Rimandato;0;NON DECEDUTO;Non accertato;
5858222;5;08/03/2022 08:20:00;Strada Urbana;VIA SPINOZA;in corrispondenza;;del civico n.;20;;Tamponamento;Rettilineo;Una carreggiata a senso unico di marcia;Asciutto;Strada pavimentata dissestata;Assente;Sereno;Normale;Buona;;2;0;0;3;12.5543;41.9367;-1;2;Autovettura privata;In marcia / fermata / arresto;Passeggero;F;Rimandato;0;NON DECEDUTO;Non accertato;
5858232;11;08/03/2022 16:10:00;Strada Urbana;VIA ARDEATINA;in corrispondenza;;del civico n.;950;;Scontro laterale fra veicoli in marcia;Rettilineo;Una carreggiata a doppio senso;Asciutto;Asfaltata;Verticale ed orizzontale;Sereno;Intenso;Buona;;0;0;0;3;12.5346;41.7963;-1;1;Autocarro inferiore 35 q.;In marcia / fermata / arresto;Conducente;M;Illeso;0;;;
5858232;11;08/03/2022 16:10:00;Strada Urbana;VIA ARDEATINA;in corrispondenza;;del civico n.;950;;Scontro laterale fra veicoli in marcia;Rettilineo;Una carreggiata a doppio senso;Asciutto;Asfaltata;Verticale ed orizzontale;Sereno;Intenso;Buona;;0;0;0;3;12.5346;41.7963;-1;1;Autocarro inferiore 35 q.;In marcia / fermata / arresto;Passeggero;M;Illeso;0;;;
5858232;11;08/03/2022 16:10:00;Strada Urbana;VIA ARDEATINA;in corrispondenza;;del civico n.;950;;Scontro laterale fra veicoli in marcia;Rettilineo;Una carreggiata a doppio senso;Asciutto;Asfaltata;Verticale ed orizzontale;Sereno;Intenso;Buona;;0;0;0;3;12.5346;41.7963;-1;2;Autovettura privata;In marcia / fermata / arresto;Conducente;F;Illeso;0;;;
5858238;15;08/03/2022 13:00:00;Strada Urbana;VIA DELLA MAGLIANA;da specificare;;;;palo ACEA n.342;Tamponamento Multiplo;Rettilineo;Una carreggiata a doppio senso;Asciutto;Asfaltata;Verticale ed orizzontale;Sereno;Normale;Buona;;2;0;0;2;12.4196;41.8317;-1;1;Autovettura privata;In marcia / fermata / arresto;Conducente;F;Rimandato;0;NON DECEDUTO;Non accertato;Inesploso
5858238;15;08/03/2022 13:00:00;Strada Urbana;VIA DELLA MAGLIANA;da specificare;;;;palo ACEA n.342;Tamponamento Multiplo;Rettilineo;Una carreggiata a doppio senso;Asciutto;Asfaltata;Verticale ed orizzontale;Sereno;Normale;Buona;;2;0;0;2;12.4196;41.8317;-1;2;Autocarro inferiore 35 q.;In marcia / fermata / arresto;Conducente;M;Illeso;0;;Non accertato;Inesploso
5858238;15;08/03/2022 13:00:00;Strada Urbana;VIA DELLA MAGLIANA;da specificare;;;;palo ACEA n.342;Tamponamento Multiplo;Rettilineo;Una carreggiata a doppio senso;Asciutto;Asfaltata;Verticale ed orizzontale;Sereno;Normale;Buona;;2;0;0;2;12.4196;41.8317;-1;3;Autovettura privata;In marcia / fermata / arresto;Conducente;M;Illeso;0;;Non accertato;Inesploso
5858238;15;08/03/2022 13:00:00;Strada Urbana;VIA DELLA MAGLIANA;da specificare;;;;palo ACEA n.342;Tamponamento Multiplo;Rettilineo;Una carreggiata a doppio senso;Asciutto;Asfaltata;Verticale ed orizzontale;Sereno;Normale;Buona;;2;0;0;2;12.4196;41.8317;-1;3;Autovettura privata;In marcia / fermata / arresto;Passeggero;M;Rifiuta cure immediate;0;NON DECEDUTO;;
5858243;8;08/03/2022 13:00:00;Strada Urbana;VIA CASILINA;da specificare;;;;altezza VIA SILICELLA;Tamponamento Multiplo;Rettilineo;Una carreggiata a doppio senso;Asciutto;Asfaltata;Verticale ed orizzontale;Sereno;Intenso;Buona;;1;0;0;8;12.5987;41.8658;-1;1;Autovettura privata;In marcia / fermata / arresto;Conducente;M;Illeso;0;;Non accertato;Inesploso
5858243;8;08/03/2022 13:00:00;Strada Urbana;VIA CASILINA;da specificare;;;;altezza VIA SILICELLA;Tamponamento Multiplo;Rettilineo;Una carreggiata a doppio senso;Asciutto;Asfaltata;Verticale ed orizzontale;Sereno;Intenso;Buona;;1;0;0;8;12.5987;41.8658;-1;1;Autovettura privata;In marcia / fermata / arresto;Passeggero;F;Illeso;0;;Non accertato;Inesploso
5858243;8;08/03/2022 13:00:00;Strada Urbana;VIA CASILINA;da specificare;;;;altezza VIA SILICELLA;Tamponamento Multiplo;Rettilineo;Una carreggiata a doppio senso;Asciutto;Asfaltata;Verticale ed orizzontale;Sereno;Intenso;Buona;;1;0;0;8;12.5987;41.8658;-1;2;Autovettura privata;In marcia / fermata / arresto;Conducente;M;Illeso;0;;Non accertato;Inesploso
5858243;8;08/03/2022 13:00:00;Strada Urbana;VIA CASILINA;da specificare;;;;altezza VIA SILICELLA;Tamponamento Multiplo;Rettilineo;Una carreggiata a doppio senso;Asciutto;Asfaltata;Verticale ed orizzontale;Sereno;Intenso;Buona;;1;0;0;8;12.5987;41.8658;-1;2;Autovettura privata;In marcia / fermata / arresto;Passeggero;M;Illeso;0;;Non accertato;Inesploso
5858243;8;08/03/2022 13:00:00;Strada Urbana;VIA CASILINA;da specificare;;;;altezza VIA SILICELLA;Tamponamento Multiplo;Rettilineo;Una carreggiata a doppio senso;Asciutto;Asfaltata;Verticale ed orizzontale;Sereno;Intenso;Buona;;1;0;0;8;12.5987;41.8658;-1;3;Autovettura privata;In marcia / fermata / arresto;Conducente;F;Illeso;0;;Non accertato;Inesploso
5858243;8;08/03/2022 13:00:00;Strada Urbana;VIA CASILINA;da specificare;;;;altezza VIA SILICELLA;Tamponamento Multiplo;Rettilineo;Una carreggiata a doppio senso;Asciutto;Asfaltata;Verticale ed orizzontale;Sereno;Intenso;Buona;;1;0;0;8;12.5987;41.8658;-1;3;Autovettura privata;In marcia / fermata / arresto;Passeggero;F;Illeso;0;;Non accertato;Inesploso
5858243;8;08/03/2022 13:00:00;Strada Urbana;VIA CASILINA;da specificare;;;;altezza VIA SILICELLA;Tamponamento Multiplo;Rettilineo;Una carreggiata a doppio senso;Asciutto;Asfaltata;Verticale ed orizzontale;Sereno;Intenso;Buona;;1;0;0;8;12.5987;41.8658;-1;3;Autovettura privata;In marcia / fermata / arresto;Passeggero;F;Illeso;0;;Non accertato;Inesploso
5858243;8;08/03/2022 13:00:00;Strada Urbana;VIA CASILINA;da specificare;;;;altezza VIA SILICELLA;Tamponamento Multiplo;Rettilineo;Una carreggiata a doppio senso;Asciutto;Asfaltata;Verticale ed orizzontale;Sereno;Intenso;Buona;;1;0;0;8;12.5987;41.8658;-1;3;Autovettura privata;In marcia / fermata / arresto;Passeggero;M;Illeso;0;;Non accertato;Inesploso