Protocollo;Gruppo;DataOraIncidente;Localizzazione1;STRADA1;Localizzazione2;STRADA2;Strada02;Chilometrica;DaSpecificare;NaturaIncidente;particolaritastrade;TipoStrada;FondoStradale;Pavimentazione;Segnaletica;CondizioneAtmosferica;Traffico;Visibilita;Illuminazione;NUM_FERITI;NUM_RISERVATA;NUM_MORTI;NUM_ILLESI;Longitude;Latitude;Confermato;Progressivo;TipoVeicolo;StatoVeicolo;TipoPersona;Sesso;Tipolesione;Deceduto;DecedutoDopo;CinturaCascoUtilizzato;Airbag;
5860266;11;10/03/2022 08:20:00;Strada Urbana;VIALE LEONARDO DA VINCI;in prossimità;;del civico n.;94;;Veicolo in marcia contro veicolo fermo;Rettilineo;Due carreggiate;Asciutto;Asfaltata;Verticale ed orizzontale;Sereno;Normale;Buona;;0;0;0;3;12.4807;41.8584;-1;1;Autovettura privata;In marcia / fermata / arresto;Passeggero;M;Illeso;0;;Non accertato;Inesploso
5860266;11;10/03/2022 08:20:00;Strada Urbana;VIALE LEONARDO DA VINCI;in prossimità;;del civico n.;94;;Veicolo in marcia contro veicolo fermo;Rettilineo;Due carreggiate;Asciutto;Asfaltata;Verticale ed orizzontale;Sereno;Normale;Buona;;0;0;0;3;12.4807;41.8584;-1;2;Autovettura privata;In marcia / fermata / arresto;Conducente;M;Illeso;0;;Non accertato;Inesploso
5860273;19;09/03/2022 19:40:00;Strada Urbana;VIA PRISCIANO;in corrispondenza;;del civico n.;8;;Scontro frontale/laterale SX fra veicoli in marcia;Rettilineo;Una carreggiata a doppio senso;Asciutto;Asfaltata;Orizzontale;Sereno;Normale;Sufficiente;;0;0;0;2;12.4462;41.9242;-1;1;Motociclo a solo;In marcia / fermata / arresto;Conducente;M;Illeso;0;;Non accertato;
5860273;19;09/03/2022 19:40:00;Strada Urbana;VIA PRISCIANO;in corrispondenza;;del civico n.;8;;Scontro frontale/laterale SX fra veicoli in marcia;Rettilineo;Una carreggiata a doppio senso;Asciutto;Asfaltata;Orizzontale;Sereno;Normale;Sufficiente;;0;0;0;2;12.4462;41.9242;-1;2;Quadriciclo leggero;In marcia / fermata / arresto;Conducente;F;Illeso;0;;Non accertato;Inesploso
5860274;1;10/03/2022 06:45:00;Strada Urbana;VIA DI PORTA MAGGIORE;all'intersezione con;VIA PIETRO MICCA;VIA PIETRO MICCA;;;Scontro frontale/laterale SX fra veicoli in marcia;Incrocio;Più di due carreggiate;Asciutto;Asfaltata;Verticale ed orizzontale;Sereno;Normale;Buona;;1;0;0;1;12.5127;41.8923;-1;1;Motociclo a solo;In marcia / fermata / arresto;Conducente;M;Illeso;0;;Non accertato;
5860274;1;10/03/2022 06:45:00;Strada Urbana;VIA DI PORTA MAGGIORE;all'intersezione con;VIA PIETRO MICCA;VIA PIETRO MICCA;;;Scontro frontale/laterale SX fra veicoli in marcia;Incrocio;Più di due carreggiate;Asciutto;Asfaltata;Verticale ed orizzontale;Sereno;Normale;Buona;;1;0;0;1;12.5127;41.8923;-1;2;Motociclo a solo;In marcia / fermata / arresto;Conducente;M;Rimandato;0;NON DECEDUTO;;
5860286;5;09/03/2022 07:40:00;Strada Urbana;VIA GIOVANNI PITTALUGA;all'intersezione con;VIA GIUSEPPE GALLIANO;VIA GIUSEPPE GALLIANO;;;Scontro frontale/laterale DX fra veicoli in marcia;Incrocio;Due carreggiate;Asciutto;Asfaltata;Orizzontale;Sereno;Normale;Buona;;0;0;0;1;12.536;41.9001;-1;1;Autovettura privata;In marcia / fermata / arresto;Conducente;M;Illeso;0;;;
5860286;5;09/03/2022 07:40:00;Strada Urbana;VIA GIOVANNI PITTALUGA;all'intersezione con;VIA GIUSEPPE GALLIANO;VIA GIUSEPPE GALLIANO;;;Scontro frontale/laterale DX fra veicoli in marcia;Incrocio;Due carreggiate;Asciutto;Asfaltata;Orizzontale;Sereno;Normale;Buona;;0;0;0;1;12.536;41.9001;-1;2;Autovettura privata;In marcia / fermata / arresto;;;;;;;
5860317;19;10/03/2022 01:00:00;Strada Urbana;VIA EUGENIO TANZI;da specificare;;;;parcheggio FM3 Monte Mario;Veicolo in marcia contro ostacolo accidentale;Rettilineo;Una carreggiata a senso unico di marcia;Asciutto;Asfaltata;Verticale ed orizzontale;Sereno;Scarso;Buona;;0;0;0;2;12.423;41.9382;-1;1;Autovettura privata;In marcia / fermata / arresto;Conducente;M;Illeso;0;;Non accertato;Inesploso
5860317;19;10/03/2022 01:00:00;Strada Urbana;VIA EUGENIO TANZI;da specificare;;;;parcheggio FM3 Monte Mario;Veicolo in marcia contro ostacolo accidentale;Rettilineo;Una carreggiata a senso unico di marcia;Asciutto;Asfaltata;Verticale ed orizzontale;Sereno;Scarso;Buona;;0;0;0;2;12.423;41.9382;-1;1;Autovettura privata;In marcia / fermata / arresto;Passeggero;M;Illeso;0;;Non accertato;Inesploso
5860348;7;10/03/2022 09:20:00;Strada Urbana;VIALE PALMIRO TOGLIATTI;all'intersezione semaforizzata con;VIA DEI GELSI;VIA DEI GELSI;;;Scontro frontale/laterale DX fra veicoli in marcia;Intersezione semaforizzata;Due carreggiate;Asciutto;Asfaltata;Verticale ed orizzontale;Sereno;Normale;Buona;;0;0;0;2;12.5739;41.8902;-1;1;Autovettura privata;In marcia / fermata / arresto;Conducente;M;Illeso;0;;;
5860348;7;10/03/2022 09:20:00;Strada Urbana;VIALE PALMIRO TOGLIATTI;all'intersezione semaforizzata con;VIA DEI GELSI;VIA DEI GELSI;;;Scontro frontale/laterale DX fra veicoli in marcia;Intersezione semaforizzata;Due carreggiate;Asciutto;Asfaltata;Verticale ed orizzontale;Sereno;Normale;Buona;;0;0;0;2;12.5739;41.8902;-1;2;Autovettura privata;In marcia / fermata / arresto;Conducente;M;Illeso;0;;;
5860380;1;09/03/2022 19:05:00;Strada Urbana;VIA DEI SERPENTI;in prossimità;;del civico n.;35;;Scontro laterale fra veicoli in marcia;Rettilineo;Una carreggiata a senso unico di marcia;Asciutto;Asfaltata;Verticale ed orizzontale;Sereno;Intenso;Sufficiente;;0;0;0;2;12.4902;41.8961;0;1;Autovettura privata;In marcia / fermata / arresto;Conducente;M;Illeso;0;;Non accertato;Inesploso
5860380;1;09/03/2022 19:05:00;Strada Urbana;VIA DEI SERPENTI;in prossimità;;del civico n.;35;;Scontro laterale fra veicoli in marcia;Rettilineo;Una carreggiata a senso unico di marcia;Asciutto;Asfaltata;Verticale ed orizzontale;Sereno;Intenso;Sufficiente;;0;0;0;2;12.4902;41.8961;0;2;Autovettura privata;In marcia / fermata / arresto;Conducente;M;Illeso;0;;Non accertato;Inesploso
5860400;13;09/03/2022 16:10:00;Strada Urbana;VIALE DEI ROMAGNOLI;in prossimità;;del civico n.;2077;;Investimento di pedone;Rettilineo;Una carreggiata a senso unico di marcia;Asciutto;Asfaltata;Verticale ed orizzontale;Sereno;Normale;Sufficiente;;1;0;0;1;12.3591;41.7838;-1;;;;Pedone;M;Rimandato;0;NON DECEDUTO;;
5860400;13;09/03/2022 16:10:00;Strada Urbana;VIALE DEI ROMAGNOLI;in prossimità;;del civico n.;2077;;Investimento di pedone;Rettilineo;Una carreggiata a senso unico di marcia;Asciutto;Asfaltata;Verticale ed orizzontale;Sereno;Normale;Sufficiente;;1;0;0;1;12.3591;41.7838;-1;1;Autovettura privata;In marcia / fermata / arresto;Conducente;M;Illeso;0;;Non accertato;
5860406;20;09/03/2022 12:10:00;Strada Urbana;VIA DELLA FARNESINA;in prossimità;;del civico n.;238;;Scontro laterale fra veicoli in marcia;Rettilineo;Una carreggiata a doppio senso;Asciutto;Asfaltata;Verticale ed orizzontale;Sereno;Normale;Buona;;0;0;0;2;12.4591;41.9436;-1;1;Autovettura privata;In marcia / fermata / arresto;Conducente;F;Illeso;0;;Non accertato;Inesploso
5860406;20;09/03/2022 12:10:00;Strada Urbana;VIA DELLA FARNESINA;in prossimità;;del civico n.;238;;Scontro laterale fra veicoli in marcia;Rettilineo;Una carreggiata a doppio senso;Asciutto;Asfaltata;Verticale ed orizzontale;Sereno;Normale;Buona;;0;0;0;2;12.4591;41.9436;-1;2;Autobus urbano;In marcia / fermata / arresto;Conducente;M;Illeso;0;;Non accertato;Inesploso
5860436;20;09/03/2022 15:25:00;Strada Urbana;VIA DELLA STAZIONE DELLA STORTA;all'intersezione con;VIA DEL CENACOLO;VIA DEL CENACOLO;;;Investimento di pedone;Incrocio;Una carreggiata a senso unico di marcia;Asciutto;Asfaltata;Verticale ed orizzontale;Sereno;Scarso;Buona;;0;0;0;2;12.3817;42.0018;-1;;;;Pedone;F;Illeso;0;;;
5860436;20;09/03/2022 15:25:00;Strada Urbana;VIA DELLA STAZIONE DELLA STORTA;all'intersezione con;VIA DEL CENACOLO;VIA DEL CENACOLO;;;Investimento di pedone;Incrocio;Una carreggiata a senso unico di marcia;Asciutto;Asfaltata;Verticale ed orizzontale;Sereno;Scarso;Buona;;0;0;0;2;12.3817;42.0018;-1;1;Autovettura privata;In marcia / fermata / arresto;Conducente;F;Illeso;0;;Non accertato;Inesploso
5860437;17;09/03/2022 14:15:00;Strada Urbana;VIA LEONE IV;all'intersezione con;LARGO TRIONFALE;LARGO TRIONFALE;;;Investimento di pedone;Intersezione semaforizzata;Una carreggiata a doppio senso;Asciutto;Asfaltata;Verticale ed orizzontale;Sereno;Intenso;Buona;;1;0;0;1;12.4553;41.9087;0;;;;Pedone;F;Rimandato;0;NON DECEDUTO;;
5860437;17;09/03/2022 14:15:00;Strada Urbana;VIA LEONE IV;all'intersezione con;LARGO TRIONFALE;LARGO TRIONFALE;;;Investimento di pedone;Intersezione semaforizzata;Una carreggiata a doppio senso;Asciutto;Asfaltata;Verticale ed orizzontale;Sereno;Intenso;Buona;;1;0;0;1;12.4553;41.9087;0;1;Autovettura privata;In marcia / fermata / arresto;Conducente;F;Illeso;0;;Non accertato;
5860458;17;09/03/2022 20:26:00;Strada Urbana;PIAZZA DELLA LIBERTA';da specificare;;;;ALTEZZA LUNGOTEVERE DEI MELLINI;Tamponamento;Rettilineo;Due carreggiate;Asciutto;Asfaltata;Verticale;Sereno;Normale;Buona;;0;0;0;2;12.4707;41.9093;-1;1;Autovettura privata;In marcia / fermata / arresto;Conducente;F;Illeso;0;;;
5860458;17;09/03/2022 20:26:00;Strada Urbana;PIAZZA DELLA LIBERTA';da specificare;;;;ALTEZZA LUNGOTEVERE DEI MELLINI;Tamponamento;Rettilineo;Due carreggiate;Asciutto;Asfaltata;Verticale;Sereno;Normale;Buona;;0;0;0;2;12.4707;41.9093;-1;2;Quadriciclo leggero;In marcia / fermata / arresto;Conducente;M;Illeso;0;;;
5860498;2;09/03/2022 20:30:00;Strada Urbana;VIA PINCIANA;in prossimità;;del civico n.;15;;Scontro laterale fra veicoli in marcia;Rettilineo;Una carreggiata a doppio senso;Asciutto;Asfaltata;Verticale ed orizzontale;Sereno;Normale;Buona;;1;0;0;1;12.4941;41.9149;-1;1;Autovettura privata;In marcia / fermata / arresto;Conducente;M;Illeso;0;;;
5860498;2;09/03/2022 20:30:00;Strada Urbana;VIA PINCIANA;in prossimità;;del civico n.;15;;Scontro laterale fra veicoli in marcia;Rettilineo;Una carreggiata a doppio senso;Asciutto;Asfaltata;Verticale ed orizzontale;Sereno;Normale;Buona;;1;0;0;1;12.4941;41.9149;-1;2;Motociclo a solo;In marcia / fermata / arresto;Conducente;M;Rimandato;0;NON DECEDUTO;;
5860516;3;09/03/2022 15:00:00;Strada Urbana;VIA NOMENTANA;all'intersezione con;VIALE VENTUNO APRILE;VIALE VENTUNO APRILE;;;Scontro frontale/laterale SX fra veicoli in marcia;Intersezione semaforizzata;Più di due carreggiate;Asciutto;Asfaltata;Verticale ed orizzontale;Sereno;Intenso;Buona;;1;0;1;1;12.5177;41.9212;0;1;Autovettura privata;In marcia / fermata / arresto;Conducente;M;Illeso;0;;Non accertato;
5860516;3;09/03/2022 15:00:00;Strada Urbana;VIA NOMENTANA;all'intersezione con;VIALE VENTUNO APRILE;VIALE VENTUNO APRILE;;;Scontro frontale/laterale SX fra veicoli in marcia;Intersezione semaforizzata;Più di due carreggiate;Asciutto;Asfaltata;Verticale ed orizzontale;Sereno;Intenso;Buona;;1;0;1;1;12.5177;41.9212;0;2;Autovettura privata;In marcia / fermata / arresto;Conducente;F;Prognosi riservata;0;DECEDUTO ENTRO IL TERZO GIORNO;Non accertato;
5860516;3;09/03/2022 15:00:00;Strada Urbana;VIA NOMENTANA;all'intersezione con;VIALE VENTUNO APRILE;VIALE VENTUNO APRILE;;;Scontro frontale/laterale SX fra veicoli in marcia;Intersezione semaforizzata;Più di due carreggiate;Asciutto;Asfaltata;Verticale ed orizzontale;Sereno;Intenso;Buona;;1;0;1;1;12.5177;41.9212;0;3;Autovettura privata;In marcia / fermata / arresto;Conducente;F;Rimandato;0;NON DECEDUTO;Non accertato;
5860520;13;09/03/2022 17:30:00;Strada Urbana;VIA GIOVANNI DELLA PENNA;in corrispondenza;;del civico n.;4;;Veicolo in marcia contro veicolo in sosta;Rettilineo;Una carreggiata a senso unico di marcia;Asciutto;Asfaltata;Verticale ed orizzontale;Sereno;Normale;Buona;;0;0;0;2;12.3382;41.7771;-1;1;Autovettura privata;In marcia / fermata / arresto;Conducente;M;Illeso;0;;Non accertato;Inesploso
5860520;13;09/03/2022 17:30:00;Strada Urbana;VIA GIOVANNI DELLA PENNA;in corrispondenza;;del civico n.;4;;Veicolo in marcia contro veicolo in sosta;Rettilineo;Una carreggiata a senso unico di marcia;Asciutto;Asfaltata;Verticale ed orizzontale;Sereno;Normale;Buona;;0;0;0;2;12.3382;41.7771;-1;1;Autovettura privata;In marcia / fermata / arresto;Passeggero;M;Illeso;0;;Non accertato;Inesploso
5860520;13;09/03/2022 17:30:00;Strada Urbana;VIA GIOVANNI DELLA PENNA;in corrispondenza;;del civico n.;4;;Veicolo in marcia contro veicolo in sosta;Rettilineo;Una carreggiata a senso unico di marcia;Asciutto;Asfaltata;Verticale ed orizzontale;Sereno;Normale;Buona;;0;0;0;2;12.3382;41.7771;-1;2;Autovettura privata;Sosta;;;;;;;
5860528;18;10/03/2022 10:10:00;Strada Urbana;VIA ALCIDE DE GASPERI;in corrispondenza;;del civico n.;37;;Veicolo in marcia contro veicolo fermo;Rettilineo;Una carreggiata a senso unico di marcia;Asciutto;In cubetti di porfido;Verticale ed orizzontale;Sereno;Normale;Buona;;0;0;0;1;12.4552;41.8985;-1;1;Autocarro inferiore 35 q.;Allontanatosi;;;;;;;
5860528;18;10/03/2022 10:10:00;Strada Urbana;VIA ALCIDE DE GASPERI;in corrispondenza;;del civico n.;37;;Veicolo in marcia contro veicolo fermo;Rettilineo;Una carreggiata a senso unico di marcia;Asciutto;In cubetti di porfido;Verticale ed orizzontale;Sereno;Normale;Buona;;0;0;0;1;12.4552;41.8985;-1;2;Autovettura privata;In marcia / fermata / arresto;Conducente;M;Illeso;0;;Non accertato;Inesploso
5860588;12;10/03/2022 08:20:00;Statale entro l'abitato;VIA PONTINA;in prossimità;;della chilometrica;11.2;;Tamponamento Multiplo;Rettilineo;Due carreggiate;Asciutto;Asfaltata;Verticale ed orizzontale;Sereno;Intenso;Buona;;1;0;0;2;12.4598;41.8125;-1;1;Autovettura privata;In marcia / fermata / arresto;Conducente;M;Illeso;0;;Non accertato;Inesploso
5860588;12;10/03/2022 08:20:00;Statale entro l'abitato;VIA PONTINA;in prossimità;;della chilometrica;11.2;;Tamponamento Multiplo;Rettilineo;Due carreggiate;Asciutto;Asfaltata;Verticale ed orizzontale;Sereno;Intenso;Buona;;1;0;0;2;12.4598;41.8125;-1;2;Autovettura privata;In marcia / fermata / arresto;Conducente;F;Rimandato;0;NON DECEDUTO;Non accertato;Inesploso
5860588;12;10/03/2022 08:20:00;Statale entro l'abitato;VIA PONTINA;in prossimità;;della chilometrica;11.2;;Tamponamento Multiplo;Rettilineo;Due carreggiate;Asciutto;Asfaltata;Verticale ed orizzontale;Sereno;Intenso;Buona;;1;0;0;2;12.4598;41.8125;-1;3;Autovettura privata;In marcia / fermata / arresto;Conducente;M;Illeso;0;;Non accertato;Inesploso
5860599;2;09/03/2022 18:24:00;Strada Urbana;VIA PIETRO MASCAGNI;in prossimità;;del civico n.;90;;Veicolo in marcia contro veicoli in sosta;Curva a visuale libera;Una carreggiata a senso unico di marcia;Asciutto;Asfaltata;Verticale ed orizzontale;Sereno;Scarso;Sufficiente;;0;0;0;2;12.5135;41.9384;-1;1;Autovettura privata;In marcia / fermata / arresto;Conducente;F;Illeso;0;;;
5860599;2;09/03/2022 18:24:00;Strada Urbana;VIA PIETRO MASCAGNI;in prossimità;;del civico n.;90;;Veicolo in marcia contro veicoli in sosta;Curva a visuale libera;Una carreggiata a senso unico di marcia;Asciutto;Asfaltata;Verticale ed orizzontale;Sereno;Scarso;Sufficiente;;0;0;0;2;12.5135;41.9384;-1;1;Autovettura privata;In marcia / fermata / arresto;Passeggero;M;Illeso;0;;;
5860599;2;09/03/2022 18:24:00;Strada Urbana;VIA PIETRO MASCAGNI;in prossimità;;del civico n.;90;;Veicolo in marcia contro veicoli in sosta;Curva a visuale libera;Una carreggiata a senso unico di marcia;Asciutto;Asfaltata;Verticale ed orizzontale;Sereno;Scarso;Sufficiente;;0;0;0;2;12.5135;41.9384;-1;2;Autovettura privata;Sosta;;;;;;;
5860599;2;09/03/2022 18:24:00;Strada Urbana;VIA PIETRO MASCAGNI;in prossimità;;del civico n.;90;;Veicolo in marcia contro veicoli in sosta;Curva a visuale libera;Una carreggiata a senso unico di marcia;Asciutto;Asfaltata;Verticale ed orizzontale;Sereno;Scarso;Sufficiente;;0;0;0;2;12.5135;41.9384;-1;3;Autovettura privata;Sosta;;;;;;;
5860599;2;09/03/2022 18:24:00;Strada Urbana;VIA PIETRO MASCAGNI;in prossimità;;del civico n.;90;;Veicolo in marcia contro veicoli in sosta;Curva a visuale libera;Una carreggiata a senso unico di marcia;Asciutto;Asfaltata;Verticale ed orizzontale;Sereno;Scarso;Sufficiente;;0;0;0;2;12.5135;41.9384;-1;4;Autovettura privata;Sosta;;;;;;;
5860620;2;09/03/2022 13:25:00;Strada Urbana;VIA DI S. COSTANZA;da specificare;;;;fronte civico 62;Scontro frontale/laterale SX fra veicoli in marcia;Rettilineo;Una carreggiata a doppio senso;Asciutto;Asfaltata;Verticale ed orizzontale;Sereno;Normale;Buona;;1;0;0;1;12.5151;41.9223;-1;1;Autovettura privata;In marcia / fermata / arresto;Conducente;F;Illeso;0;;Non accertato;
5860620;2;09/03/2022 13:25:00;Strada Urbana;VIA DI S. COSTANZA;da specificare;;;;fronte civico 62;Scontro frontale/laterale SX fra veicoli in marcia;Rettilineo;Una carreggiata a doppio senso;Asciutto;Asfaltata;Verticale ed orizzontale;Sereno;Normale;Buona;;1;0;0;1;12.5151;41.9223;-1;2;Motociclo a solo;In marcia / fermata / arresto;Conducente;M;Rimandato;0;NON DECEDUTO;;
5860631;12;09/03/2022 12:15:00;Strada Urbana;VIA DELLA CECCHIGNOLA;in prossimità;;del civico n.;223;;Veicolo in marcia contro ostacolo fisso;Rettilineo;Una carreggiata a doppio senso;Asciutto;Asfaltata;Verticale ed orizzontale;Sereno;Normale;Buona;;1;0;0;0;12.5093;41.807;-1;1;Autovettura privata;In marcia / fermata / arresto;Conducente;F;Rimandato;0;NON DECEDUTO;Non accertato;Inesploso
5860658;2;09/03/2022 19:35:00;Strada Urbana;VIA ANTONIO BERTOLONI;in corrispondenza;;del civico n.;35;;Veicolo in marcia contro veicolo in sosta;Rettilineo;Una carreggiata a doppio senso;Asciutto;Asfaltata;Verticale ed orizzontale;Sereno;Scarso;Buona;;0;0;0;1;12.4871;41.9239;-1;1;Autoambulanza;In marcia / fermata / arresto;Conducente;M;Illeso;0;;;
5860658;2;09/03/2022 19:35:00;Strada Urbana;VIA ANTONIO BERTOLONI;in corrispondenza;;del civico n.;35;;Veicolo in marcia contro veicolo in sosta;Rettilineo;Una carreggiata a doppio senso;Asciutto;Asfaltata;Verticale ed orizzontale;Sereno;Scarso;Buona;;0;0;0;1;12.4871;41.9239;-1;2;Autovettura privata;Sosta;;;;;;;
5860661;2;10/03/2022 11:30:00;Strada Urbana;VIALE DELLA MOSCHEA;in prossimità;;del civico n.;7;;Investimento di pedone;Rettilineo;Due carreggiate;Asciutto;Asfaltata;Verticale ed orizzontale;Sereno;Normale;Buona;;1;0;0;1;12.4932;41.9339;-1;;;;Pedone;F;Rimandato;0;NON DECEDUTO;;
5860661;2;10/03/2022 11:30:00;Strada Urbana;VIALE DELLA MOSCHEA;in prossimità;;del civico n.;7;;Investimento di pedone;Rettilineo;Due carreggiate;Asciutto;Asfaltata;Verticale ed orizzontale;Sereno;Normale;Buona;;1;0;0;1;12.4932;41.9339;-1;1;Autovettura privata;In marcia / fermata / arresto;Conducente;M;Illeso;0;;Non accertato;Inesploso
5860662;1;07/03/2022 01:45:00;;VIA DEL GAMBERO;in prossimità;;del civico n.;8;;Veicolo in marcia contro veicoli in sosta;;;;;;;;;;0;0;0;0;;;0;1;Monopattino elettrico;In marcia / fermata / arresto;;;;;;;
5860662;1;07/03/2022 01:45:00;;VIA DEL GAMBERO;in prossimità;;del civico n.;8;;Veicolo in marcia contro veicoli in sosta;;;;;;;;;;0;0;0;0;;;0;2;Autovettura privata;Sosta;;;;;;;
5860687;2;09/03/2022 15:00:00;Strada Urbana;VIALE REGINA MARGHERITA;in corrispondenza;;del civico n.;22;;Veicolo in marcia contro veicolo in sosta;Rettilineo;Una carreggiata a doppio senso;Asciutto;Asfaltata;Verticale ed orizzontale;Sereno;Normale;Buona;;0;0;0;0;12.4989;41.919;-1;1;Motociclo a solo;Sosta;;;;;;;
5860687;2;09/03/2022 15:00:00;Strada Urbana;VIALE REGINA MARGHERITA;in corrispondenza;;del civico n.;22;;Veicolo in marcia contro veicolo in sosta;Rettilineo;Una carreggiata a doppio senso;Asciutto;Asfaltata;Verticale ed orizzontale;Sereno;Normale;Buona;;0;0;0;0;12.4989;41.919;-1;2;Autovettura privata;In marcia / fermata / arresto;;;;;;;
5860698;9;10/03/2022 07:25:00;Strada Urbana;VIA TUSCOLANA;in prossimità;;del civico n.;285;;Scontro frontale/laterale SX fra veicoli in marcia;Rettilineo;Una carreggiata a doppio senso;Asciutto;Asfaltata;Verticale ed orizzontale;Sereno;Intenso;Buona;;0;0;0;2;12.5264;41.8766;-1;1;Ciclomotore;In marcia / fermata / arresto;Conducente;M;Illeso;0;;Non accertato;
5860698;9;10/03/2022 07:25:00;Strada Urbana;VIA TUSCOLANA;in prossimità;;del civico n.;285;;Scontro frontale/laterale SX fra veicoli in marcia;Rettilineo;Una carreggiata a doppio senso;Asciutto;Asfaltata;Verticale ed orizzontale;Sereno;Intenso;Buona;;0;0;0;2;12.5264;41.8766;-1;2;Autocarro inferiore 35 q.;In marcia / fermata / arresto;Conducente;M;Illeso;0;;Non accertato;Inesploso
5860702;9;10/03/2022 09:35:00;Strada Urbana;PIAZZALE LABICANO;da specificare;;;;fronte VIA PRENESTINA;Scontro laterale fra veicoli in marcia;Rettilineo;Una carreggiata a senso unico di marcia;Asciutto;Asfaltata;Verticale ed orizzontale;Sereno;Intenso;Buona;;0;0;0;2;12.5156;41.8912;-1;1;Autobus turistico;In marcia / fermata / arresto;Conducente;M;Illeso;0;;Non accertato;Inesploso
5860702;9;10/03/2022 09:35:00;Strada Urbana;PIAZZALE LABICANO;da specificare;;;;fronte VIA PRENESTINA;Scontro laterale fra veicoli in marcia;Rettilineo;Una carreggiata a senso unico di marcia;Asciutto;Asfaltata;Verticale ed orizzontale;Sereno;Intenso;Buona;;0;0;0;2;12.5156;41.8912;-1;2;Autovettura privata;In marcia / fermata / arresto;Conducente;M;Illeso;0;;Non accertato;Inesploso
5860703;9;10/03/2022 10:20:00;;VIALE AMELIA;in corrispondenza;;del civico n.;25;;Veicolo in marcia contro veicolo in sosta;;;;;;;;;;0;0;0;1;12.5258;41.8782;0;1;Autocarro inferiore 35 q.;In marcia / fermata / arresto;;;;;;;
5860703;9;10/03/2022 10:20:00;;VIALE AMELIA;in corrispondenza;;del civico n.;25;;Veicolo in marcia contro veicolo in sosta;;;;;;;;;;0;0;0;1;12.5258;41.8782;0;2;Autovettura privata;In marcia / fermata / arresto;Conducente;F;Illeso;0;;Non accertato;Inesploso
5860705;9;10/03/2022 10:45:00;Strada Urbana;VIA SATRICO;in corrispondenza;;del civico n.;1;;Veicolo in marcia contro veicolo in sosta;Rettilineo;Una carreggiata a doppio senso;Asciutto;Asfaltata;Verticale ed orizzontale;Nuvoloso;Normale;Buona;;0;0;0;1;12.5055;41.8782;-1;1;Autovettura privata;Sosta;;;;;;;
5860705;9;10/03/2022 10:45:00;Strada Urbana;VIA SATRICO;in corrispondenza;;del civico n.;1;;Veicolo in marcia contro veicolo in sosta;Rettilineo;Una carreggiata a doppio senso;Asciutto;Asfaltata;Verticale ed orizzontale;Nuvoloso;Normale;Buona;;0;0;0;1;12.5055;41.8782;-1;2;Autocarro inferiore 35 q.;In marcia / fermata / arresto;Conducente;M;Illeso;0;;Non accertato;Inesploso
5860741;11;10/03/2022 11:55:00;Strada Urbana;VIA CALDERON DE LA BARCA;all'intersezione semaforizzata con;VIA DI GROTTA PERFETTA;VIA DI GROTTA PERFETTA;;;Scontro laterale fra veicoli in marcia;Intersezione semaforizzata;Una carreggiata a senso unico di marcia;Asciutto;Asfaltata;Verticale ed orizzontale;Sereno;Normale;Buona;;0;0;0;2;12.5077;41.838;-1;1;Autobus urbano;In marcia / fermata / arresto;Conducente;M;Illeso;0;;Non accertato;Inesploso
5860741;11;10/03/2022 11:55:00;Strada Urbana;VIA CALDERON DE LA BARCA;all'intersezione semaforizzata con;VIA DI GROTTA PERFETTA;VIA DI GROTTA PERFETTA;;;Scontro laterale fra veicoli in marcia;Intersezione semaforizzata;Una carreggiata a senso unico di marcia;Asciutto;Asfaltata;Verticale ed orizzontale;Sereno;Normale;Buona;;0;0;0;2;12.5077;41.838;-1;2;Autovettura privata;In marcia / fermata / arresto;Conducente;M;Illeso;0;;Non accertato;Inesploso
5860793;15;10/03/2022 07:05:00;Strada Urbana;VIA DELLA MAGLIANA;da specificare;;;;prossimità civico 277;Scontro laterale fra veicoli in marcia;Rettilineo;Una carreggiata a doppio senso;Asciutto;Asfaltata;Orizzontale;Sereno;Normale;Buona;;0;0;0;2;12.4196;41.8317;-1;1;Autovettura pubblica;In marcia / fermata / arresto;Conducente;M;Illeso;0;;Non accertato;Inesploso
5860793;15;10/03/2022 07:05:00;Strada Urbana;VIA DELLA MAGLIANA;da specificare;;;;prossimità civico 277;Scontro laterale fra veicoli in marcia;Rettilineo;Una carreggiata a doppio senso;Asciutto;Asfaltata;Orizzontale;Sereno;Normale;Buona;;0;0;0;2;12.4196;41.8317;-1;2;Autovettura privata;In marcia / fermata / arresto;Conducente;M;Illeso;0;;Non accertato;Esploso
5860917;1;10/03/2022 08:30:00;Strada Urbana;LUNGOTEVERE DEI TEBALDI;in corrispondenza;;del civico n.;4;;Tamponamento;Rettilineo;Una carreggiata a senso unico di marcia;Asciutto;Asfaltata;Verticale ed orizzontale;Sereno;Normale;Buona;;1;0;0;0;;;0;1;Motociclo a solo;In marcia / fermata / arresto;Conducente;M;Rimandato;0;NON DECEDUTO;;
5860917;1;10/03/2022 08:30:00;Strada Urbana;LUNGOTEVERE DEI TEBALDI;in corrispondenza;;del civico n.;4;;Tamponamento;Rettilineo;Una carreggiata a senso unico di marcia;Asciutto;Asfaltata;Verticale ed orizzontale;Sereno;Normale;Buona;;1;0;0;0;;;0;2;Autovettura privata;Allontanatosi;;;;;;;