Protocollo;Gruppo;DataOraIncidente;Localizzazione1;STRADA1;Localizzazione2;STRADA2;Strada02;Chilometrica;DaSpecificare;NaturaIncidente;particolaritastrade;TipoStrada;FondoStradale;Pavimentazione;Segnaletica;CondizioneAtmosferica;Traffico;Visibilita;Illuminazione;NUM_FERITI;NUM_RISERVATA;NUM_MORTI;NUM_ILLESI;Longitude;Latitude;Confermato;Progressivo;TipoVeicolo;StatoVeicolo;TipoPersona;Sesso;Tipolesione;Deceduto;DecedutoDopo;CinturaCascoUtilizzato;Airbag;
5864588;20;12/03/2022 18:45:00;Strada Urbana;VIA DI GROTTAROSSA;all'intersezione con;VIA MONTEFIASCONE;VIA MONTEFIASCONE;;;Tamponamento;Incrocio;Una carreggiata a doppio senso;Asciutto;Asfaltata;Orizzontale;Sereno;Normale;Buona;;1;0;0;3;12.4629;41.9744;-1;1;Motociclo a solo;In marcia / fermata / arresto;Conducente;M;Rimandato;0;NON DECEDUTO;Non accertato;
5864588;20;12/03/2022 18:45:00;Strada Urbana;VIA DI GROTTAROSSA;all'intersezione con;VIA MONTEFIASCONE;VIA MONTEFIASCONE;;;Tamponamento;Incrocio;Una carreggiata a doppio senso;Asciutto;Asfaltata;Orizzontale;Sereno;Normale;Buona;;1;0;0;3;12.4629;41.9744;-1;2;Autovettura privata;In marcia / fermata / arresto;Conducente;M;Illeso;0;;Non accertato;Inesploso
5864588;20;12/03/2022 18:45:00;Strada Urbana;VIA DI GROTTAROSSA;all'intersezione con;VIA MONTEFIASCONE;VIA MONTEFIASCONE;;;Tamponamento;Incrocio;Una carreggiata a doppio senso;Asciutto;Asfaltata;Orizzontale;Sereno;Normale;Buona;;1;0;0;3;12.4629;41.9744;-1;2;Autovettura privata;In marcia / fermata / arresto;Passeggero;M;Illeso;0;;Non accertato;Inesploso
5864588;20;12/03/2022 18:45:00;Strada Urbana;VIA DI GROTTAROSSA;all'intersezione con;VIA MONTEFIASCONE;VIA MONTEFIASCONE;;;Tamponamento;Incrocio;Una carreggiata a doppio senso;Asciutto;Asfaltata;Orizzontale;Sereno;Normale;Buona;;1;0;0;3;12.4629;41.9744;-1;2;Autovettura privata;In marcia / fermata / arresto;Passeggero;F;Illeso;0;;Non accertato;Inesploso
5864600;23;12/03/2022 03:45:00;Strada Urbana;VIALE MARESCIALLO PILSUDSKI;all'intersezione con;VIA DEL SACRO CUORE DI MARIA;VIA DEL SACRO CUORE DI MARIA;;;Scontro frontale/laterale DX fra veicoli in marcia;Incrocio;Più di due carreggiate;Asciutto;Asfaltata;Verticale ed orizzontale;Sereno;Scarso;Buona;;2;0;0;3;12.4752;41.9277;-1;1;Quadriciclo leggero;In marcia / fermata / arresto;Conducente;M;Illeso;0;;Non accertato;Inesistente
5864600;23;12/03/2022 03:45:00;Strada Urbana;VIALE MARESCIALLO PILSUDSKI;all'intersezione con;VIA DEL SACRO CUORE DI MARIA;VIA DEL SACRO CUORE DI MARIA;;;Scontro frontale/laterale DX fra veicoli in marcia;Incrocio;Più di due carreggiate;Asciutto;Asfaltata;Verticale ed orizzontale;Sereno;Scarso;Buona;;2;0;0;3;12.4752;41.9277;-1;1;Quadriciclo leggero;In marcia / fermata / arresto;Passeggero;F;Illeso;0;;Non accertato;Inesistente
5864600;23;12/03/2022 03:45:00;Strada Urbana;VIALE MARESCIALLO PILSUDSKI;all'intersezione con;VIA DEL SACRO CUORE DI MARIA;VIA DEL SACRO CUORE DI MARIA;;;Scontro frontale/laterale DX fra veicoli in marcia;Incrocio;Più di due carreggiate;Asciutto;Asfaltata;Verticale ed orizzontale;Sereno;Scarso;Buona;;2;0;0;3;12.4752;41.9277;-1;2;Quadriciclo leggero;In marcia / fermata / arresto;Conducente;M;Rimandato;0;NON DECEDUTO;Non accertato;Inesistente
5864600;23;12/03/2022 03:45:00;Strada Urbana;VIALE MARESCIALLO PILSUDSKI;all'intersezione con;VIA DEL SACRO CUORE DI MARIA;VIA DEL SACRO CUORE DI MARIA;;;Scontro frontale/laterale DX fra veicoli in marcia;Incrocio;Più di due carreggiate;Asciutto;Asfaltata;Verticale ed orizzontale;Sereno;Scarso;Buona;;2;0;0;3;12.4752;41.9277;-1;2;Quadriciclo leggero;In marcia / fermata / arresto;Passeggero;M;Rimandato;0;NON DECEDUTO;Non accertato;Inesistente
5864600;23;12/03/2022 03:45:00;Strada Urbana;VIALE MARESCIALLO PILSUDSKI;all'intersezione con;VIA DEL SACRO CUORE DI MARIA;VIA DEL SACRO CUORE DI MARIA;;;Scontro frontale/laterale DX fra veicoli in marcia;Incrocio;Più di due carreggiate;Asciutto;Asfaltata;Verticale ed orizzontale;Sereno;Scarso;Buona;;2;0;0;3;12.4752;41.9277;-1;3;Autovettura privata;In marcia / fermata / arresto;Conducente;F;Illeso;0;;Non accertato;Inesploso
5864601;20;12/03/2022 23:45:00;Strada Urbana;VIA FLAMINIA;all'intersezione con;VIA RAFFAELE CAPPELLI;VIA RAFFAELE CAPPELLI;;;Scontro frontale/laterale SX fra veicoli in marcia;Intersezione stradale segnalata;Una carreggiata a doppio senso;Asciutto;Asfaltata;Verticale;Sereno;Normale;Buona;;1;0;0;2;;;0;1;Autovettura privata;In marcia / fermata / arresto;Conducente;M;Illeso;0;;Non accertato;Inesploso
5864601;20;12/03/2022 23:45:00;Strada Urbana;VIA FLAMINIA;all'intersezione con;VIA RAFFAELE CAPPELLI;VIA RAFFAELE CAPPELLI;;;Scontro frontale/laterale SX fra veicoli in marcia;Intersezione stradale segnalata;Una carreggiata a doppio senso;Asciutto;Asfaltata;Verticale;Sereno;Normale;Buona;;1;0;0;2;;;0;1;Autovettura privata;In marcia / fermata / arresto;Passeggero;M;Illeso;0;;Non accertato;Inesploso
5864601;20;12/03/2022 23:45:00;Strada Urbana;VIA FLAMINIA;all'intersezione con;VIA RAFFAELE CAPPELLI;VIA RAFFAELE CAPPELLI;;;Scontro frontale/laterale SX fra veicoli in marcia;Intersezione stradale segnalata;Una carreggiata a doppio senso;Asciutto;Asfaltata;Verticale;Sereno;Normale;Buona;;1;0;0;2;;;0;2;Motociclo a solo;In marcia / fermata / arresto;Conducente;M;Rimandato;0;NON DECEDUTO;Non accertato;
5864603;7;12/03/2022 21:55:00;Strada Urbana;VIALE ALESSANDRINO;all'intersezione con;VIA DEGLI OLMI;VIA DEGLI OLMI;;;Scontro frontale/laterale DX fra veicoli in marcia;Intersezione stradale segnalata;Una carreggiata a doppio senso;Asciutto;Asfaltata;Verticale ed orizzontale;Sereno;Scarso;Sufficiente;;0;0;0;2;12.578;41.8792;-1;1;Autovettura privata;In marcia / fermata / arresto;Conducente;F;Illeso;0;;Non accertato;Inesploso
5864603;7;12/03/2022 21:55:00;Strada Urbana;VIALE ALESSANDRINO;all'intersezione con;VIA DEGLI OLMI;VIA DEGLI OLMI;;;Scontro frontale/laterale DX fra veicoli in marcia;Intersezione stradale segnalata;Una carreggiata a doppio senso;Asciutto;Asfaltata;Verticale ed orizzontale;Sereno;Scarso;Sufficiente;;0;0;0;2;12.578;41.8792;-1;2;Autovettura privata;In marcia / fermata / arresto;Conducente;M;Illeso;0;;Non accertato;Inesploso
5864609;20;13/03/2022 03:50:00;Strada Urbana;CORSO DI FRANCIA;da specificare;;;;ALTEZZA AUDITORIUM DIR, PARIOLI;Veicolo in marcia contro ostacolo fisso;Rettilineo;Due carreggiate;Asciutto;Asfaltata;Verticale ed orizzontale;Sereno;Scarso;Sufficiente;;1;0;0;0;12.4717;41.9367;-1;1;Autovettura privata;In marcia / fermata / arresto;Conducente;F;Rimandato;0;NON DECEDUTO;;
5864649;1;13/03/2022;Strada Urbana;VIA GIUSEPPE GIOACHINO BELLI;all'intersezione con;VIA LUCREZIO CARO;VIA LUCREZIO CARO;;;Scontro frontale/laterale DX fra veicoli in marcia;Intersezione semaforizzata;Una carreggiata a senso unico di marcia;Asciutto;In cubetti di porfido;Verticale;Sereno;Normale;Sufficiente;;1;0;0;2;12.4701;41.907;-1;1;Quadriciclo leggero;In marcia / fermata / arresto;Conducente;F;Illeso;0;;Non accertato;
5864649;1;13/03/2022;Strada Urbana;VIA GIUSEPPE GIOACHINO BELLI;all'intersezione con;VIA LUCREZIO CARO;VIA LUCREZIO CARO;;;Scontro frontale/laterale DX fra veicoli in marcia;Intersezione semaforizzata;Una carreggiata a senso unico di marcia;Asciutto;In cubetti di porfido;Verticale;Sereno;Normale;Sufficiente;;1;0;0;2;12.4701;41.907;-1;1;Quadriciclo leggero;In marcia / fermata / arresto;Passeggero;F;Illeso;0;;Non accertato;
5864649;1;13/03/2022;Strada Urbana;VIA GIUSEPPE GIOACHINO BELLI;all'intersezione con;VIA LUCREZIO CARO;VIA LUCREZIO CARO;;;Scontro frontale/laterale DX fra veicoli in marcia;Intersezione semaforizzata;Una carreggiata a senso unico di marcia;Asciutto;In cubetti di porfido;Verticale;Sereno;Normale;Sufficiente;;1;0;0;2;12.4701;41.907;-1;2;Motociclo a solo;In marcia / fermata / arresto;Conducente;M;Rimandato;0;NON DECEDUTO;;
5864649;1;13/03/2022;Strada Urbana;VIA GIUSEPPE GIOACHINO BELLI;all'intersezione con;VIA LUCREZIO CARO;VIA LUCREZIO CARO;;;Scontro frontale/laterale DX fra veicoli in marcia;Intersezione semaforizzata;Una carreggiata a senso unico di marcia;Asciutto;In cubetti di porfido;Verticale;Sereno;Normale;Sufficiente;;1;0;0;2;12.4701;41.907;-1;3;Autovettura privata;Sosta;;;;;;;
5864656;9;11/03/2022 20:00:00;Strada Urbana;VIA TUSCOLANA;all'intersezione con;VIALE AMELIA;VIALE AMELIA;;;Scontro laterale fra veicoli in marcia;Intersezione stradale segnalata;Due carreggiate;Asciutto;Asfaltata;Verticale ed orizzontale;Sereno;Intenso;Buona;;1;0;0;1;12.525;41.8775;-1;1;Autovettura privata;In marcia / fermata / arresto;Conducente;M;Illeso;0;;Non accertato;Inesploso
5864656;9;11/03/2022 20:00:00;Strada Urbana;VIA TUSCOLANA;all'intersezione con;VIALE AMELIA;VIALE AMELIA;;;Scontro laterale fra veicoli in marcia;Intersezione stradale segnalata;Due carreggiate;Asciutto;Asfaltata;Verticale ed orizzontale;Sereno;Intenso;Buona;;1;0;0;1;12.525;41.8775;-1;2;Motociclo a solo;In marcia / fermata / arresto;Conducente;F;Rimandato;0;NON DECEDUTO;Non accertato;
5864657;9;12/03/2022 00:50:00;Strada Urbana;VIA CASILINA;in prossimità;;del civico n.;99;;Scontro frontale/laterale SX fra veicoli in marcia;Rettilineo;Due carreggiate;Asciutto;Asfaltata;Verticale ed orizzontale;Sereno;Normale;Sufficiente;;1;0;0;0;12.5219;41.8883;-1;1;Autovettura privata;Allontanatosi;;;;;;;
5864657;9;12/03/2022 00:50:00;Strada Urbana;VIA CASILINA;in prossimità;;del civico n.;99;;Scontro frontale/laterale SX fra veicoli in marcia;Rettilineo;Due carreggiate;Asciutto;Asfaltata;Verticale ed orizzontale;Sereno;Normale;Sufficiente;;1;0;0;0;12.5219;41.8883;-1;2;Velocipede;In marcia / fermata / arresto;Conducente;M;Rimandato;0;NON DECEDUTO;Esente;
5864657;9;12/03/2022 00:50:00;Strada Urbana;VIA CASILINA;in prossimità;;del civico n.;99;;Scontro frontale/laterale SX fra veicoli in marcia;Rettilineo;Due carreggiate;Asciutto;Asfaltata;Verticale ed orizzontale;Sereno;Normale;Sufficiente;;1;0;0;0;12.5219;41.8883;-1;3;Autovettura privata;Sosta;;;;;;;
5864661;9;12/03/2022 03:10:00;Strada Urbana;VIA DELLE CAVE;all'intersezione con;VIA POGGI D'ORO;VIA POGGI D'ORO;;;Scontro frontale/laterale SX fra veicoli in marcia;Incrocio;Più di due carreggiate;Asciutto;Asfaltata;Verticale ed orizzontale;Nuvoloso;Scarso;Buona;;2;0;0;4;12.5297;41.8716;-1;1;Autovettura privata;In marcia / fermata / arresto;Conducente;M;Illeso;0;;Non accertato;Inesploso
5864661;9;12/03/2022 03:10:00;Strada Urbana;VIA DELLE CAVE;all'intersezione con;VIA POGGI D'ORO;VIA POGGI D'ORO;;;Scontro frontale/laterale SX fra veicoli in marcia;Incrocio;Più di due carreggiate;Asciutto;Asfaltata;Verticale ed orizzontale;Nuvoloso;Scarso;Buona;;2;0;0;4;12.5297;41.8716;-1;1;Autovettura privata;In marcia / fermata / arresto;Passeggero;F;Illeso;0;;Non accertato;Inesploso
5864661;9;12/03/2022 03:10:00;Strada Urbana;VIA DELLE CAVE;all'intersezione con;VIA POGGI D'ORO;VIA POGGI D'ORO;;;Scontro frontale/laterale SX fra veicoli in marcia;Incrocio;Più di due carreggiate;Asciutto;Asfaltata;Verticale ed orizzontale;Nuvoloso;Scarso;Buona;;2;0;0;4;12.5297;41.8716;-1;1;Autovettura privata;In marcia / fermata / arresto;Passeggero;M;Illeso;0;;Non accertato;Esploso
5864661;9;12/03/2022 03:10:00;Strada Urbana;VIA DELLE CAVE;all'intersezione con;VIA POGGI D'ORO;VIA POGGI D'ORO;;;Scontro frontale/laterale SX fra veicoli in marcia;Incrocio;Più di due carreggiate;Asciutto;Asfaltata;Verticale ed orizzontale;Nuvoloso;Scarso;Buona;;2;0;0;4;12.5297;41.8716;-1;2;Autovettura privata;In marcia / fermata / arresto;Conducente;F;Illeso;0;;Non accertato;Inesploso
5864661;9;12/03/2022 03:10:00;Strada Urbana;VIA DELLE CAVE;all'intersezione con;VIA POGGI D'ORO;VIA POGGI D'ORO;;;Scontro frontale/laterale SX fra veicoli in marcia;Incrocio;Più di due carreggiate;Asciutto;Asfaltata;Verticale ed orizzontale;Nuvoloso;Scarso;Buona;;2;0;0;4;12.5297;41.8716;-1;2;Autovettura privata;In marcia / fermata / arresto;Passeggero;F;Rimandato;0;NON DECEDUTO;Non accertato;Esploso
5864661;9;12/03/2022 03:10:00;Strada Urbana;VIA DELLE CAVE;all'intersezione con;VIA POGGI D'ORO;VIA POGGI D'ORO;;;Scontro frontale/laterale SX fra veicoli in marcia;Incrocio;Più di due carreggiate;Asciutto;Asfaltata;Verticale ed orizzontale;Nuvoloso;Scarso;Buona;;2;0;0;4;12.5297;41.8716;-1;2;Autovettura privata;In marcia / fermata / arresto;Passeggero;F;Rimandato;0;NON DECEDUTO;Utilizzato;Inesploso
5864662;9;12/03/2022 11:25:00;;VIA APPIA NUOVA;in corrispondenza;;del civico n.;473;;Veicolo in marcia contro veicolo in sosta;;;;;;;;;;0;0;0;0;12.5256;41.873;0;1;Autovettura privata;Allontanatosi;;;;;;;
5864662;9;12/03/2022 11:25:00;;VIA APPIA NUOVA;in corrispondenza;;del civico n.;473;;Veicolo in marcia contro veicolo in sosta;;;;;;;;;;0;0;0;0;12.5256;41.873;0;2;Autovettura privata;Sosta;;;;;;;
5864663;9;12/03/2022 11:30:00;Strada Urbana;VIA ALLUMIERE;da specificare;;;;fronte civico 69;Scontro laterale fra veicoli in marcia;Rettilineo;Una carreggiata a senso unico di marcia;Asciutto;Asfaltata;Verticale ed orizzontale;Sereno;Scarso;Buona;;0;0;0;4;12.5331;41.865;-1;1;Autovettura privata;In marcia / fermata / arresto;Conducente;M;Illeso;0;;Non accertato;Inesploso
5864663;9;12/03/2022 11:30:00;Strada Urbana;VIA ALLUMIERE;da specificare;;;;fronte civico 69;Scontro laterale fra veicoli in marcia;Rettilineo;Una carreggiata a senso unico di marcia;Asciutto;Asfaltata;Verticale ed orizzontale;Sereno;Scarso;Buona;;0;0;0;4;12.5331;41.865;-1;1;Autovettura privata;In marcia / fermata / arresto;Passeggero;F;Illeso;0;;Non accertato;Inesploso
5864663;9;12/03/2022 11:30:00;Strada Urbana;VIA ALLUMIERE;da specificare;;;;fronte civico 69;Scontro laterale fra veicoli in marcia;Rettilineo;Una carreggiata a senso unico di marcia;Asciutto;Asfaltata;Verticale ed orizzontale;Sereno;Scarso;Buona;;0;0;0;4;12.5331;41.865;-1;1;Autovettura privata;In marcia / fermata / arresto;Passeggero;F;Illeso;0;;Non accertato;Inesploso
5864663;9;12/03/2022 11:30:00;Strada Urbana;VIA ALLUMIERE;da specificare;;;;fronte civico 69;Scontro laterale fra veicoli in marcia;Rettilineo;Una carreggiata a senso unico di marcia;Asciutto;Asfaltata;Verticale ed orizzontale;Sereno;Scarso;Buona;;0;0;0;4;12.5331;41.865;-1;2;Autovettura privata;In marcia / fermata / arresto;Conducente;F;Illeso;0;;Non accertato;Inesploso
5864664;9;12/03/2022 20:50:00;Strada Urbana;VIA MONTE D'ONORIO;all'intersezione con;VIA CAMPO BARBARICO;VIA CAMPO BARBARICO;;;Scontro frontale/laterale DX fra veicoli in marcia;Incrocio;Una carreggiata a doppio senso;Asciutto;Asfaltata;Assente;Sereno;Scarso;Buona;;0;0;0;5;12.5406;41.8594;-1;1;Autovettura privata;In marcia / fermata / arresto;Conducente;M;Illeso;0;;Non accertato;Inesploso
5864664;9;12/03/2022 20:50:00;Strada Urbana;VIA MONTE D'ONORIO;all'intersezione con;VIA CAMPO BARBARICO;VIA CAMPO BARBARICO;;;Scontro frontale/laterale DX fra veicoli in marcia;Incrocio;Una carreggiata a doppio senso;Asciutto;Asfaltata;Assente;Sereno;Scarso;Buona;;0;0;0;5;12.5406;41.8594;-1;2;Autovettura privata;In marcia / fermata / arresto;Conducente;F;Illeso;0;;Non accertato;Inesploso
5864664;9;12/03/2022 20:50:00;Strada Urbana;VIA MONTE D'ONORIO;all'intersezione con;VIA CAMPO BARBARICO;VIA CAMPO BARBARICO;;;Scontro frontale/laterale DX fra veicoli in marcia;Incrocio;Una carreggiata a doppio senso;Asciutto;Asfaltata;Assente;Sereno;Scarso;Buona;;0;0;0;5;12.5406;41.8594;-1;2;Autovettura privata;In marcia / fermata / arresto;Passeggero;M;Illeso;0;;Non accertato;Inesploso
5864664;9;12/03/2022 20:50:00;Strada Urbana;VIA MONTE D'ONORIO;all'intersezione con;VIA CAMPO BARBARICO;VIA CAMPO BARBARICO;;;Scontro frontale/laterale DX fra veicoli in marcia;Incrocio;Una carreggiata a doppio senso;Asciutto;Asfaltata;Assente;Sereno;Scarso;Buona;;0;0;0;5;12.5406;41.8594;-1;2;Autovettura privata;In marcia / fermata / arresto;Passeggero;F;Illeso;0;;Non accertato;Inesploso
5864664;9;12/03/2022 20:50:00;Strada Urbana;VIA MONTE D'ONORIO;all'intersezione con;VIA CAMPO BARBARICO;VIA CAMPO BARBARICO;;;Scontro frontale/laterale DX fra veicoli in marcia;Incrocio;Una carreggiata a doppio senso;Asciutto;Asfaltata;Assente;Sereno;Scarso;Buona;;0;0;0;5;12.5406;41.8594;-1;2;Autovettura privata;In marcia / fermata / arresto;Passeggero;M;Illeso;0;;Non accertato;Inesploso
5864665;12;13/03/2022 10:10:00;Strada Urbana;VIA DOMENICO JACHINO;da specificare;;;;civico 29 (palo Acea 32);Scontro laterale fra veicoli in marcia;Rettilineo;Due carreggiate;Asciutto;Asfaltata;Verticale ed orizzontale;Sereno;Scarso;Buona;;0;0;0;4;12.4477;41.8101;-1;1;Autovettura privata;In marcia / fermata / arresto;Conducente;F;Illeso;0;;;
5864665;12;13/03/2022 10:10:00;Strada Urbana;VIA DOMENICO JACHINO;da specificare;;;;civico 29 (palo Acea 32);Scontro laterale fra veicoli in marcia;Rettilineo;Due carreggiate;Asciutto;Asfaltata;Verticale ed orizzontale;Sereno;Scarso;Buona;;0;0;0;4;12.4477;41.8101;-1;1;Autovettura privata;In marcia / fermata / arresto;Passeggero;M;Illeso;0;;;
5864665;12;13/03/2022 10:10:00;Strada Urbana;VIA DOMENICO JACHINO;da specificare;;;;civico 29 (palo Acea 32);Scontro laterale fra veicoli in marcia;Rettilineo;Due carreggiate;Asciutto;Asfaltata;Verticale ed orizzontale;Sereno;Scarso;Buona;;0;0;0;4;12.4477;41.8101;-1;2;Autovettura privata;In marcia / fermata / arresto;Conducente;F;Illeso;0;;;
5864665;12;13/03/2022 10:10:00;Strada Urbana;VIA DOMENICO JACHINO;da specificare;;;;civico 29 (palo Acea 32);Scontro laterale fra veicoli in marcia;Rettilineo;Due carreggiate;Asciutto;Asfaltata;Verticale ed orizzontale;Sereno;Scarso;Buona;;0;0;0;4;12.4477;41.8101;-1;2;Autovettura privata;In marcia / fermata / arresto;Passeggero;F;Illeso;0;;;
5864668;7;13/03/2022 11:40:00;Strada Urbana;VIALE PALMIRO TOGLIATTI;da specificare;;;;altezza palo luce 108 direzione via tuscolana;Tamponamento;Rettilineo;Due carreggiate;Asciutto;Asfaltata;Verticale ed orizzontale;Sereno;Normale;Buona;;0;0;0;5;12.5676;41.8658;-1;1;Autovettura privata;In marcia / fermata / arresto;Conducente;M;Illeso;0;;Non accertato;Inesploso
5864668;7;13/03/2022 11:40:00;Strada Urbana;VIALE PALMIRO TOGLIATTI;da specificare;;;;altezza palo luce 108 direzione via tuscolana;Tamponamento;Rettilineo;Due carreggiate;Asciutto;Asfaltata;Verticale ed orizzontale;Sereno;Normale;Buona;;0;0;0;5;12.5676;41.8658;-1;1;Autovettura privata;In marcia / fermata / arresto;Passeggero;M;Illeso;0;;Non accertato;Inesploso
5864668;7;13/03/2022 11:40:00;Strada Urbana;VIALE PALMIRO TOGLIATTI;da specificare;;;;altezza palo luce 108 direzione via tuscolana;Tamponamento;Rettilineo;Due carreggiate;Asciutto;Asfaltata;Verticale ed orizzontale;Sereno;Normale;Buona;;0;0;0;5;12.5676;41.8658;-1;2;Autovettura privata;In marcia / fermata / arresto;Conducente;M;Illeso;0;;;
5864668;7;13/03/2022 11:40:00;Strada Urbana;VIALE PALMIRO TOGLIATTI;da specificare;;;;altezza palo luce 108 direzione via tuscolana;Tamponamento;Rettilineo;Due carreggiate;Asciutto;Asfaltata;Verticale ed orizzontale;Sereno;Normale;Buona;;0;0;0;5;12.5676;41.8658;-1;2;Autovettura privata;In marcia / fermata / arresto;Passeggero;F;Illeso;0;;Non accertato;Inesploso
5864668;7;13/03/2022 11:40:00;Strada Urbana;VIALE PALMIRO TOGLIATTI;da specificare;;;;altezza palo luce 108 direzione via tuscolana;Tamponamento;Rettilineo;Due carreggiate;Asciutto;Asfaltata;Verticale ed orizzontale;Sereno;Normale;Buona;;0;0;0;5;12.5676;41.8658;-1;2;Autovettura privata;In marcia / fermata / arresto;Passeggero;M;Illeso;0;;Non accertato;Inesploso
5864851;18;11/03/2022 09:00:00;Strada Urbana;VIA GREGORIO VII;in prossimità;;del civico n.;125;;Scontro frontale/laterale SX fra veicoli in marcia;Rettilineo;Più di due carreggiate;Asciutto;Asfaltata;Verticale ed orizzontale;Nuvoloso;Normale;Buona;;0;0;0;3;12.4494;41.896;-1;1;Autovettura privata;In marcia / fermata / arresto;Conducente;M;Illeso;0;;Non accertato;Inesploso
5864851;18;11/03/2022 09:00:00;Strada Urbana;VIA GREGORIO VII;in prossimità;;del civico n.;125;;Scontro frontale/laterale SX fra veicoli in marcia;Rettilineo;Più di due carreggiate;Asciutto;Asfaltata;Verticale ed orizzontale;Nuvoloso;Normale;Buona;;0;0;0;3;12.4494;41.896;-1;1;Autovettura privata;In marcia / fermata / arresto;Passeggero;F;Illeso;0;;Non accertato;Inesploso
5864851;18;11/03/2022 09:00:00;Strada Urbana;VIA GREGORIO VII;in prossimità;;del civico n.;125;;Scontro frontale/laterale SX fra veicoli in marcia;Rettilineo;Più di due carreggiate;Asciutto;Asfaltata;Verticale ed orizzontale;Nuvoloso;Normale;Buona;;0;0;0;3;12.4494;41.896;-1;2;Autovettura pubblica;In marcia / fermata / arresto;Conducente;M;Illeso;0;;Esente;Inesploso
5864880;4;12/03/2022 05:45:00;Strada Urbana;LARGO VALSOLDA;da specificare;;;;prossimità fronte civico 4;Veicolo in marcia contro veicoli in sosta;Rettilineo;Una carreggiata a senso unico di marcia;Asciutto;Asfaltata;Verticale;Sereno;Scarso;Sufficiente;;0;0;0;1;12.5322;41.935;-1;1;Autovettura privata;In marcia / fermata / arresto;Conducente;M;Illeso;0;;Non accertato;Inesploso
5864880;4;12/03/2022 05:45:00;Strada Urbana;LARGO VALSOLDA;da specificare;;;;prossimità fronte civico 4;Veicolo in marcia contro veicoli in sosta;Rettilineo;Una carreggiata a senso unico di marcia;Asciutto;Asfaltata;Verticale;Sereno;Scarso;Sufficiente;;0;0;0;1;12.5322;41.935;-1;2;Autovettura privata;Sosta;;;;;;;
5864880;4;12/03/2022 05:45:00;Strada Urbana;LARGO VALSOLDA;da specificare;;;;prossimità fronte civico 4;Veicolo in marcia contro veicoli in sosta;Rettilineo;Una carreggiata a senso unico di marcia;Asciutto;Asfaltata;Verticale;Sereno;Scarso;Sufficiente;;0;0;0;1;12.5322;41.935;-1;3;Autovettura privata;Sosta;;;;;;;
5864880;4;12/03/2022 05:45:00;Strada Urbana;LARGO VALSOLDA;da specificare;;;;prossimità fronte civico 4;Veicolo in marcia contro veicoli in sosta;Rettilineo;Una carreggiata a senso unico di marcia;Asciutto;Asfaltata;Verticale;Sereno;Scarso;Sufficiente;;0;0;0;1;12.5322;41.935;-1;4;Autovettura privata;Sosta;;;;;;;
5865072;7;14/03/2022 02:00:00;Strada Urbana;VIALE ALESSANDRINO;in corrispondenza;;del civico n.;243;;Veicolo in marcia contro veicoli in sosta;Rettilineo;Una carreggiata a doppio senso;Asciutto;Asfaltata;Orizzontale;Sereno;Scarso;Buona;;2;0;0;0;12.5792;41.8758;-1;1;Autovettura privata;In marcia / fermata / arresto;Conducente;F;Rimandato;0;NON DECEDUTO;Non accertato;Esploso
5865072;7;14/03/2022 02:00:00;Strada Urbana;VIALE ALESSANDRINO;in corrispondenza;;del civico n.;243;;Veicolo in marcia contro veicoli in sosta;Rettilineo;Una carreggiata a doppio senso;Asciutto;Asfaltata;Orizzontale;Sereno;Scarso;Buona;;2;0;0;0;12.5792;41.8758;-1;1;Autovettura privata;In marcia / fermata / arresto;Passeggero;F;Rimandato;0;NON DECEDUTO;Non accertato;Esploso
5865072;7;14/03/2022 02:00:00;Strada Urbana;VIALE ALESSANDRINO;in corrispondenza;;del civico n.;243;;Veicolo in marcia contro veicoli in sosta;Rettilineo;Una carreggiata a doppio senso;Asciutto;Asfaltata;Orizzontale;Sereno;Scarso;Buona;;2;0;0;0;12.5792;41.8758;-1;2;Autovettura privata;Sosta;;;;;;;
5865072;7;14/03/2022 02:00:00;Strada Urbana;VIALE ALESSANDRINO;in corrispondenza;;del civico n.;243;;Veicolo in marcia contro veicoli in sosta;Rettilineo;Una carreggiata a doppio senso;Asciutto;Asfaltata;Orizzontale;Sereno;Scarso;Buona;;2;0;0;0;12.5792;41.8758;-1;3;Autovettura privata;Sosta;;;;;;;
5865079;7;12/03/2022 17:05:00;Strada Urbana;VIA DEI PINI;all'intersezione con;VIA DEGLI OLIVI;VIA DEGLI OLIVI;;;Scontro frontale/laterale SX fra veicoli in marcia;Incrocio;Una carreggiata a senso unico di marcia;Asciutto;Asfaltata;Verticale ed orizzontale;Sereno;Normale;Sufficiente;;0;0;0;2;12.57;41.8875;-1;1;Autovettura privata;In marcia / fermata / arresto;Conducente;M;Illeso;0;;Non accertato;Inesploso
5865079;7;12/03/2022 17:05:00;Strada Urbana;VIA DEI PINI;all'intersezione con;VIA DEGLI OLIVI;VIA DEGLI OLIVI;;;Scontro frontale/laterale SX fra veicoli in marcia;Incrocio;Una carreggiata a senso unico di marcia;Asciutto;Asfaltata;Verticale ed orizzontale;Sereno;Normale;Sufficiente;;0;0;0;2;12.57;41.8875;-1;2;Autocarro superiore 35 q.;In marcia / fermata / arresto;Conducente;M;Illeso;0;;Non accertato;Inesploso
5865080;7;13/03/2022 21:05:00;Strada Urbana;VIA DELLE AZALEE;all'intersezione con;VIA DEI FAGGI;VIA DEI FAGGI;;;Scontro frontale/laterale SX fra veicoli in marcia;Incrocio;Due carreggiate;Asciutto;Asfaltata;Verticale ed orizzontale;Sereno;Scarso;Buona;;0;0;0;6;12.5695;41.884;-1;1;Autovettura privata;In marcia / fermata / arresto;Conducente;M;Illeso;0;;Non accertato;Inesploso