Protocollo;Gruppo;DataOraIncidente;Localizzazione1;STRADA1;Localizzazione2;STRADA2;Strada02;Chilometrica;DaSpecificare;NaturaIncidente;particolaritastrade;TipoStrada;FondoStradale;Pavimentazione;Segnaletica;CondizioneAtmosferica;Traffico;Visibilita;Illuminazione;NUM_FERITI;NUM_RISERVATA;NUM_MORTI;NUM_ILLESI;Longitude;Latitude;Confermato;Progressivo;TipoVeicolo;StatoVeicolo;TipoPersona;Sesso;Tipolesione;Deceduto;DecedutoDopo;CinturaCascoUtilizzato;Airbag;
5872592;12;18/03/2022 05:00:00;Strada Urbana;VIA CRISTOFORO COLOMBO;all'intersezione semaforizzata con;VIALE DELL'OCEANO PACIFICO;VIALE DELL'OCEANO PACIFICO;;;Tamponamento;Incrocio;Due carreggiate;Asciutto;Asfaltata;Verticale ed orizzontale;Sereno;Scarso;Buona;;0;0;0;4;12.4115;41.7858;-1;1;Autovettura privata;In marcia / fermata / arresto;Conducente;M;Illeso;0;;;
5872592;12;18/03/2022 05:00:00;Strada Urbana;VIA CRISTOFORO COLOMBO;all'intersezione semaforizzata con;VIALE DELL'OCEANO PACIFICO;VIALE DELL'OCEANO PACIFICO;;;Tamponamento;Incrocio;Due carreggiate;Asciutto;Asfaltata;Verticale ed orizzontale;Sereno;Scarso;Buona;;0;0;0;4;12.4115;41.7858;-1;1;Autovettura privata;In marcia / fermata / arresto;Passeggero;M;Illeso;0;;;
5872592;12;18/03/2022 05:00:00;Strada Urbana;VIA CRISTOFORO COLOMBO;all'intersezione semaforizzata con;VIALE DELL'OCEANO PACIFICO;VIALE DELL'OCEANO PACIFICO;;;Tamponamento;Incrocio;Due carreggiate;Asciutto;Asfaltata;Verticale ed orizzontale;Sereno;Scarso;Buona;;0;0;0;4;12.4115;41.7858;-1;2;Autovettura privata;In marcia / fermata / arresto;Conducente;M;Illeso;0;;;
5872592;12;18/03/2022 05:00:00;Strada Urbana;VIA CRISTOFORO COLOMBO;all'intersezione semaforizzata con;VIALE DELL'OCEANO PACIFICO;VIALE DELL'OCEANO PACIFICO;;;Tamponamento;Incrocio;Due carreggiate;Asciutto;Asfaltata;Verticale ed orizzontale;Sereno;Scarso;Buona;;0;0;0;4;12.4115;41.7858;-1;2;Autovettura privata;In marcia / fermata / arresto;Passeggero;F;Illeso;0;;Non accertato;Inesploso
5872600;19;17/03/2022 15:55:00;Strada Urbana;VIA DELLA BALDUINA;in corrispondenza;;del civico n.;298;;Scontro frontale fra veicoli in marcia;Rettilineo;Una carreggiata a doppio senso;Asciutto;Asfaltata;Orizzontale;Sereno;Normale;Buona;;3;0;0;2;12.4411;41.9267;-1;1;Autovettura privata;In marcia / fermata / arresto;Conducente;M;Illeso;0;;Non accertato;Inesploso
5872600;19;17/03/2022 15:55:00;Strada Urbana;VIA DELLA BALDUINA;in corrispondenza;;del civico n.;298;;Scontro frontale fra veicoli in marcia;Rettilineo;Una carreggiata a doppio senso;Asciutto;Asfaltata;Orizzontale;Sereno;Normale;Buona;;3;0;0;2;12.4411;41.9267;-1;2;Autovettura privata;In marcia / fermata / arresto;Conducente;M;Illeso;0;;;
5872600;19;17/03/2022 15:55:00;Strada Urbana;VIA DELLA BALDUINA;in corrispondenza;;del civico n.;298;;Scontro frontale fra veicoli in marcia;Rettilineo;Una carreggiata a doppio senso;Asciutto;Asfaltata;Orizzontale;Sereno;Normale;Buona;;3;0;0;2;12.4411;41.9267;-1;2;Autovettura privata;In marcia / fermata / arresto;Passeggero;M;Rimandato;0;NON DECEDUTO;Non accertato;Inesploso
5872600;19;17/03/2022 15:55:00;Strada Urbana;VIA DELLA BALDUINA;in corrispondenza;;del civico n.;298;;Scontro frontale fra veicoli in marcia;Rettilineo;Una carreggiata a doppio senso;Asciutto;Asfaltata;Orizzontale;Sereno;Normale;Buona;;3;0;0;2;12.4411;41.9267;-1;2;Autovettura privata;In marcia / fermata / arresto;Passeggero;M;Rimandato;0;NON DECEDUTO;Non accertato;Inesploso
5872600;19;17/03/2022 15:55:00;Strada Urbana;VIA DELLA BALDUINA;in corrispondenza;;del civico n.;298;;Scontro frontale fra veicoli in marcia;Rettilineo;Una carreggiata a doppio senso;Asciutto;Asfaltata;Orizzontale;Sereno;Normale;Buona;;3;0;0;2;12.4411;41.9267;-1;2;Autovettura privata;In marcia / fermata / arresto;Passeggero;M;Rimandato;0;NON DECEDUTO;Non accertato;Inesploso
5872600;19;17/03/2022 15:55:00;Strada Urbana;VIA DELLA BALDUINA;in corrispondenza;;del civico n.;298;;Scontro frontale fra veicoli in marcia;Rettilineo;Una carreggiata a doppio senso;Asciutto;Asfaltata;Orizzontale;Sereno;Normale;Buona;;3;0;0;2;12.4411;41.9267;-1;3;Autovettura privata;Sosta;;;;;;;
5872601;4;17/03/2022 23:10:00;Provinciale entro l'abitato;VIA NOMENTANA;all'intersezione semaforizzata con;VIA ARTURO GRAF;VIA ARTURO GRAF;;;Scontro frontale/laterale SX fra veicoli in marcia;Incrocio;Una carreggiata a doppio senso;Asciutto;Asfaltata;Verticale ed orizzontale;Sereno;Scarso;Buona;;0;0;0;6;12.5737;41.959;-1;1;Autovettura privata;In marcia / fermata / arresto;Conducente;F;Illeso;0;;;
5872601;4;17/03/2022 23:10:00;Provinciale entro l'abitato;VIA NOMENTANA;all'intersezione semaforizzata con;VIA ARTURO GRAF;VIA ARTURO GRAF;;;Scontro frontale/laterale SX fra veicoli in marcia;Incrocio;Una carreggiata a doppio senso;Asciutto;Asfaltata;Verticale ed orizzontale;Sereno;Scarso;Buona;;0;0;0;6;12.5737;41.959;-1;2;Autovettura privata;In marcia / fermata / arresto;Conducente;M;Illeso;0;;;
5872601;4;17/03/2022 23:10:00;Provinciale entro l'abitato;VIA NOMENTANA;all'intersezione semaforizzata con;VIA ARTURO GRAF;VIA ARTURO GRAF;;;Scontro frontale/laterale SX fra veicoli in marcia;Incrocio;Una carreggiata a doppio senso;Asciutto;Asfaltata;Verticale ed orizzontale;Sereno;Scarso;Buona;;0;0;0;6;12.5737;41.959;-1;2;Autovettura privata;In marcia / fermata / arresto;Passeggero;F;Illeso;0;;;
5872601;4;17/03/2022 23:10:00;Provinciale entro l'abitato;VIA NOMENTANA;all'intersezione semaforizzata con;VIA ARTURO GRAF;VIA ARTURO GRAF;;;Scontro frontale/laterale SX fra veicoli in marcia;Incrocio;Una carreggiata a doppio senso;Asciutto;Asfaltata;Verticale ed orizzontale;Sereno;Scarso;Buona;;0;0;0;6;12.5737;41.959;-1;2;Autovettura privata;In marcia / fermata / arresto;Passeggero;F;Illeso;0;;;
5872601;4;17/03/2022 23:10:00;Provinciale entro l'abitato;VIA NOMENTANA;all'intersezione semaforizzata con;VIA ARTURO GRAF;VIA ARTURO GRAF;;;Scontro frontale/laterale SX fra veicoli in marcia;Incrocio;Una carreggiata a doppio senso;Asciutto;Asfaltata;Verticale ed orizzontale;Sereno;Scarso;Buona;;0;0;0;6;12.5737;41.959;-1;2;Autovettura privata;In marcia / fermata / arresto;Passeggero;F;Illeso;0;;;
5872601;4;17/03/2022 23:10:00;Provinciale entro l'abitato;VIA NOMENTANA;all'intersezione semaforizzata con;VIA ARTURO GRAF;VIA ARTURO GRAF;;;Scontro frontale/laterale SX fra veicoli in marcia;Incrocio;Una carreggiata a doppio senso;Asciutto;Asfaltata;Verticale ed orizzontale;Sereno;Scarso;Buona;;0;0;0;6;12.5737;41.959;-1;3;Autovettura privata;In marcia / fermata / arresto;Conducente;F;Illeso;0;;;
5872604;1;18/03/2022 01:15:00;Strada Urbana;VIA GIOVANNI LANZA;in prossimità;;del civico n.;150;;Veicolo in marcia contro veicolo in sosta;Rettilineo;Una carreggiata a doppio senso;Asciutto;Asfaltata;Verticale ed orizzontale;Nuvoloso;Scarso;Buona;;0;0;0;1;12.4963;41.895;-1;1;Autovettura privata;In marcia / fermata / arresto;Conducente;F;Illeso;0;;Non accertato;Inesploso
5872604;1;18/03/2022 01:15:00;Strada Urbana;VIA GIOVANNI LANZA;in prossimità;;del civico n.;150;;Veicolo in marcia contro veicolo in sosta;Rettilineo;Una carreggiata a doppio senso;Asciutto;Asfaltata;Verticale ed orizzontale;Nuvoloso;Scarso;Buona;;0;0;0;1;12.4963;41.895;-1;2;Autovettura privata;Sosta;;;;;;;
5872604;1;18/03/2022 01:15:00;Strada Urbana;VIA GIOVANNI LANZA;in prossimità;;del civico n.;150;;Veicolo in marcia contro veicolo in sosta;Rettilineo;Una carreggiata a doppio senso;Asciutto;Asfaltata;Verticale ed orizzontale;Nuvoloso;Scarso;Buona;;0;0;0;1;12.4963;41.895;-1;3;Autovettura privata;Sosta;;;;;;;
5872606;16;17/03/2022 07:10:00;Strada Urbana;VIA LAURA MANTEGAZZA;all'intersezione con;PIAZZALE ENRICO DUNANT;PIAZZALE ENRICO DUNANT;;;Investimento di pedone;Intersezione stradale segnalata;Una carreggiata a senso unico di marcia;Asciutto;Asfaltata;Verticale ed orizzontale;Sereno;Normale;Buona;;1;0;0;1;12.456;41.8714;-1;;;;Pedone;M;Rimandato;0;NON DECEDUTO;;
5872606;16;17/03/2022 07:10:00;Strada Urbana;VIA LAURA MANTEGAZZA;all'intersezione con;PIAZZALE ENRICO DUNANT;PIAZZALE ENRICO DUNANT;;;Investimento di pedone;Intersezione stradale segnalata;Una carreggiata a senso unico di marcia;Asciutto;Asfaltata;Verticale ed orizzontale;Sereno;Normale;Buona;;1;0;0;1;12.456;41.8714;-1;1;Autovettura privata;In marcia / fermata / arresto;Conducente;M;Illeso;0;;Non accertato;
5872631;17;17/03/2022 09:00:00;Strada Urbana;CIRCONVALLAZIONE CLODIA;da specificare;;;;prossimità maresciallo giardino;Tamponamento;Rettilineo;Due carreggiate;Asciutto;Asfaltata;Verticale ed orizzontale;Sereno;Normale;Buona;;0;0;0;2;12.4561;41.9181;0;1;Autovettura privata;In marcia / fermata / arresto;Conducente;M;Illeso;0;;;
5872631;17;17/03/2022 09:00:00;Strada Urbana;CIRCONVALLAZIONE CLODIA;da specificare;;;;prossimità maresciallo giardino;Tamponamento;Rettilineo;Due carreggiate;Asciutto;Asfaltata;Verticale ed orizzontale;Sereno;Normale;Buona;;0;0;0;2;12.4561;41.9181;0;2;Autovettura privata;In marcia / fermata / arresto;Conducente;M;Illeso;0;;;
5872639;1;17/03/2022 18:30:00;Strada Urbana;VIA DEL TRITONE;in corrispondenza;;del civico n.;172;;Investimento di pedone;Rettilineo;Una carreggiata a doppio senso;Asciutto;Asfaltata;Verticale ed orizzontale;Sereno;Intenso;Buona;;0;0;0;2;12.4848;41.9026;0;;;;Pedone;M;Illeso;0;;;
5872639;1;17/03/2022 18:30:00;Strada Urbana;VIA DEL TRITONE;in corrispondenza;;del civico n.;172;;Investimento di pedone;Rettilineo;Una carreggiata a doppio senso;Asciutto;Asfaltata;Verticale ed orizzontale;Sereno;Intenso;Buona;;0;0;0;2;12.4848;41.9026;0;1;Motociclo a solo;In marcia / fermata / arresto;Conducente;M;Illeso;0;;Non accertato;
5872647;19;17/03/2022 17:00:00;Strada Urbana;VIA LUIGI ARBIB PASCUCCI;in corrispondenza;;del civico n.;20;;Scontro laterale fra veicoli in marcia;Rettilineo;Una carreggiata a senso unico di marcia;Asciutto;Asfaltata;Verticale ed orizzontale;Sereno;Normale;Buona;;1;0;0;2;12.4275;41.926;-1;1;Autovettura privata;In marcia / fermata / arresto;Conducente;F;Illeso;0;;Non accertato;
5872647;19;17/03/2022 17:00:00;Strada Urbana;VIA LUIGI ARBIB PASCUCCI;in corrispondenza;;del civico n.;20;;Scontro laterale fra veicoli in marcia;Rettilineo;Una carreggiata a senso unico di marcia;Asciutto;Asfaltata;Verticale ed orizzontale;Sereno;Normale;Buona;;1;0;0;2;12.4275;41.926;-1;2;Motociclo con passeggero;In marcia / fermata / arresto;Conducente;M;Illeso;0;;Non accertato;
5872647;19;17/03/2022 17:00:00;Strada Urbana;VIA LUIGI ARBIB PASCUCCI;in corrispondenza;;del civico n.;20;;Scontro laterale fra veicoli in marcia;Rettilineo;Una carreggiata a senso unico di marcia;Asciutto;Asfaltata;Verticale ed orizzontale;Sereno;Normale;Buona;;1;0;0;2;12.4275;41.926;-1;2;Motociclo con passeggero;In marcia / fermata / arresto;Passeggero;M;Rifiuta cure immediate;0;NON DECEDUTO;Non accertato;
5872656;16;17/03/2022 21:50:00;;CIRCONVALLAZIONE GIANICOLENSE;in corrispondenza;;del civico n.;64/A;;Tamponamento;;;;;;;;;;1;0;0;2;12.4606;41.8728;0;1;Autocarro inferiore 35 q.;In marcia / fermata / arresto;Conducente;M;Illeso;0;;;
5872656;16;17/03/2022 21:50:00;;CIRCONVALLAZIONE GIANICOLENSE;in corrispondenza;;del civico n.;64/A;;Tamponamento;;;;;;;;;;1;0;0;2;12.4606;41.8728;0;2;Motociclo a solo;In marcia / fermata / arresto;Conducente;M;Rimandato;0;NON DECEDUTO;;
5872656;16;17/03/2022 21:50:00;;CIRCONVALLAZIONE GIANICOLENSE;in corrispondenza;;del civico n.;64/A;;Tamponamento;;;;;;;;;;1;0;0;2;12.4606;41.8728;0;2;Motociclo a solo;In marcia / fermata / arresto;Passeggero;F;Illeso;0;;;
5872658;5;17/03/2022 11:30:00;Strada Urbana;VIALE ETTORE FRANCESCHINI;in prossimità;;del civico n.;69;;Scontro laterale fra veicoli in marcia;Rettilineo;Due carreggiate;Asciutto;Asfaltata;Verticale;Sereno;Normale;Buona;;0;0;0;3;12.5748;41.9116;-1;1;Autovettura privata;In marcia / fermata / arresto;Conducente;M;Illeso;0;;Non accertato;Inesploso
5872658;5;17/03/2022 11:30:00;Strada Urbana;VIALE ETTORE FRANCESCHINI;in prossimità;;del civico n.;69;;Scontro laterale fra veicoli in marcia;Rettilineo;Due carreggiate;Asciutto;Asfaltata;Verticale;Sereno;Normale;Buona;;0;0;0;3;12.5748;41.9116;-1;2;Autovettura privata;In marcia / fermata / arresto;Conducente;M;Illeso;0;;Non accertato;
5872658;5;17/03/2022 11:30:00;Strada Urbana;VIALE ETTORE FRANCESCHINI;in prossimità;;del civico n.;69;;Scontro laterale fra veicoli in marcia;Rettilineo;Due carreggiate;Asciutto;Asfaltata;Verticale;Sereno;Normale;Buona;;0;0;0;3;12.5748;41.9116;-1;2;Autovettura privata;In marcia / fermata / arresto;Passeggero;F;Illeso;0;;Non accertato;
5872660;18;17/03/2022 08:00:00;Strada Urbana;VIA DELLA PINETA SACCHETTI;da specificare;;;;altezza Via Eugenio IV;Tamponamento Multiplo;Rettilineo;Una carreggiata a doppio senso;Asciutto;Asfaltata;Verticale ed orizzontale;Nuvoloso;Normale;Buona;;1;0;0;3;12.425;41.924;-1;1;Motociclo a solo;In marcia / fermata / arresto;Conducente;M;Illeso;0;;;
5872660;18;17/03/2022 08:00:00;Strada Urbana;VIA DELLA PINETA SACCHETTI;da specificare;;;;altezza Via Eugenio IV;Tamponamento Multiplo;Rettilineo;Una carreggiata a doppio senso;Asciutto;Asfaltata;Verticale ed orizzontale;Nuvoloso;Normale;Buona;;1;0;0;3;12.425;41.924;-1;2;Autovettura privata;In marcia / fermata / arresto;Conducente;M;Illeso;0;;;
5872660;18;17/03/2022 08:00:00;Strada Urbana;VIA DELLA PINETA SACCHETTI;da specificare;;;;altezza Via Eugenio IV;Tamponamento Multiplo;Rettilineo;Una carreggiata a doppio senso;Asciutto;Asfaltata;Verticale ed orizzontale;Nuvoloso;Normale;Buona;;1;0;0;3;12.425;41.924;-1;2;Autovettura privata;In marcia / fermata / arresto;Passeggero;F;Illeso;0;;;
5872660;18;17/03/2022 08:00:00;Strada Urbana;VIA DELLA PINETA SACCHETTI;da specificare;;;;altezza Via Eugenio IV;Tamponamento Multiplo;Rettilineo;Una carreggiata a doppio senso;Asciutto;Asfaltata;Verticale ed orizzontale;Nuvoloso;Normale;Buona;;1;0;0;3;12.425;41.924;-1;3;Motociclo a solo;In marcia / fermata / arresto;Conducente;M;Ricoverato;0;NON DECEDUTO;Non accertato;
5872667;19;17/03/2022 19:45:00;Strada Urbana;VIA DI TORREVECCHIA;in corrispondenza;;del civico n.;625;;Scontro frontale fra veicoli in marcia;Rettilineo;Una carreggiata a doppio senso;Asciutto;Asfaltata;Verticale ed orizzontale;Sereno;Normale;Buona;;1;0;0;2;12.411;41.9216;-1;1;Autovettura privata;In marcia / fermata / arresto;Conducente;M;Illeso;0;;Non accertato;Inesploso
5872667;19;17/03/2022 19:45:00;Strada Urbana;VIA DI TORREVECCHIA;in corrispondenza;;del civico n.;625;;Scontro frontale fra veicoli in marcia;Rettilineo;Una carreggiata a doppio senso;Asciutto;Asfaltata;Verticale ed orizzontale;Sereno;Normale;Buona;;1;0;0;2;12.411;41.9216;-1;1;Autovettura privata;In marcia / fermata / arresto;Passeggero;M;Illeso;0;;Non accertato;Inesploso
5872667;19;17/03/2022 19:45:00;Strada Urbana;VIA DI TORREVECCHIA;in corrispondenza;;del civico n.;625;;Scontro frontale fra veicoli in marcia;Rettilineo;Una carreggiata a doppio senso;Asciutto;Asfaltata;Verticale ed orizzontale;Sereno;Normale;Buona;;1;0;0;2;12.411;41.9216;-1;2;Monopattino elettrico;In marcia / fermata / arresto;Conducente;F;Ricoverato;0;NON DECEDUTO;Non accertato;Inesistente
5872672;7;18/03/2022 09:10:00;Strada Urbana;VIA DELLE PALME;all'intersezione con;VIA DEI CICLAMINI;VIA DEI CICLAMINI;;;Scontro frontale/laterale SX fra veicoli in marcia;Intersezione stradale segnalata;Una carreggiata a doppio senso;Asciutto;Asfaltata;Verticale ed orizzontale;Nuvoloso;Normale;Sufficiente;;0;0;0;2;12.567;41.8897;-1;1;Autovettura privata;In marcia / fermata / arresto;Conducente;M;Illeso;0;;;
5872672;7;18/03/2022 09:10:00;Strada Urbana;VIA DELLE PALME;all'intersezione con;VIA DEI CICLAMINI;VIA DEI CICLAMINI;;;Scontro frontale/laterale SX fra veicoli in marcia;Intersezione stradale segnalata;Una carreggiata a doppio senso;Asciutto;Asfaltata;Verticale ed orizzontale;Nuvoloso;Normale;Sufficiente;;0;0;0;2;12.567;41.8897;-1;2;Autovettura privata;In marcia / fermata / arresto;Conducente;M;Illeso;0;;;
5872685;5;17/03/2022 22:45:00;Statale;VIA TIBURTINA;all'intersezione con;VIALE DEL TECNOPOLO;VIALE DEL TECNOPOLO;;;Veicolo in marcia contro ostacolo fisso;Intersezione semaforizzata;Più di due carreggiate;Asciutto;Asfaltata;Verticale ed orizzontale;Sereno;Scarso;Buona;;3;0;0;0;12.6385;41.9411;-1;1;Autovettura privata;In marcia / fermata / arresto;Conducente;M;Rimandato;0;NON DECEDUTO;Non accertato;
5872685;5;17/03/2022 22:45:00;Statale;VIA TIBURTINA;all'intersezione con;VIALE DEL TECNOPOLO;VIALE DEL TECNOPOLO;;;Veicolo in marcia contro ostacolo fisso;Intersezione semaforizzata;Più di due carreggiate;Asciutto;Asfaltata;Verticale ed orizzontale;Sereno;Scarso;Buona;;3;0;0;0;12.6385;41.9411;-1;1;Autovettura privata;In marcia / fermata / arresto;Passeggero;F;Rimandato;0;NON DECEDUTO;Non accertato;
5872702;17;17/03/2022 21:40:00;Strada Urbana;PIAZZA DELLA LIBERTA';all'intersezione con;VIA VIRGINIO ORSINI;VIA VIRGINIO ORSINI;;;Scontro frontale/laterale DX fra veicoli in marcia;Incrocio;Una carreggiata a doppio senso;Asciutto;Asfaltata;Verticale ed orizzontale;Sereno;Normale;Sufficiente;;0;0;0;5;12.4707;41.9093;-1;1;Autovettura privata;In marcia / fermata / arresto;Conducente;F;Illeso;0;;Non accertato;
5872702;17;17/03/2022 21:40:00;Strada Urbana;PIAZZA DELLA LIBERTA';all'intersezione con;VIA VIRGINIO ORSINI;VIA VIRGINIO ORSINI;;;Scontro frontale/laterale DX fra veicoli in marcia;Incrocio;Una carreggiata a doppio senso;Asciutto;Asfaltata;Verticale ed orizzontale;Sereno;Normale;Sufficiente;;0;0;0;5;12.4707;41.9093;-1;2;Autovettura privata;In marcia / fermata / arresto;Conducente;F;Illeso;0;;Non accertato;
5872702;17;17/03/2022 21:40:00;Strada Urbana;PIAZZA DELLA LIBERTA';all'intersezione con;VIA VIRGINIO ORSINI;VIA VIRGINIO ORSINI;;;Scontro frontale/laterale DX fra veicoli in marcia;Incrocio;Una carreggiata a doppio senso;Asciutto;Asfaltata;Verticale ed orizzontale;Sereno;Normale;Sufficiente;;0;0;0;5;12.4707;41.9093;-1;2;Autovettura privata;In marcia / fermata / arresto;Passeggero;F;Illeso;0;;;
5872702;17;17/03/2022 21:40:00;Strada Urbana;PIAZZA DELLA LIBERTA';all'intersezione con;VIA VIRGINIO ORSINI;VIA VIRGINIO ORSINI;;;Scontro frontale/laterale DX fra veicoli in marcia;Incrocio;Una carreggiata a doppio senso;Asciutto;Asfaltata;Verticale ed orizzontale;Sereno;Normale;Sufficiente;;0;0;0;5;12.4707;41.9093;-1;2;Autovettura privata;In marcia / fermata / arresto;Passeggero;F;Illeso;0;;;
5872702;17;17/03/2022 21:40:00;Strada Urbana;PIAZZA DELLA LIBERTA';all'intersezione con;VIA VIRGINIO ORSINI;VIA VIRGINIO ORSINI;;;Scontro frontale/laterale DX fra veicoli in marcia;Incrocio;Una carreggiata a doppio senso;Asciutto;Asfaltata;Verticale ed orizzontale;Sereno;Normale;Sufficiente;;0;0;0;5;12.4707;41.9093;-1;2;Autovettura privata;In marcia / fermata / arresto;Passeggero;F;Illeso;0;;;
5872703;5;17/03/2022 13:10:00;Strada Urbana;VIALE PALMIRO TOGLIATTI;da specificare;;;;1558;Scontro laterale fra veicoli in marcia;Rettilineo;Due carreggiate;Asciutto;Asfaltata;Verticale ed orizzontale;Sereno;Normale;Buona;;0;0;0;1;12.5716;41.9124;-1;1;Autovettura privata;In marcia / fermata / arresto;Conducente;F;Illeso;0;;Non accertato;
5872703;5;17/03/2022 13:10:00;Strada Urbana;VIALE PALMIRO TOGLIATTI;da specificare;;;;1558;Scontro laterale fra veicoli in marcia;Rettilineo;Due carreggiate;Asciutto;Asfaltata;Verticale ed orizzontale;Sereno;Normale;Buona;;0;0;0;1;12.5716;41.9124;-1;2;Autovettura privata;Allontanatosi;;;;;;;
5872714;7;17/03/2022 14:40:00;Strada Urbana;VIA DEGLI OLIVI;all'intersezione con;VIA DELLE PETUNIE;VIA DELLE PETUNIE;;;Scontro frontale/laterale DX fra veicoli in marcia;Incrocio;Una carreggiata a doppio senso;Asciutto;Asfaltata;Verticale ed orizzontale;Sereno;Normale;Buona;;0;0;0;3;12.5697;41.8874;-1;1;Autovettura privata;In marcia / fermata / arresto;Conducente;F;Illeso;0;;Non accertato;Inesploso
5872714;7;17/03/2022 14:40:00;Strada Urbana;VIA DEGLI OLIVI;all'intersezione con;VIA DELLE PETUNIE;VIA DELLE PETUNIE;;;Scontro frontale/laterale DX fra veicoli in marcia;Incrocio;Una carreggiata a doppio senso;Asciutto;Asfaltata;Verticale ed orizzontale;Sereno;Normale;Buona;;0;0;0;3;12.5697;41.8874;-1;1;Autovettura privata;In marcia / fermata / arresto;Passeggero;F;Illeso;0;;Non accertato;Inesploso
5872714;7;17/03/2022 14:40:00;Strada Urbana;VIA DEGLI OLIVI;all'intersezione con;VIA DELLE PETUNIE;VIA DELLE PETUNIE;;;Scontro frontale/laterale DX fra veicoli in marcia;Incrocio;Una carreggiata a doppio senso;Asciutto;Asfaltata;Verticale ed orizzontale;Sereno;Normale;Buona;;0;0;0;3;12.5697;41.8874;-1;2;Autovettura privata;In marcia / fermata / arresto;Conducente;F;Illeso;0;;Non accertato;Inesploso
5872715;5;17/03/2022 11:45:00;Strada Urbana;VIA FERONIA;da specificare;;;;altezza via Melissa;Ribaltamento senza urto contro ostacolo fisso;Rettilineo;Una carreggiata a senso unico di marcia;Viscido da liquidi oleosi;Asfaltata;Verticale;Sereno;Normale;Buona;;1;0;0;1;12.5522;41.9143;-1;1;Motociclo con passeggero;In marcia / fermata / arresto;Conducente;M;Illeso;0;;Non accertato;
5872715;5;17/03/2022 11:45:00;Strada Urbana;VIA FERONIA;da specificare;;;;altezza via Melissa;Ribaltamento senza urto contro ostacolo fisso;Rettilineo;Una carreggiata a senso unico di marcia;Viscido da liquidi oleosi;Asfaltata;Verticale;Sereno;Normale;Buona;;1;0;0;1;12.5522;41.9143;-1;1;Motociclo con passeggero;In marcia / fermata / arresto;Passeggero;M;Rimandato;0;NON DECEDUTO;Non accertato;
5872727;6;18/03/2022 10:40:00;Strada Urbana;VIALE DELLA SERENISSIMA;all'intersezione semaforizzata con;VIALE DELLA VENEZIA GIULIA;VIALE DELLA VENEZIA GIULIA;;;Veicolo in marcia contro ostacolo fisso;Intersezione semaforizzata;Due carreggiate;Asciutto;Asfaltata;Verticale ed orizzontale;Nuvoloso;Normale;Buona;;0;0;0;1;12.5587;41.8967;-1;1;Autovettura privata;In marcia / fermata / arresto;Conducente;M;Illeso;0;;Non accertato;Inesploso
5872735;5;17/03/2022 09:00:00;Strada Urbana;VIA TIBURTINA;all'intersezione con;VIA DEL CASALE DI S. BASILIO;VIA DEL CASALE DI S. BASILIO;;;Scontro frontale/laterale DX fra veicoli in marcia;Intersezione stradale segnalata;Due carreggiate;Asciutto;Asfaltata;Verticale ed orizzontale;Sereno;Normale;Buona;;0;0;0;2;12.5845;41.9326;-1;1;Autovettura privata;In marcia / fermata / arresto;Conducente;M;Illeso;0;;Non accertato;
5872735;5;17/03/2022 09:00:00;Strada Urbana;VIA TIBURTINA;all'intersezione con;VIA DEL CASALE DI S. BASILIO;VIA DEL CASALE DI S. BASILIO;;;Scontro frontale/laterale DX fra veicoli in marcia;Intersezione stradale segnalata;Due carreggiate;Asciutto;Asfaltata;Verticale ed orizzontale;Sereno;Normale;Buona;;0;0;0;2;12.5845;41.9326;-1;2;Autovettura privata;In marcia / fermata / arresto;Conducente;F;Illeso;0;;Non accertato;
5872776;18;17/03/2022 12:30:00;Strada Urbana;VIA FRATEL GIUSEPPE LAZZARO;in prossimità;;del palo luce n.;4;;Scontro frontale fra veicoli in marcia;Rettilineo;Una carreggiata a doppio senso;Asciutto;Asfaltata;Verticale ed orizzontale;Nuvoloso;Scarso;Buona;;0;0;0;2;12.4011;41.9134;-1;1;Quadriciclo leggero;In marcia / fermata / arresto;Conducente;M;Illeso;0;;;
5872776;18;17/03/2022 12:30:00;Strada Urbana;VIA FRATEL GIUSEPPE LAZZARO;in prossimità;;del palo luce n.;4;;Scontro frontale fra veicoli in marcia;Rettilineo;Una carreggiata a doppio senso;Asciutto;Asfaltata;Verticale ed orizzontale;Nuvoloso;Scarso;Buona;;0;0;0;2;12.4011;41.9134;-1;2;Autovettura privata;In marcia / fermata / arresto;Conducente;F;Illeso;0;;;
5872777;4;18/03/2022 00:01:00;Strada Urbana;VIA CARLO MUSCETTA;in corrispondenza;;del civico n.;73;;Veicolo in marcia contro ostacolo fisso;Dosso;Una carreggiata a doppio senso;Asciutto;Asfaltata;Verticale ed orizzontale;Sereno;Normale;Buona;;1;0;0;0;12.5599;41.9849;-1;1;Autovettura privata;In marcia / fermata / arresto;Conducente;M;Rimandato;0;NON DECEDUTO;;
5872791;4;18/03/2022 04:15:00;Strada Urbana;VIA DEI PRATI FISCALI;in prossimità;;del civico n.;271;;Veicolo in marcia contro veicoli in sosta;Rettilineo;Due carreggiate;Asciutto;Asfaltata;Verticale ed orizzontale;Sereno;Normale;Buona;;0;0;0;1;12.5148;41.9457;-1;1;Autovettura privata;In marcia / fermata / arresto;Conducente;M;Illeso;0;;Non accertato;Inesploso
5872791;4;18/03/2022 04:15:00;Strada Urbana;VIA DEI PRATI FISCALI;in prossimità;;del civico n.;271;;Veicolo in marcia contro veicoli in sosta;Rettilineo;Due carreggiate;Asciutto;Asfaltata;Verticale ed orizzontale;Sereno;Normale;Buona;;0;0;0;1;12.5148;41.9457;-1;2;Autovettura privata;Sosta;;;;;;;