Protocollo;Gruppo;DataOraIncidente;Localizzazione1;STRADA1;Localizzazione2;STRADA2;Strada02;Chilometrica;DaSpecificare;NaturaIncidente;particolaritastrade;TipoStrada;FondoStradale;Pavimentazione;Segnaletica;CondizioneAtmosferica;Traffico;Visibilita;Illuminazione;NUM_FERITI;NUM_RISERVATA;NUM_MORTI;NUM_ILLESI;Longitude;Latitude;Confermato;Progressivo;TipoVeicolo;StatoVeicolo;TipoPersona;Sesso;Tipolesione;Deceduto;DecedutoDopo;CinturaCascoUtilizzato;Airbag;
5876680;2;19/03/2022 18:00:00;Strada Urbana;PIAZZA GONDAR;all'intersezione semaforizzata con;VIALE ETIOPIA;VIALE ETIOPIA;;;Scontro frontale/laterale DX fra veicoli in marcia;Intersezione semaforizzata;Due carreggiate;Asciutto;Asfaltata;Verticale ed orizzontale;Nuvoloso;Intenso;Buona;;0;0;0;4;12.5209;41.9333;-1;1;Autovettura privata;In marcia / fermata / arresto;Passeggero;F;Illeso;0;;Non accertato;Inesploso
5876680;2;19/03/2022 18:00:00;Strada Urbana;PIAZZA GONDAR;all'intersezione semaforizzata con;VIALE ETIOPIA;VIALE ETIOPIA;;;Scontro frontale/laterale DX fra veicoli in marcia;Intersezione semaforizzata;Due carreggiate;Asciutto;Asfaltata;Verticale ed orizzontale;Nuvoloso;Intenso;Buona;;0;0;0;4;12.5209;41.9333;-1;2;Motociclo con passeggero;In marcia / fermata / arresto;Conducente;F;Illeso;0;;Non accertato;
5876680;2;19/03/2022 18:00:00;Strada Urbana;PIAZZA GONDAR;all'intersezione semaforizzata con;VIALE ETIOPIA;VIALE ETIOPIA;;;Scontro frontale/laterale DX fra veicoli in marcia;Intersezione semaforizzata;Due carreggiate;Asciutto;Asfaltata;Verticale ed orizzontale;Nuvoloso;Intenso;Buona;;0;0;0;4;12.5209;41.9333;-1;2;Motociclo con passeggero;In marcia / fermata / arresto;Passeggero;F;Illeso;0;;;
5876687;2;20/03/2022 12:15:00;Strada Urbana;CIRCONVALLAZIONE SALARIA;da specificare;;;;alt. uscita via Salaria dir. stadio;Veicolo in marcia contro ostacolo fisso;Rettilineo;Più di due carreggiate;Asciutto;Asfaltata;Verticale ed orizzontale;Sereno;Normale;Buona;;0;0;0;2;12.5207;41.9347;-1;1;Autovettura privata;In marcia / fermata / arresto;Conducente;M;Illeso;0;;Non accertato;Inesploso
5876687;2;20/03/2022 12:15:00;Strada Urbana;CIRCONVALLAZIONE SALARIA;da specificare;;;;alt. uscita via Salaria dir. stadio;Veicolo in marcia contro ostacolo fisso;Rettilineo;Più di due carreggiate;Asciutto;Asfaltata;Verticale ed orizzontale;Sereno;Normale;Buona;;0;0;0;2;12.5207;41.9347;-1;1;Autovettura privata;In marcia / fermata / arresto;Passeggero;M;Illeso;0;;Non accertato;Inesploso
5876696;17;19/03/2022 17:00:00;Strada Urbana;VIALE GIULIO CESARE;in prossimità;;del civico n.;89;;Veicolo in marcia contro veicolo in sosta;Rettilineo;Più di due carreggiate;Asciutto;Asfaltata;Verticale ed orizzontale;Nuvoloso;Scarso;Buona;;0;0;0;1;12.4613;41.91;0;1;Autovettura privata;In marcia / fermata / arresto;Conducente;F;Illeso;0;;;
5876696;17;19/03/2022 17:00:00;Strada Urbana;VIALE GIULIO CESARE;in prossimità;;del civico n.;89;;Veicolo in marcia contro veicolo in sosta;Rettilineo;Più di due carreggiate;Asciutto;Asfaltata;Verticale ed orizzontale;Nuvoloso;Scarso;Buona;;0;0;0;1;12.4613;41.91;0;2;Autovettura privata;Sosta;;;;;;;
5876702;2;20/03/2022 05:30:00;Strada Urbana;VIALE DEI PUPAZZI;all'intersezione con;VIALE ANTONINO E FAUSTINA;VIALE ANTONINO E FAUSTINA;;;Veicolo in marcia contro ostacolo fisso;Incrocio;Due carreggiate;Asciutto;Sterrata;Assente;Sereno;Scarso;Buona;;0;0;0;1;12.4894;41.9136;-1;1;Autovettura privata;In marcia / fermata / arresto;Conducente;M;Illeso;0;;Non accertato;Inesploso
5876712;2;19/03/2022 17:30:00;;VIA MALTA;all'intersezione con;PIAZZA TRENTO;PIAZZA TRENTO;;;Scontro frontale fra veicoli in marcia;;;;;;;;;;1;0;0;0;12.5058;41.9174;0;1;Velocipede;In marcia / fermata / arresto;Conducente;M;Rimandato;0;NON DECEDUTO;Esente;
5876724;17;20/03/2022 21:05:00;Strada Urbana;LUNGOTEVERE DEI MELLINI;da specificare;;;;sottopasso sottostante piazza della Libertà;Scontro laterale fra veicoli in marcia;Rettilineo;Una carreggiata a senso unico di marcia;Asciutto;Asfaltata;Verticale ed orizzontale;Nuvoloso;Scarso;Buona;;1;0;0;3;12.4729;41.9075;0;1;Motociclo a solo;In marcia / fermata / arresto;Conducente;M;Rimandato;0;NON DECEDUTO;;
5876724;17;20/03/2022 21:05:00;Strada Urbana;LUNGOTEVERE DEI MELLINI;da specificare;;;;sottopasso sottostante piazza della Libertà;Scontro laterale fra veicoli in marcia;Rettilineo;Una carreggiata a senso unico di marcia;Asciutto;Asfaltata;Verticale ed orizzontale;Nuvoloso;Scarso;Buona;;1;0;0;3;12.4729;41.9075;0;2;Autovettura privata;In marcia / fermata / arresto;Conducente;M;Illeso;0;;;
5876724;17;20/03/2022 21:05:00;Strada Urbana;LUNGOTEVERE DEI MELLINI;da specificare;;;;sottopasso sottostante piazza della Libertà;Scontro laterale fra veicoli in marcia;Rettilineo;Una carreggiata a senso unico di marcia;Asciutto;Asfaltata;Verticale ed orizzontale;Nuvoloso;Scarso;Buona;;1;0;0;3;12.4729;41.9075;0;2;Autovettura privata;In marcia / fermata / arresto;Passeggero;M;Illeso;0;;;
5876725;17;20/03/2022 16:35:00;Strada Urbana;VIALE ANGELICO;all'intersezione con;VIALE DELLE MILIZIE;VIALE DELLE MILIZIE;;;Tamponamento;Intersezione semaforizzata;Più di due carreggiate;Asciutto;Asfaltata;Verticale ed orizzontale;Nuvoloso;Normale;Buona;;0;0;0;2;12.458;41.9113;-1;1;Autovettura privata;In marcia / fermata / arresto;Conducente;M;Illeso;0;;;
5876725;17;20/03/2022 16:35:00;Strada Urbana;VIALE ANGELICO;all'intersezione con;VIALE DELLE MILIZIE;VIALE DELLE MILIZIE;;;Tamponamento;Intersezione semaforizzata;Più di due carreggiate;Asciutto;Asfaltata;Verticale ed orizzontale;Nuvoloso;Normale;Buona;;0;0;0;2;12.458;41.9113;-1;2;Autovettura privata;In marcia / fermata / arresto;Conducente;M;Illeso;0;;;
5876747;17;20/03/2022 04:30:00;Strada Urbana;VIALE DELLO STADIO OLIMPICO;da specificare;;;;prossimità PALO LUCE 14;Scontro laterale fra veicoli in marcia;Curva a visuale libera;Una carreggiata a senso unico di marcia;Asciutto;Asfaltata;Verticale ed orizzontale;Sereno;Scarso;Sufficiente;;0;0;0;2;12.454;41.9301;0;1;Autovettura privata;In marcia / fermata / arresto;Conducente;M;Illeso;0;;;
5876747;17;20/03/2022 04:30:00;Strada Urbana;VIALE DELLO STADIO OLIMPICO;da specificare;;;;prossimità PALO LUCE 14;Scontro laterale fra veicoli in marcia;Curva a visuale libera;Una carreggiata a senso unico di marcia;Asciutto;Asfaltata;Verticale ed orizzontale;Sereno;Scarso;Sufficiente;;0;0;0;2;12.454;41.9301;0;2;Autovettura privata;In marcia / fermata / arresto;Conducente;F;Illeso;0;;;
5876750;2;20/03/2022 18:30:00;Strada Urbana;VIALE DEL MURO TORTO;in prossimità;;del palo luce n.;17;;Veicolo in marcia contro ostacolo fisso;Curva a visuale libera;Una carreggiata a senso unico di marcia;Asciutto;Asfaltata;Verticale ed orizzontale;Nuvoloso;Normale;Sufficiente;;3;0;0;1;12.4817;41.9107;-1;1;Autovettura privata;In marcia / fermata / arresto;Conducente;M;Rimandato;0;NON DECEDUTO;;
5876750;2;20/03/2022 18:30:00;Strada Urbana;VIALE DEL MURO TORTO;in prossimità;;del palo luce n.;17;;Veicolo in marcia contro ostacolo fisso;Curva a visuale libera;Una carreggiata a senso unico di marcia;Asciutto;Asfaltata;Verticale ed orizzontale;Nuvoloso;Normale;Sufficiente;;3;0;0;1;12.4817;41.9107;-1;1;Autovettura privata;In marcia / fermata / arresto;Passeggero;M;Rimandato;0;NON DECEDUTO;;
5876750;2;20/03/2022 18:30:00;Strada Urbana;VIALE DEL MURO TORTO;in prossimità;;del palo luce n.;17;;Veicolo in marcia contro ostacolo fisso;Curva a visuale libera;Una carreggiata a senso unico di marcia;Asciutto;Asfaltata;Verticale ed orizzontale;Nuvoloso;Normale;Sufficiente;;3;0;0;1;12.4817;41.9107;-1;1;Autovettura privata;In marcia / fermata / arresto;Passeggero;M;Illeso;0;;;
5876750;2;20/03/2022 18:30:00;Strada Urbana;VIALE DEL MURO TORTO;in prossimità;;del palo luce n.;17;;Veicolo in marcia contro ostacolo fisso;Curva a visuale libera;Una carreggiata a senso unico di marcia;Asciutto;Asfaltata;Verticale ed orizzontale;Nuvoloso;Normale;Sufficiente;;3;0;0;1;12.4817;41.9107;-1;1;Autovettura privata;In marcia / fermata / arresto;Passeggero;M;Rimandato;0;NON DECEDUTO;;
5876778;19;20/03/2022 11:55:00;Strada Urbana;VIA CESIRA FIORI;in prossimità;;del civico n.;6;;Scontro frontale/laterale SX fra veicoli in marcia;Rettilineo;Due carreggiate;Asciutto;Asfaltata;Verticale;Sereno;Scarso;Buona;;2;0;0;0;12.3989;41.9583;-1;1;Autovettura privata;In marcia / fermata / arresto;Conducente;F;Rifiuta cure immediate;0;NON DECEDUTO;Non accertato;Inesploso
5876778;19;20/03/2022 11:55:00;Strada Urbana;VIA CESIRA FIORI;in prossimità;;del civico n.;6;;Scontro frontale/laterale SX fra veicoli in marcia;Rettilineo;Due carreggiate;Asciutto;Asfaltata;Verticale;Sereno;Scarso;Buona;;2;0;0;0;12.3989;41.9583;-1;2;Autovettura privata;In marcia / fermata / arresto;Conducente;F;Rifiuta cure immediate;0;NON DECEDUTO;Non accertato;Inesploso
5876811;19;20/03/2022 22:20:00;Strada Urbana;VIA DEI MONTI DI PRIMAVALLE;in prossimità;;del civico n.;84;;Veicolo in marcia contro veicoli in sosta;Rettilineo;Una carreggiata a doppio senso;Asciutto;Asfaltata;Assente;Sereno;Scarso;Buona;;1;0;0;0;12.4132;41.912;-1;1;Autovettura privata;In marcia / fermata / arresto;Conducente;M;Rimandato;0;NON DECEDUTO;;
5876811;19;20/03/2022 22:20:00;Strada Urbana;VIA DEI MONTI DI PRIMAVALLE;in prossimità;;del civico n.;84;;Veicolo in marcia contro veicoli in sosta;Rettilineo;Una carreggiata a doppio senso;Asciutto;Asfaltata;Assente;Sereno;Scarso;Buona;;1;0;0;0;12.4132;41.912;-1;2;Autovettura privata;Sosta;;;;;;;
5876811;19;20/03/2022 22:20:00;Strada Urbana;VIA DEI MONTI DI PRIMAVALLE;in prossimità;;del civico n.;84;;Veicolo in marcia contro veicoli in sosta;Rettilineo;Una carreggiata a doppio senso;Asciutto;Asfaltata;Assente;Sereno;Scarso;Buona;;1;0;0;0;12.4132;41.912;-1;3;Autovettura privata;Sosta;;;;;;;
5876811;19;20/03/2022 22:20:00;Strada Urbana;VIA DEI MONTI DI PRIMAVALLE;in prossimità;;del civico n.;84;;Veicolo in marcia contro veicoli in sosta;Rettilineo;Una carreggiata a doppio senso;Asciutto;Asfaltata;Assente;Sereno;Scarso;Buona;;1;0;0;0;12.4132;41.912;-1;4;Autovettura privata;Sosta;;;;;;;
5876811;19;20/03/2022 22:20:00;Strada Urbana;VIA DEI MONTI DI PRIMAVALLE;in prossimità;;del civico n.;84;;Veicolo in marcia contro veicoli in sosta;Rettilineo;Una carreggiata a doppio senso;Asciutto;Asfaltata;Assente;Sereno;Scarso;Buona;;1;0;0;0;12.4132;41.912;-1;5;Autovettura privata;Sosta;;;;;;;
5876813;2;19/03/2022 23:30:00;Strada Urbana;VIA FOGLIANO;all'intersezione con;VIA ARCHIANO;VIA ARCHIANO;;;Scontro frontale/laterale SX fra veicoli in marcia;Intersezione stradale segnalata;Una carreggiata a senso unico di marcia;Asciutto;Asfaltata;Verticale ed orizzontale;Sereno;Scarso;Sufficiente;;1;0;0;4;12.5081;41.9275;-1;1;Autovettura privata;In marcia / fermata / arresto;Conducente;M;Illeso;0;;Non accertato;Inesploso
5876813;2;19/03/2022 23:30:00;Strada Urbana;VIA FOGLIANO;all'intersezione con;VIA ARCHIANO;VIA ARCHIANO;;;Scontro frontale/laterale SX fra veicoli in marcia;Intersezione stradale segnalata;Una carreggiata a senso unico di marcia;Asciutto;Asfaltata;Verticale ed orizzontale;Sereno;Scarso;Sufficiente;;1;0;0;4;12.5081;41.9275;-1;2;Autovettura privata;In marcia / fermata / arresto;Conducente;M;Illeso;0;;Non accertato;Inesploso
5876813;2;19/03/2022 23:30:00;Strada Urbana;VIA FOGLIANO;all'intersezione con;VIA ARCHIANO;VIA ARCHIANO;;;Scontro frontale/laterale SX fra veicoli in marcia;Intersezione stradale segnalata;Una carreggiata a senso unico di marcia;Asciutto;Asfaltata;Verticale ed orizzontale;Sereno;Scarso;Sufficiente;;1;0;0;4;12.5081;41.9275;-1;2;Autovettura privata;In marcia / fermata / arresto;Passeggero;M;Illeso;0;;Non accertato;Inesploso
5876813;2;19/03/2022 23:30:00;Strada Urbana;VIA FOGLIANO;all'intersezione con;VIA ARCHIANO;VIA ARCHIANO;;;Scontro frontale/laterale SX fra veicoli in marcia;Intersezione stradale segnalata;Una carreggiata a senso unico di marcia;Asciutto;Asfaltata;Verticale ed orizzontale;Sereno;Scarso;Sufficiente;;1;0;0;4;12.5081;41.9275;-1;2;Autovettura privata;In marcia / fermata / arresto;Passeggero;M;Rifiuta cure immediate;0;NON DECEDUTO;Non accertato;Inesploso
5876813;2;19/03/2022 23:30:00;Strada Urbana;VIA FOGLIANO;all'intersezione con;VIA ARCHIANO;VIA ARCHIANO;;;Scontro frontale/laterale SX fra veicoli in marcia;Intersezione stradale segnalata;Una carreggiata a senso unico di marcia;Asciutto;Asfaltata;Verticale ed orizzontale;Sereno;Scarso;Sufficiente;;1;0;0;4;12.5081;41.9275;-1;2;Autovettura privata;In marcia / fermata / arresto;Passeggero;M;Illeso;0;;Non accertato;Inesploso
5876840;13;20/03/2022 18:50:00;Strada Urbana;VIALE DEI ROMAGNOLI;all'intersezione con;PIAZZA DEL VILLAGGIO DI S. FRANCESCO;PIAZZA DEL VILLAGGIO DI S. FRANCESCO;;;Tamponamento Multiplo;Incrocio;Una carreggiata a doppio senso;Asciutto;Asfaltata;Verticale ed orizzontale;Sereno;Normale;Sufficiente;;0;0;0;7;12.3523;41.7804;-1;1;Autovettura privata;In marcia / fermata / arresto;Conducente;M;Illeso;0;;Non accertato;Inesploso
5876840;13;20/03/2022 18:50:00;Strada Urbana;VIALE DEI ROMAGNOLI;all'intersezione con;PIAZZA DEL VILLAGGIO DI S. FRANCESCO;PIAZZA DEL VILLAGGIO DI S. FRANCESCO;;;Tamponamento Multiplo;Incrocio;Una carreggiata a doppio senso;Asciutto;Asfaltata;Verticale ed orizzontale;Sereno;Normale;Sufficiente;;0;0;0;7;12.3523;41.7804;-1;2;Autovettura privata;In marcia / fermata / arresto;Conducente;M;Illeso;0;;;
5876840;13;20/03/2022 18:50:00;Strada Urbana;VIALE DEI ROMAGNOLI;all'intersezione con;PIAZZA DEL VILLAGGIO DI S. FRANCESCO;PIAZZA DEL VILLAGGIO DI S. FRANCESCO;;;Tamponamento Multiplo;Incrocio;Una carreggiata a doppio senso;Asciutto;Asfaltata;Verticale ed orizzontale;Sereno;Normale;Sufficiente;;0;0;0;7;12.3523;41.7804;-1;2;Autovettura privata;In marcia / fermata / arresto;Passeggero;F;Illeso;0;;Non accertato;Inesploso
5876840;13;20/03/2022 18:50:00;Strada Urbana;VIALE DEI ROMAGNOLI;all'intersezione con;PIAZZA DEL VILLAGGIO DI S. FRANCESCO;PIAZZA DEL VILLAGGIO DI S. FRANCESCO;;;Tamponamento Multiplo;Incrocio;Una carreggiata a doppio senso;Asciutto;Asfaltata;Verticale ed orizzontale;Sereno;Normale;Sufficiente;;0;0;0;7;12.3523;41.7804;-1;2;Autovettura privata;In marcia / fermata / arresto;Passeggero;M;Illeso;0;;Non accertato;Inesploso
5876840;13;20/03/2022 18:50:00;Strada Urbana;VIALE DEI ROMAGNOLI;all'intersezione con;PIAZZA DEL VILLAGGIO DI S. FRANCESCO;PIAZZA DEL VILLAGGIO DI S. FRANCESCO;;;Tamponamento Multiplo;Incrocio;Una carreggiata a doppio senso;Asciutto;Asfaltata;Verticale ed orizzontale;Sereno;Normale;Sufficiente;;0;0;0;7;12.3523;41.7804;-1;2;Autovettura privata;In marcia / fermata / arresto;Passeggero;M;Illeso;0;;Non accertato;Inesploso
5876840;13;20/03/2022 18:50:00;Strada Urbana;VIALE DEI ROMAGNOLI;all'intersezione con;PIAZZA DEL VILLAGGIO DI S. FRANCESCO;PIAZZA DEL VILLAGGIO DI S. FRANCESCO;;;Tamponamento Multiplo;Incrocio;Una carreggiata a doppio senso;Asciutto;Asfaltata;Verticale ed orizzontale;Sereno;Normale;Sufficiente;;0;0;0;7;12.3523;41.7804;-1;3;Autovettura privata;In marcia / fermata / arresto;Conducente;M;Illeso;0;;;
5876840;13;20/03/2022 18:50:00;Strada Urbana;VIALE DEI ROMAGNOLI;all'intersezione con;PIAZZA DEL VILLAGGIO DI S. FRANCESCO;PIAZZA DEL VILLAGGIO DI S. FRANCESCO;;;Tamponamento Multiplo;Incrocio;Una carreggiata a doppio senso;Asciutto;Asfaltata;Verticale ed orizzontale;Sereno;Normale;Sufficiente;;0;0;0;7;12.3523;41.7804;-1;3;Autovettura privata;In marcia / fermata / arresto;Passeggero;F;Illeso;0;;Non accertato;Inesploso
5876886;19;21/03/2022 09:30:00;Strada Urbana;VIA LONGARONE;da specificare;;;;snc;Scontro frontale/laterale DX fra veicoli in marcia;Curva a visuale libera;Una carreggiata a doppio senso;Asciutto;Sterrata;Verticale;Sereno;Scarso;Buona;;0;0;0;3;12.4782;41.9842;-1;1;Autovettura di polizia;In marcia / fermata / arresto;Conducente;M;Illeso;0;;;
5876886;19;21/03/2022 09:30:00;Strada Urbana;VIA LONGARONE;da specificare;;;;snc;Scontro frontale/laterale DX fra veicoli in marcia;Curva a visuale libera;Una carreggiata a doppio senso;Asciutto;Sterrata;Verticale;Sereno;Scarso;Buona;;0;0;0;3;12.4782;41.9842;-1;1;Autovettura di polizia;In marcia / fermata / arresto;Passeggero;F;Illeso;0;;;
5876886;19;21/03/2022 09:30:00;Strada Urbana;VIA LONGARONE;da specificare;;;;snc;Scontro frontale/laterale DX fra veicoli in marcia;Curva a visuale libera;Una carreggiata a doppio senso;Asciutto;Sterrata;Verticale;Sereno;Scarso;Buona;;0;0;0;3;12.4782;41.9842;-1;2;Autovettura privata;In marcia / fermata / arresto;Conducente;M;Illeso;0;;;
5876890;2;20/03/2022 02:00:00;Strada Urbana;CORSO DI FRANCIA;da specificare;;;;rampa immissione V.le Pilsudski dir. Parioli;Scontro frontale fra veicoli in marcia;Curva senza visuale libera;Due carreggiate;Asciutto;Asfaltata;Verticale ed orizzontale;Sereno;Scarso;Sufficiente;;1;0;0;3;12.4717;41.9367;-1;1;Autovettura privata;In marcia / fermata / arresto;Conducente;M;Illeso;0;;Non accertato;Esploso
5876890;2;20/03/2022 02:00:00;Strada Urbana;CORSO DI FRANCIA;da specificare;;;;rampa immissione V.le Pilsudski dir. Parioli;Scontro frontale fra veicoli in marcia;Curva senza visuale libera;Due carreggiate;Asciutto;Asfaltata;Verticale ed orizzontale;Sereno;Scarso;Sufficiente;;1;0;0;3;12.4717;41.9367;-1;2;Autovettura privata;In marcia / fermata / arresto;Conducente;M;Illeso;0;;Non accertato;Inesploso
5876890;2;20/03/2022 02:00:00;Strada Urbana;CORSO DI FRANCIA;da specificare;;;;rampa immissione V.le Pilsudski dir. Parioli;Scontro frontale fra veicoli in marcia;Curva senza visuale libera;Due carreggiate;Asciutto;Asfaltata;Verticale ed orizzontale;Sereno;Scarso;Sufficiente;;1;0;0;3;12.4717;41.9367;-1;2;Autovettura privata;In marcia / fermata / arresto;Passeggero;F;Illeso;0;;Non accertato;Inesploso
5876890;2;20/03/2022 02:00:00;Strada Urbana;CORSO DI FRANCIA;da specificare;;;;rampa immissione V.le Pilsudski dir. Parioli;Scontro frontale fra veicoli in marcia;Curva senza visuale libera;Due carreggiate;Asciutto;Asfaltata;Verticale ed orizzontale;Sereno;Scarso;Sufficiente;;1;0;0;3;12.4717;41.9367;-1;3;Autovettura privata;In marcia / fermata / arresto;Conducente;M;Rimandato;0;NON DECEDUTO;Non accertato;Inesploso
5876892;23;20/03/2022 05:30:00;Strada Urbana;VIA DELLA MAGLIANA;in corrispondenza;;del civico n.;370;;Veicolo in marcia contro ostacolo fisso;Rettilineo;Due carreggiate;Asciutto;Asfaltata;Verticale ed orizzontale;Sereno;Scarso;Buona;;0;0;0;1;12.4526;41.8387;-1;1;Autovettura privata;In marcia / fermata / arresto;Conducente;M;Illeso;0;;Non accertato;Esploso
5876897;19;21/03/2022 11:00:00;Strada Urbana;VIA ALBERTO CADLOLO;in prossimità;;del civico n.;82;;Scontro laterale fra veicoli in marcia;Rettilineo;Una carreggiata a doppio senso;Asciutto;Asfaltata;Assente;Sereno;Normale;Buona;;1;0;0;0;12.4458;41.9195;0;1;Motociclo a solo;In marcia / fermata / arresto;Conducente;M;Rimandato;0;NON DECEDUTO;;
5876897;19;21/03/2022 11:00:00;Strada Urbana;VIA ALBERTO CADLOLO;in prossimità;;del civico n.;82;;Scontro laterale fra veicoli in marcia;Rettilineo;Una carreggiata a doppio senso;Asciutto;Asfaltata;Assente;Sereno;Normale;Buona;;1;0;0;0;12.4458;41.9195;0;2;Autovettura privata;Allontanatosi;;;;;;;
5876898;17;21/03/2022 09:45:00;Strada Urbana;LARGO DON GIUSEPPE MOROSINI;in prossimità;;del civico n.;2;;Veicolo in marcia contro veicolo fermo;Rettilineo;Una carreggiata a doppio senso;Asciutto;In cubetti di porfido;Verticale ed orizzontale;Sereno;Normale;Buona;;0;0;0;2;12.4596;41.9133;-1;1;Autovettura privata;In marcia / fermata / arresto;Conducente;M;Illeso;0;;;
5876898;17;21/03/2022 09:45:00;Strada Urbana;LARGO DON GIUSEPPE MOROSINI;in prossimità;;del civico n.;2;;Veicolo in marcia contro veicolo fermo;Rettilineo;Una carreggiata a doppio senso;Asciutto;In cubetti di porfido;Verticale ed orizzontale;Sereno;Normale;Buona;;0;0;0;2;12.4596;41.9133;-1;2;Autovettura privata;In marcia / fermata / arresto;Conducente;F;Illeso;0;;;
5876909;23;20/03/2022 21:45:00;Strada Urbana;VIA FAMAGOSTA;in corrispondenza;;del civico n.;63;;Veicolo in marcia contro veicolo fermo;Rettilineo;Una carreggiata a senso unico di marcia;Asciutto;Asfaltata;Verticale ed orizzontale;Nuvoloso;Scarso;Sufficiente;;1;0;0;3;12.4556;41.9096;-1;1;Autovettura pubblica;In marcia / fermata / arresto;Conducente;M;Illeso;0;;Utilizzato;Inesploso
5876909;23;20/03/2022 21:45:00;Strada Urbana;VIA FAMAGOSTA;in corrispondenza;;del civico n.;63;;Veicolo in marcia contro veicolo fermo;Rettilineo;Una carreggiata a senso unico di marcia;Asciutto;Asfaltata;Verticale ed orizzontale;Nuvoloso;Scarso;Sufficiente;;1;0;0;3;12.4556;41.9096;-1;1;Autovettura pubblica;In marcia / fermata / arresto;Passeggero;M;Illeso;0;;Utilizzato;Inesploso
5876909;23;20/03/2022 21:45:00;Strada Urbana;VIA FAMAGOSTA;in corrispondenza;;del civico n.;63;;Veicolo in marcia contro veicolo fermo;Rettilineo;Una carreggiata a senso unico di marcia;Asciutto;Asfaltata;Verticale ed orizzontale;Nuvoloso;Scarso;Sufficiente;;1;0;0;3;12.4556;41.9096;-1;1;Autovettura pubblica;In marcia / fermata / arresto;Passeggero;F;Illeso;0;;Utilizzato;Inesploso
5876909;23;20/03/2022 21:45:00;Strada Urbana;VIA FAMAGOSTA;in corrispondenza;;del civico n.;63;;Veicolo in marcia contro veicolo fermo;Rettilineo;Una carreggiata a senso unico di marcia;Asciutto;Asfaltata;Verticale ed orizzontale;Nuvoloso;Scarso;Sufficiente;;1;0;0;3;12.4556;41.9096;-1;2;Velocipede;In marcia / fermata / arresto;Conducente;M;Rimandato;0;NON DECEDUTO;Esente;
5876910;6;21/03/2022 12:55:00;Strada Urbana;VIA COLLATINA;all'intersezione con;VIA CHERSO;VIA CHERSO;;;Scontro frontale/laterale SX fra veicoli in marcia;Incrocio;Una carreggiata a doppio senso;Asciutto;Asfaltata;Verticale ed orizzontale;Sereno;Normale;Buona;;2;0;0;1;12.5628;41.8963;-1;1;Autovettura privata;In marcia / fermata / arresto;Conducente;F;Rimandato;0;NON DECEDUTO;Non accertato;Inesploso
5876910;6;21/03/2022 12:55:00;Strada Urbana;VIA COLLATINA;all'intersezione con;VIA CHERSO;VIA CHERSO;;;Scontro frontale/laterale SX fra veicoli in marcia;Incrocio;Una carreggiata a doppio senso;Asciutto;Asfaltata;Verticale ed orizzontale;Sereno;Normale;Buona;;2;0;0;1;12.5628;41.8963;-1;1;Autovettura privata;In marcia / fermata / arresto;Passeggero;M;Rimandato;0;NON DECEDUTO;Non accertato;Inesploso
5876910;6;21/03/2022 12:55:00;Strada Urbana;VIA COLLATINA;all'intersezione con;VIA CHERSO;VIA CHERSO;;;Scontro frontale/laterale SX fra veicoli in marcia;Incrocio;Una carreggiata a doppio senso;Asciutto;Asfaltata;Verticale ed orizzontale;Sereno;Normale;Buona;;2;0;0;1;12.5628;41.8963;-1;2;Autocarro inferiore 35 q.;In marcia / fermata / arresto;Conducente;M;Illeso;0;;Non accertato;Inesploso
5876910;6;21/03/2022 12:55:00;Strada Urbana;VIA COLLATINA;all'intersezione con;VIA CHERSO;VIA CHERSO;;;Scontro frontale/laterale SX fra veicoli in marcia;Incrocio;Una carreggiata a doppio senso;Asciutto;Asfaltata;Verticale ed orizzontale;Sereno;Normale;Buona;;2;0;0;1;12.5628;41.8963;-1;3;Autovettura privata;Sosta;;;;;;;
5876910;6;21/03/2022 12:55:00;Strada Urbana;VIA COLLATINA;all'intersezione con;VIA CHERSO;VIA CHERSO;;;Scontro frontale/laterale SX fra veicoli in marcia;Incrocio;Una carreggiata a doppio senso;Asciutto;Asfaltata;Verticale ed orizzontale;Sereno;Normale;Buona;;2;0;0;1;12.5628;41.8963;-1;4;Autovettura privata;Sosta;;;;;;;
5876943;12;21/03/2022 09:10:00;Statale;VIA DEL MARE;da specificare;;;;direz. Roma Centro, prox km 14,800;Tamponamento Multiplo;Rettilineo;Una carreggiata a doppio senso;Asciutto;Asfaltata;Verticale ed orizzontale;Sereno;Intenso;Buona;;0;0;0;4;12.4631;41.8399;-1;1;Autovettura privata;In marcia / fermata / arresto;Conducente;F;Illeso;0;;;
5876943;12;21/03/2022 09:10:00;Statale;VIA DEL MARE;da specificare;;;;direz. Roma Centro, prox km 14,800;Tamponamento Multiplo;Rettilineo;Una carreggiata a doppio senso;Asciutto;Asfaltata;Verticale ed orizzontale;Sereno;Intenso;Buona;;0;0;0;4;12.4631;41.8399;-1;2;Autovettura privata;In marcia / fermata / arresto;Conducente;F;Illeso;0;;;
5876943;12;21/03/2022 09:10:00;Statale;VIA DEL MARE;da specificare;;;;direz. Roma Centro, prox km 14,800;Tamponamento Multiplo;Rettilineo;Una carreggiata a doppio senso;Asciutto;Asfaltata;Verticale ed orizzontale;Sereno;Intenso;Buona;;0;0;0;4;12.4631;41.8399;-1;3;Autovettura privata;In marcia / fermata / arresto;Conducente;F;Illeso;0;;Non accertato;