Protocollo;Gruppo;DataOraIncidente;Localizzazione1;STRADA1;Localizzazione2;STRADA2;Strada02;Chilometrica;DaSpecificare;NaturaIncidente;particolaritastrade;TipoStrada;FondoStradale;Pavimentazione;Segnaletica;CondizioneAtmosferica;Traffico;Visibilita;Illuminazione;NUM_FERITI;NUM_RISERVATA;NUM_MORTI;NUM_ILLESI;Longitude;Latitude;Confermato;Progressivo;TipoVeicolo;StatoVeicolo;TipoPersona;Sesso;Tipolesione;Deceduto;DecedutoDopo;CinturaCascoUtilizzato;Airbag;
5877625;8;21/03/2022 13:00:00;Strada Urbana;VIA GAGLIANO DEL CAPO;in prossimità;;del civico n.;107;;Scontro laterale fra veicoli in marcia;Rettilineo;Una carreggiata a doppio senso;Asciutto;Asfaltata;Orizzontale;Sereno;Normale;Buona;;0;0;0;2;12.6516;41.8549;-1;2;Autovettura privata;In marcia / fermata / arresto;Conducente;F;Illeso;0;;Non accertato;Inesploso
5877632;1;20/03/2022;Strada Urbana;CORSO VITTORIO EMANUELE II;in corrispondenza;;del civico n.;144;;Veicolo in marcia contro veicolo fermo;Rettilineo;Una carreggiata a doppio senso;Asciutto;Asfaltata;Verticale ed orizzontale;Sereno;Intenso;Buona;;0;0;0;0;;;0;1;Autovettura privata;Sosta;;;;;;;
5877632;1;20/03/2022;Strada Urbana;CORSO VITTORIO EMANUELE II;in corrispondenza;;del civico n.;144;;Veicolo in marcia contro veicolo fermo;Rettilineo;Una carreggiata a doppio senso;Asciutto;Asfaltata;Verticale ed orizzontale;Sereno;Intenso;Buona;;0;0;0;0;;;0;2;Motociclo a solo;In marcia / fermata / arresto;;;;;;;
5877639;1;20/03/2022 15:00:00;Strada Urbana;VIA BONCOMPAGNI;all'intersezione con;VIA PIEMONTE;VIA PIEMONTE;;;Scontro frontale/laterale DX fra veicoli in marcia;Incrocio;Una carreggiata a doppio senso;Asciutto;Asfaltata;Verticale ed orizzontale;Sereno;Normale;Buona;;0;0;0;2;;;0;1;Autovettura privata;In marcia / fermata / arresto;Conducente;M;Illeso;0;;;
5877639;1;20/03/2022 15:00:00;Strada Urbana;VIA BONCOMPAGNI;all'intersezione con;VIA PIEMONTE;VIA PIEMONTE;;;Scontro frontale/laterale DX fra veicoli in marcia;Incrocio;Una carreggiata a doppio senso;Asciutto;Asfaltata;Verticale ed orizzontale;Sereno;Normale;Buona;;0;0;0;2;;;0;2;Autovettura privata;In marcia / fermata / arresto;Conducente;M;Illeso;0;;;
5877640;8;21/03/2022 13:20:00;Strada Urbana;VIA CASILINA;da specificare;;;;altezza G.R.A.;Tamponamento;Curva a visuale libera;Una carreggiata a senso unico di marcia;Asciutto;Asfaltata;Verticale ed orizzontale;Sereno;Normale;Buona;;1;0;0;1;12.6212;41.8626;-1;1;Autovettura privata;In marcia / fermata / arresto;Conducente;M;Illeso;0;;;
5877640;8;21/03/2022 13:20:00;Strada Urbana;VIA CASILINA;da specificare;;;;altezza G.R.A.;Tamponamento;Curva a visuale libera;Una carreggiata a senso unico di marcia;Asciutto;Asfaltata;Verticale ed orizzontale;Sereno;Normale;Buona;;1;0;0;1;12.6212;41.8626;-1;2;Autovettura privata;In marcia / fermata / arresto;Conducente;M;Rimandato;0;NON DECEDUTO;;
5877641;8;21/03/2022 13:45:00;Strada Urbana;VIA DEL TORRACCIO DI TORRENOVA;in corrispondenza;;del civico n.;29;;Investimento di pedone;Rettilineo;Una carreggiata a doppio senso;Asciutto;Asfaltata;Orizzontale;Sereno;Normale;Buona;;1;0;0;1;12.6305;41.865;-1;;;;Pedone;F;Rimandato;0;NON DECEDUTO;;
5877641;8;21/03/2022 13:45:00;Strada Urbana;VIA DEL TORRACCIO DI TORRENOVA;in corrispondenza;;del civico n.;29;;Investimento di pedone;Rettilineo;Una carreggiata a doppio senso;Asciutto;Asfaltata;Orizzontale;Sereno;Normale;Buona;;1;0;0;1;12.6305;41.865;-1;1;Autovettura privata;In marcia / fermata / arresto;Conducente;F;Illeso;0;;;
5877644;1;21/03/2022 23:00:00;Strada Urbana;VIA DELL'AMBA ARADAM;in corrispondenza;;del civico n.;16;;Scontro laterale fra veicoli in marcia;Rettilineo;Una carreggiata a doppio senso;Asciutto;Asfaltata;Verticale ed orizzontale;Nuvoloso;Normale;Sufficiente;;0;0;0;5;12.5015;41.8845;-1;1;Autovettura pubblica;In marcia / fermata / arresto;Conducente;M;Illeso;0;;;
5877644;1;21/03/2022 23:00:00;Strada Urbana;VIA DELL'AMBA ARADAM;in corrispondenza;;del civico n.;16;;Scontro laterale fra veicoli in marcia;Rettilineo;Una carreggiata a doppio senso;Asciutto;Asfaltata;Verticale ed orizzontale;Nuvoloso;Normale;Sufficiente;;0;0;0;5;12.5015;41.8845;-1;1;Autovettura pubblica;In marcia / fermata / arresto;Passeggero;F;Illeso;0;;;
5877644;1;21/03/2022 23:00:00;Strada Urbana;VIA DELL'AMBA ARADAM;in corrispondenza;;del civico n.;16;;Scontro laterale fra veicoli in marcia;Rettilineo;Una carreggiata a doppio senso;Asciutto;Asfaltata;Verticale ed orizzontale;Nuvoloso;Normale;Sufficiente;;0;0;0;5;12.5015;41.8845;-1;2;Autovettura privata;In marcia / fermata / arresto;Conducente;M;Illeso;0;;;
5877644;1;21/03/2022 23:00:00;Strada Urbana;VIA DELL'AMBA ARADAM;in corrispondenza;;del civico n.;16;;Scontro laterale fra veicoli in marcia;Rettilineo;Una carreggiata a doppio senso;Asciutto;Asfaltata;Verticale ed orizzontale;Nuvoloso;Normale;Sufficiente;;0;0;0;5;12.5015;41.8845;-1;2;Autovettura privata;In marcia / fermata / arresto;Passeggero;M;Illeso;0;;;
5877644;1;21/03/2022 23:00:00;Strada Urbana;VIA DELL'AMBA ARADAM;in corrispondenza;;del civico n.;16;;Scontro laterale fra veicoli in marcia;Rettilineo;Una carreggiata a doppio senso;Asciutto;Asfaltata;Verticale ed orizzontale;Nuvoloso;Normale;Sufficiente;;0;0;0;5;12.5015;41.8845;-1;2;Autovettura privata;In marcia / fermata / arresto;Passeggero;M;Illeso;0;;;
5877646;1;20/03/2022 15:40:00;Strada Urbana;VIA DEL CIRCO MASSIMO;da specificare;;;;pross. palo ACEA n. 27;Tamponamento;Rettilineo;Una carreggiata a doppio senso;Asciutto;Asfaltata;Verticale ed orizzontale;Sereno;Normale;Buona;;1;0;0;2;12.4852;41.8853;0;1;Motociclo con passeggero;In marcia / fermata / arresto;Conducente;M;Rimandato;0;NON DECEDUTO;;
5877646;1;20/03/2022 15:40:00;Strada Urbana;VIA DEL CIRCO MASSIMO;da specificare;;;;pross. palo ACEA n. 27;Tamponamento;Rettilineo;Una carreggiata a doppio senso;Asciutto;Asfaltata;Verticale ed orizzontale;Sereno;Normale;Buona;;1;0;0;2;12.4852;41.8853;0;1;Motociclo con passeggero;In marcia / fermata / arresto;Passeggero;M;Illeso;0;;;
5877646;1;20/03/2022 15:40:00;Strada Urbana;VIA DEL CIRCO MASSIMO;da specificare;;;;pross. palo ACEA n. 27;Tamponamento;Rettilineo;Una carreggiata a doppio senso;Asciutto;Asfaltata;Verticale ed orizzontale;Sereno;Normale;Buona;;1;0;0;2;12.4852;41.8853;0;2;Autovettura privata;In marcia / fermata / arresto;Conducente;M;Illeso;0;;;
5877650;1;20/03/2022 23:20:00;Strada Urbana;VIALE AVENTINO;da specificare;;;;fronte civico n. 37;Scontro frontale/laterale SX fra veicoli in marcia;Rettilineo;Più di due carreggiate;Asciutto;Asfaltata;Verticale ed orizzontale;Nuvoloso;Scarso;Buona;;0;0;0;3;12.4865;41.8824;-1;1;Autovettura privata;In marcia / fermata / arresto;Conducente;M;Illeso;0;;;
5877650;1;20/03/2022 23:20:00;Strada Urbana;VIALE AVENTINO;da specificare;;;;fronte civico n. 37;Scontro frontale/laterale SX fra veicoli in marcia;Rettilineo;Più di due carreggiate;Asciutto;Asfaltata;Verticale ed orizzontale;Nuvoloso;Scarso;Buona;;0;0;0;3;12.4865;41.8824;-1;2;Autovettura privata;In marcia / fermata / arresto;Conducente;M;Illeso;0;;;
5877650;1;20/03/2022 23:20:00;Strada Urbana;VIALE AVENTINO;da specificare;;;;fronte civico n. 37;Scontro frontale/laterale SX fra veicoli in marcia;Rettilineo;Più di due carreggiate;Asciutto;Asfaltata;Verticale ed orizzontale;Nuvoloso;Scarso;Buona;;0;0;0;3;12.4865;41.8824;-1;2;Autovettura privata;In marcia / fermata / arresto;Passeggero;F;Illeso;0;;;
5877651;1;20/03/2022 10:20:00;Strada Urbana;LUNGOTEVERE AVENTINO;da specificare;;;;PROSS. PONTE PALATINO;Tamponamento;Rettilineo;Due carreggiate;Asciutto;Asfaltata;Orizzontale;Sereno;Normale;Buona;;1;0;0;2;12.4802;41.889;-1;1;Autovettura privata;In marcia / fermata / arresto;Conducente;M;Illeso;0;;Non accertato;Inesploso
5877651;1;20/03/2022 10:20:00;Strada Urbana;LUNGOTEVERE AVENTINO;da specificare;;;;PROSS. PONTE PALATINO;Tamponamento;Rettilineo;Due carreggiate;Asciutto;Asfaltata;Orizzontale;Sereno;Normale;Buona;;1;0;0;2;12.4802;41.889;-1;1;Autovettura privata;In marcia / fermata / arresto;Passeggero;F;Illeso;0;;Non accertato;Inesploso
5877651;1;20/03/2022 10:20:00;Strada Urbana;LUNGOTEVERE AVENTINO;da specificare;;;;PROSS. PONTE PALATINO;Tamponamento;Rettilineo;Due carreggiate;Asciutto;Asfaltata;Orizzontale;Sereno;Normale;Buona;;1;0;0;2;12.4802;41.889;-1;2;Motociclo a solo;In marcia / fermata / arresto;Conducente;M;Rimandato;0;NON DECEDUTO;Non accertato;
5877653;1;20/03/2022 19:40:00;Strada Urbana;LUNGOTEVERE ARNALDO DA BRESCIA;da specificare;;;;ALT. RAMPA ARNALDO DA BRESCIA;Scontro laterale fra veicoli in marcia;Rettilineo;Una carreggiata a senso unico di marcia;Asciutto;Asfaltata;Orizzontale;Nuvoloso;Normale;Insufficiente;;0;0;0;3;12.4725;41.9123;-1;1;Autovettura privata;In marcia / fermata / arresto;Conducente;M;Illeso;0;;;
5877653;1;20/03/2022 19:40:00;Strada Urbana;LUNGOTEVERE ARNALDO DA BRESCIA;da specificare;;;;ALT. RAMPA ARNALDO DA BRESCIA;Scontro laterale fra veicoli in marcia;Rettilineo;Una carreggiata a senso unico di marcia;Asciutto;Asfaltata;Orizzontale;Nuvoloso;Normale;Insufficiente;;0;0;0;3;12.4725;41.9123;-1;1;Autovettura privata;In marcia / fermata / arresto;Passeggero;F;Illeso;0;;;
5877653;1;20/03/2022 19:40:00;Strada Urbana;LUNGOTEVERE ARNALDO DA BRESCIA;da specificare;;;;ALT. RAMPA ARNALDO DA BRESCIA;Scontro laterale fra veicoli in marcia;Rettilineo;Una carreggiata a senso unico di marcia;Asciutto;Asfaltata;Orizzontale;Nuvoloso;Normale;Insufficiente;;0;0;0;3;12.4725;41.9123;-1;2;Autovettura privata;In marcia / fermata / arresto;Conducente;M;Illeso;0;;;
5877657;1;20/03/2022 12:30:00;Strada Urbana;CORSO DEL RINASCIMENTO;in corrispondenza;;del civico n.;29;;Investimento di pedone;Rettilineo;Una carreggiata a doppio senso;Asciutto;Asfaltata;Verticale ed orizzontale;Sereno;Scarso;Buona;;1;0;0;1;12.474;41.8984;-1;;;;Pedone;F;Rimandato;0;NON DECEDUTO;;
5877657;1;20/03/2022 12:30:00;Strada Urbana;CORSO DEL RINASCIMENTO;in corrispondenza;;del civico n.;29;;Investimento di pedone;Rettilineo;Una carreggiata a doppio senso;Asciutto;Asfaltata;Verticale ed orizzontale;Sereno;Scarso;Buona;;1;0;0;1;12.474;41.8984;-1;1;Autovettura privata;In marcia / fermata / arresto;Conducente;M;Illeso;0;;Non accertato;
5877659;1;19/03/2022 12:50:00;Strada Urbana;LUNGOTEVERE GIANICOLENSE;da specificare;;;;USCITA SOTTOPASSO S. SPIRITO;Scontro laterale fra veicoli in marcia;Curva a visuale libera;Una carreggiata a senso unico di marcia;Asciutto;Asfaltata;Verticale ed orizzontale;Nuvoloso;Normale;Buona;;0;0;0;3;12.4639;41.8975;-1;1;Autovettura privata;In marcia / fermata / arresto;Conducente;M;Illeso;0;;;
5877659;1;19/03/2022 12:50:00;Strada Urbana;LUNGOTEVERE GIANICOLENSE;da specificare;;;;USCITA SOTTOPASSO S. SPIRITO;Scontro laterale fra veicoli in marcia;Curva a visuale libera;Una carreggiata a senso unico di marcia;Asciutto;Asfaltata;Verticale ed orizzontale;Nuvoloso;Normale;Buona;;0;0;0;3;12.4639;41.8975;-1;1;Autovettura privata;In marcia / fermata / arresto;Passeggero;F;Illeso;0;;;
5877659;1;19/03/2022 12:50:00;Strada Urbana;LUNGOTEVERE GIANICOLENSE;da specificare;;;;USCITA SOTTOPASSO S. SPIRITO;Scontro laterale fra veicoli in marcia;Curva a visuale libera;Una carreggiata a senso unico di marcia;Asciutto;Asfaltata;Verticale ed orizzontale;Nuvoloso;Normale;Buona;;0;0;0;3;12.4639;41.8975;-1;2;Autovettura privata;In marcia / fermata / arresto;Conducente;M;Illeso;0;;;
5877704;11;21/03/2022 20:00:00;Strada Urbana;VIA DEL PORTO FLUVIALE;in corrispondenza;;del civico n.;7F;;Scontro laterale fra veicoli in marcia;Rettilineo;Una carreggiata a doppio senso;Asciutto;Asfaltata;Verticale ed orizzontale;Sereno;Normale;Buona;;0;0;0;4;12.4782;41.8723;-1;1;Autovettura privata;In marcia / fermata / arresto;Conducente;F;Illeso;0;;;
5877704;11;21/03/2022 20:00:00;Strada Urbana;VIA DEL PORTO FLUVIALE;in corrispondenza;;del civico n.;7F;;Scontro laterale fra veicoli in marcia;Rettilineo;Una carreggiata a doppio senso;Asciutto;Asfaltata;Verticale ed orizzontale;Sereno;Normale;Buona;;0;0;0;4;12.4782;41.8723;-1;1;Autovettura privata;In marcia / fermata / arresto;Passeggero;F;Illeso;0;;;
5877704;11;21/03/2022 20:00:00;Strada Urbana;VIA DEL PORTO FLUVIALE;in corrispondenza;;del civico n.;7F;;Scontro laterale fra veicoli in marcia;Rettilineo;Una carreggiata a doppio senso;Asciutto;Asfaltata;Verticale ed orizzontale;Sereno;Normale;Buona;;0;0;0;4;12.4782;41.8723;-1;1;Autovettura privata;In marcia / fermata / arresto;Passeggero;M;Illeso;0;;;
5877704;11;21/03/2022 20:00:00;Strada Urbana;VIA DEL PORTO FLUVIALE;in corrispondenza;;del civico n.;7F;;Scontro laterale fra veicoli in marcia;Rettilineo;Una carreggiata a doppio senso;Asciutto;Asfaltata;Verticale ed orizzontale;Sereno;Normale;Buona;;0;0;0;4;12.4782;41.8723;-1;2;Autocarro inferiore 35 q.;In marcia / fermata / arresto;Conducente;M;Illeso;0;;;
5877718;15;21/03/2022 21:25:00;Strada Urbana;VIA PORTUENSE;in prossimità;;del civico n.;1491;;Scontro frontale fra veicoli in marcia;Rettilineo;Una carreggiata a senso unico di marcia;Asciutto;Asfaltata;Orizzontale;Sereno;Normale;Buona;;0;0;0;2;12.3445;41.8174;-1;1;Autovettura privata;In marcia / fermata / arresto;Conducente;M;Illeso;0;;Non accertato;Inesploso
5877718;15;21/03/2022 21:25:00;Strada Urbana;VIA PORTUENSE;in prossimità;;del civico n.;1491;;Scontro frontale fra veicoli in marcia;Rettilineo;Una carreggiata a senso unico di marcia;Asciutto;Asfaltata;Orizzontale;Sereno;Normale;Buona;;0;0;0;2;12.3445;41.8174;-1;2;Autobus di linea;In marcia / fermata / arresto;Conducente;M;Illeso;0;;Non accertato;Inesploso
5877721;15;21/03/2022 17:40:00;Strada Urbana;VIA ODERISI DA GUBBIO;in corrispondenza;;del civico n.;221;;Scontro laterale fra veicoli in marcia;Rettilineo;Una carreggiata a doppio senso;Asciutto;Asfaltata;Orizzontale;Sereno;Intenso;Buona;;0;0;0;4;12.4646;41.8635;-1;1;Autovettura privata;In marcia / fermata / arresto;Conducente;F;Illeso;0;;Non accertato;Inesploso
5877721;15;21/03/2022 17:40:00;Strada Urbana;VIA ODERISI DA GUBBIO;in corrispondenza;;del civico n.;221;;Scontro laterale fra veicoli in marcia;Rettilineo;Una carreggiata a doppio senso;Asciutto;Asfaltata;Orizzontale;Sereno;Intenso;Buona;;0;0;0;4;12.4646;41.8635;-1;1;Autovettura privata;In marcia / fermata / arresto;Passeggero;F;Illeso;0;;Non accertato;Inesploso
5877721;15;21/03/2022 17:40:00;Strada Urbana;VIA ODERISI DA GUBBIO;in corrispondenza;;del civico n.;221;;Scontro laterale fra veicoli in marcia;Rettilineo;Una carreggiata a doppio senso;Asciutto;Asfaltata;Orizzontale;Sereno;Intenso;Buona;;0;0;0;4;12.4646;41.8635;-1;2;Motociclo a solo;In marcia / fermata / arresto;Conducente;M;Illeso;0;;Non accertato;
5877721;15;21/03/2022 17:40:00;Strada Urbana;VIA ODERISI DA GUBBIO;in corrispondenza;;del civico n.;221;;Scontro laterale fra veicoli in marcia;Rettilineo;Una carreggiata a doppio senso;Asciutto;Asfaltata;Orizzontale;Sereno;Intenso;Buona;;0;0;0;4;12.4646;41.8635;-1;3;Autovettura privata;In marcia / fermata / arresto;Conducente;M;Illeso;0;;Non accertato;Inesploso
5877755;11;21/03/2022 18:10:00;Strada Urbana;VIALE DI TOR MARANCIA;all'intersezione con;VIA VALERIA RUFINA;VIA VALERIA RUFINA;;;Scontro frontale/laterale DX fra veicoli in marcia;Intersezione non regolata/non segnalata;Due carreggiate;Asciutto;Asfaltata;Verticale ed orizzontale;Sereno;Normale;Buona;;1;0;0;2;12.4975;41.8552;-1;1;Autovettura privata;In marcia / fermata / arresto;Conducente;F;Illeso;0;;Non accertato;
5877755;11;21/03/2022 18:10:00;Strada Urbana;VIALE DI TOR MARANCIA;all'intersezione con;VIA VALERIA RUFINA;VIA VALERIA RUFINA;;;Scontro frontale/laterale DX fra veicoli in marcia;Intersezione non regolata/non segnalata;Due carreggiate;Asciutto;Asfaltata;Verticale ed orizzontale;Sereno;Normale;Buona;;1;0;0;2;12.4975;41.8552;-1;1;Autovettura privata;In marcia / fermata / arresto;Passeggero;F;Illeso;0;;Non accertato;
5877755;11;21/03/2022 18:10:00;Strada Urbana;VIALE DI TOR MARANCIA;all'intersezione con;VIA VALERIA RUFINA;VIA VALERIA RUFINA;;;Scontro frontale/laterale DX fra veicoli in marcia;Intersezione non regolata/non segnalata;Due carreggiate;Asciutto;Asfaltata;Verticale ed orizzontale;Sereno;Normale;Buona;;1;0;0;2;12.4975;41.8552;-1;2;Autovettura privata;In marcia / fermata / arresto;Conducente;M;Rimandato;0;NON DECEDUTO;Non accertato;
5877799;13;21/03/2022 15:20:00;Strada Urbana;VIA DI TOR BOACCIANA;in corrispondenza;;della chilometrica;4.4;;Tamponamento;Rettilineo;Una carreggiata a doppio senso;Asciutto;Asfaltata;Verticale ed orizzontale;Sereno;Normale;Buona;;1;0;0;1;12.2814;41.7511;-1;1;Autovettura privata;In marcia / fermata / arresto;Conducente;F;Illeso;0;;Non accertato;Inesploso
5877799;13;21/03/2022 15:20:00;Strada Urbana;VIA DI TOR BOACCIANA;in corrispondenza;;della chilometrica;4.4;;Tamponamento;Rettilineo;Una carreggiata a doppio senso;Asciutto;Asfaltata;Verticale ed orizzontale;Sereno;Normale;Buona;;1;0;0;1;12.2814;41.7511;-1;2;Autovettura privata;In marcia / fermata / arresto;Conducente;F;Rimandato;0;NON DECEDUTO;Non accertato;Inesploso
5877807;1;21/03/2022 23:50:00;Strada Urbana;VIA EMANUELE FILIBERTO;in corrispondenza;;del civico n.;165;;Scontro frontale/laterale SX fra veicoli in marcia;Rettilineo;Due carreggiate;Asciutto;Asfaltata;Verticale ed orizzontale;Sereno;Normale;Buona;;0;0;0;2;12.6019;41.9086;-1;1;Ciclomotore;In marcia / fermata / arresto;Conducente;M;Illeso;0;;Non accertato;
5877807;1;21/03/2022 23:50:00;Strada Urbana;VIA EMANUELE FILIBERTO;in corrispondenza;;del civico n.;165;;Scontro frontale/laterale SX fra veicoli in marcia;Rettilineo;Due carreggiate;Asciutto;Asfaltata;Verticale ed orizzontale;Sereno;Normale;Buona;;0;0;0;2;12.6019;41.9086;-1;2;Autocarro inferiore 35 q.;In marcia / fermata / arresto;Conducente;M;Illeso;0;;Non accertato;Inesploso
5877837;5;21/03/2022 11:30:00;Strada Urbana;VIA DEI MONTI TIBURTINI;da specificare;;;;altezza via Feronia;Veicolo in marcia contro veicolo arresto;Curva a visuale libera;Due carreggiate;Asciutto;Asfaltata;Verticale ed orizzontale;Sereno;Normale;Buona;;0;0;0;3;12.5523;41.9142;-1;1;Autovettura privata;In marcia / fermata / arresto;Conducente;F;Illeso;0;;Non accertato;
5877837;5;21/03/2022 11:30:00;Strada Urbana;VIA DEI MONTI TIBURTINI;da specificare;;;;altezza via Feronia;Veicolo in marcia contro veicolo arresto;Curva a visuale libera;Due carreggiate;Asciutto;Asfaltata;Verticale ed orizzontale;Sereno;Normale;Buona;;0;0;0;3;12.5523;41.9142;-1;1;Autovettura privata;In marcia / fermata / arresto;Passeggero;F;Illeso;0;;Non accertato;
5877837;5;21/03/2022 11:30:00;Strada Urbana;VIA DEI MONTI TIBURTINI;da specificare;;;;altezza via Feronia;Veicolo in marcia contro veicolo arresto;Curva a visuale libera;Due carreggiate;Asciutto;Asfaltata;Verticale ed orizzontale;Sereno;Normale;Buona;;0;0;0;3;12.5523;41.9142;-1;2;Autovettura privata;In marcia / fermata / arresto;Conducente;M;Illeso;0;;Non accertato;
5877852;6;21/03/2022 20:15:00;Strada Urbana;VIA ROVIGNO D'ISTRIA;da specificare;;;;lato mercato;Veicolo in marcia contro veicolo fermo;Rettilineo;Una carreggiata a doppio senso;Asciutto;Asfaltata;Verticale ed orizzontale;Sereno;Scarso;Sufficiente;;1;0;0;2;12.5565;41.8958;-1;1;Autovettura privata;In marcia / fermata / arresto;Conducente;M;Illeso;0;;Non accertato;Inesploso
5877852;6;21/03/2022 20:15:00;Strada Urbana;VIA ROVIGNO D'ISTRIA;da specificare;;;;lato mercato;Veicolo in marcia contro veicolo fermo;Rettilineo;Una carreggiata a doppio senso;Asciutto;Asfaltata;Verticale ed orizzontale;Sereno;Scarso;Sufficiente;;1;0;0;2;12.5565;41.8958;-1;2;Autocarro inferiore 35 q.;In marcia / fermata / arresto;Conducente;M;Illeso;0;;Non accertato;Inesploso
5877852;6;21/03/2022 20:15:00;Strada Urbana;VIA ROVIGNO D'ISTRIA;da specificare;;;;lato mercato;Veicolo in marcia contro veicolo fermo;Rettilineo;Una carreggiata a doppio senso;Asciutto;Asfaltata;Verticale ed orizzontale;Sereno;Scarso;Sufficiente;;1;0;0;2;12.5565;41.8958;-1;2;Autocarro inferiore 35 q.;In marcia / fermata / arresto;Passeggero;M;Rimandato;0;NON DECEDUTO;Non accertato;Inesploso
5877862;5;21/03/2022 15:50:00;Strada Urbana;PIAZZA EDOARDO PERSICO;da specificare;;;;pross. via Bergamini (direz. Crivelli);Tamponamento Multiplo;Rotatoria;Una carreggiata a senso unico di marcia;Asciutto;Asfaltata;Verticale ed orizzontale;Sereno;Normale;Buona;;1;0;0;2;12.5591;41.9064;-1;1;Autovettura privata;In marcia / fermata / arresto;Conducente;F;Rimandato;0;NON DECEDUTO;;
5877862;5;21/03/2022 15:50:00;Strada Urbana;PIAZZA EDOARDO PERSICO;da specificare;;;;pross. via Bergamini (direz. Crivelli);Tamponamento Multiplo;Rotatoria;Una carreggiata a senso unico di marcia;Asciutto;Asfaltata;Verticale ed orizzontale;Sereno;Normale;Buona;;1;0;0;2;12.5591;41.9064;-1;2;Autovettura privata;In marcia / fermata / arresto;Conducente;F;Illeso;0;;;
5877862;5;21/03/2022 15:50:00;Strada Urbana;PIAZZA EDOARDO PERSICO;da specificare;;;;pross. via Bergamini (direz. Crivelli);Tamponamento Multiplo;Rotatoria;Una carreggiata a senso unico di marcia;Asciutto;Asfaltata;Verticale ed orizzontale;Sereno;Normale;Buona;;1;0;0;2;12.5591;41.9064;-1;3;Autovettura privata;In marcia / fermata / arresto;Conducente;M;Illeso;0;;;
5877883;5;21/03/2022 16:25:00;Strada Urbana;VIA CIPRIANO FACCHINETTI;in prossimità;;del civico n.;53;;Scontro laterale fra veicoli in marcia;Rettilineo;Una carreggiata a senso unico di marcia;Asciutto;Asfaltata;Verticale ed orizzontale;Sereno;Normale;Buona;;0;0;0;3;12.5475;41.9079;-1;1;Autovettura privata;In marcia / fermata / arresto;Conducente;M;Illeso;0;;Non accertato;Inesploso
5877883;5;21/03/2022 16:25:00;Strada Urbana;VIA CIPRIANO FACCHINETTI;in prossimità;;del civico n.;53;;Scontro laterale fra veicoli in marcia;Rettilineo;Una carreggiata a senso unico di marcia;Asciutto;Asfaltata;Verticale ed orizzontale;Sereno;Normale;Buona;;0;0;0;3;12.5475;41.9079;-1;1;Autovettura privata;In marcia / fermata / arresto;Passeggero;F;Illeso;0;;Non accertato;Inesploso
5877883;5;21/03/2022 16:25:00;Strada Urbana;VIA CIPRIANO FACCHINETTI;in prossimità;;del civico n.;53;;Scontro laterale fra veicoli in marcia;Rettilineo;Una carreggiata a senso unico di marcia;Asciutto;Asfaltata;Verticale ed orizzontale;Sereno;Normale;Buona;;0;0;0;3;12.5475;41.9079;-1;2;Autovettura privata;In marcia / fermata / arresto;Conducente;F;Illeso;0;;Non accertato;Inesploso
5877898;12;21/03/2022 10:50:00;Strada Urbana;VIALE BARTOLOMEO CAVACEPPI;da specificare;;;;ROTATORIA VIA L. GUGLIELMI;Scontro laterale fra veicoli in marcia;Rotatoria;Una carreggiata a senso unico di marcia;Asciutto;Asfaltata;Verticale ed orizzontale;Sereno;Normale;Buona;;0;0;0;2;12.4305;41.7985;-1;1;Autovettura privata;In marcia / fermata / arresto;Conducente;F;Illeso;0;;;
5877898;12;21/03/2022 10:50:00;Strada Urbana;VIALE BARTOLOMEO CAVACEPPI;da specificare;;;;ROTATORIA VIA L. GUGLIELMI;Scontro laterale fra veicoli in marcia;Rotatoria;Una carreggiata a senso unico di marcia;Asciutto;Asfaltata;Verticale ed orizzontale;Sereno;Normale;Buona;;0;0;0;2;12.4305;41.7985;-1;2;Autovettura privata;In marcia / fermata / arresto;Conducente;M;Illeso;0;;;
5877927;20;21/03/2022 09:30:00;Strada Urbana;LUNGOTEVERE MARESCIALLO DIAZ;in prossimità;;del civico n.;20;;Tamponamento Multiplo;Rettilineo;Due carreggiate;Asciutto;Asfaltata;Verticale ed orizzontale;Sereno;Normale;Buona;;0;0;0;3;12.4599;41.932;-1;1;Autovettura privata;In marcia / fermata / arresto;Conducente;F;Illeso;0;;;
5877927;20;21/03/2022 09:30:00;Strada Urbana;LUNGOTEVERE MARESCIALLO DIAZ;in prossimità;;del civico n.;20;;Tamponamento Multiplo;Rettilineo;Due carreggiate;Asciutto;Asfaltata;Verticale ed orizzontale;Sereno;Normale;Buona;;0;0;0;3;12.4599;41.932;-1;2;Autovettura privata;In marcia / fermata / arresto;Conducente;M;Illeso;0;;;
5877927;20;21/03/2022 09:30:00;Strada Urbana;LUNGOTEVERE MARESCIALLO DIAZ;in prossimità;;del civico n.;20;;Tamponamento Multiplo;Rettilineo;Due carreggiate;Asciutto;Asfaltata;Verticale ed orizzontale;Sereno;Normale;Buona;;0;0;0;3;12.4599;41.932;-1;3;Autocarro inferiore 35 q.;In marcia / fermata / arresto;Conducente;M;Illeso;0;;;
5877937;15;21/03/2022 13:30:00;Strada Urbana;VIA PIAN DUE TORRI;all'intersezione con;VIA LARI;VIA LARI;;;Infortunio per sola frenata improvvisa;Incrocio;Una carreggiata a senso unico di marcia;Asciutto;Asfaltata;Verticale ed orizzontale;Sereno;Normale;Buona;;0;0;0;1;12.4621;41.8496;-1;1;Motociclo a solo;In marcia / fermata / arresto;Conducente;M;Illeso;0;;Non accertato;