Protocollo;Gruppo;DataOraIncidente;Localizzazione1;STRADA1;Localizzazione2;STRADA2;Strada02;Chilometrica;DaSpecificare;NaturaIncidente;particolaritastrade;TipoStrada;FondoStradale;Pavimentazione;Segnaletica;CondizioneAtmosferica;Traffico;Visibilita;Illuminazione;NUM_FERITI;NUM_RISERVATA;NUM_MORTI;NUM_ILLESI;Longitude;Latitude;Confermato;Progressivo;TipoVeicolo;StatoVeicolo;TipoPersona;Sesso;Tipolesione;Deceduto;DecedutoDopo;CinturaCascoUtilizzato;Airbag;
5882233;6;24/03/2022 13:30:00;Strada Urbana;VIA GABRIO SERBELLONI;da specificare;;;;dal civico 72 al 150;Veicolo in marcia contro veicoli in sosta;Rettilineo;Una carreggiata a senso unico di marcia;Asciutto;Asfaltata;Assente;Sereno;Scarso;Buona;;0;0;0;1;12.541;41.8783;-1;8;Autovettura privata;Sosta;;;;;;;
5882233;6;24/03/2022 13:30:00;Strada Urbana;VIA GABRIO SERBELLONI;da specificare;;;;dal civico 72 al 150;Veicolo in marcia contro veicoli in sosta;Rettilineo;Una carreggiata a senso unico di marcia;Asciutto;Asfaltata;Assente;Sereno;Scarso;Buona;;0;0;0;1;12.541;41.8783;-1;10;Autovettura privata;Sosta;;;;;;;
5882233;6;24/03/2022 13:30:00;Strada Urbana;VIA GABRIO SERBELLONI;da specificare;;;;dal civico 72 al 150;Veicolo in marcia contro veicoli in sosta;Rettilineo;Una carreggiata a senso unico di marcia;Asciutto;Asfaltata;Assente;Sereno;Scarso;Buona;;0;0;0;1;12.541;41.8783;-1;11;Autovettura privata;Sosta;;;;;;;
5882233;6;24/03/2022 13:30:00;Strada Urbana;VIA GABRIO SERBELLONI;da specificare;;;;dal civico 72 al 150;Veicolo in marcia contro veicoli in sosta;Rettilineo;Una carreggiata a senso unico di marcia;Asciutto;Asfaltata;Assente;Sereno;Scarso;Buona;;0;0;0;1;12.541;41.8783;-1;12;Autovettura privata;Sosta;;;;;;;
5882233;6;24/03/2022 13:30:00;Strada Urbana;VIA GABRIO SERBELLONI;da specificare;;;;dal civico 72 al 150;Veicolo in marcia contro veicoli in sosta;Rettilineo;Una carreggiata a senso unico di marcia;Asciutto;Asfaltata;Assente;Sereno;Scarso;Buona;;0;0;0;1;12.541;41.8783;-1;14;Autovettura privata;Sosta;;;;;;;
5882233;6;24/03/2022 13:30:00;Strada Urbana;VIA GABRIO SERBELLONI;da specificare;;;;dal civico 72 al 150;Veicolo in marcia contro veicoli in sosta;Rettilineo;Una carreggiata a senso unico di marcia;Asciutto;Asfaltata;Assente;Sereno;Scarso;Buona;;0;0;0;1;12.541;41.8783;-1;16;Autovettura privata;Sosta;;;;;;;
5882255;10;24/03/2022 13:15:00;Strada Urbana;VIA TUSCOLANA;all'intersezione semaforizzata con;PIAZZA DI CINECITTA';PIAZZA DI CINECITTA';;;Scontro laterale fra veicoli in marcia;Intersezione semaforizzata;Due carreggiate;Asciutto;Asfaltata;Verticale ed orizzontale;Sereno;Normale;Buona;;1;0;0;1;12.5676;41.8537;-1;1;Autovettura privata;In marcia / fermata / arresto;Conducente;F;Illeso;0;;Esente;Inesploso
5882255;10;24/03/2022 13:15:00;Strada Urbana;VIA TUSCOLANA;all'intersezione semaforizzata con;PIAZZA DI CINECITTA';PIAZZA DI CINECITTA';;;Scontro laterale fra veicoli in marcia;Intersezione semaforizzata;Due carreggiate;Asciutto;Asfaltata;Verticale ed orizzontale;Sereno;Normale;Buona;;1;0;0;1;12.5676;41.8537;-1;2;Motociclo con passeggero;In marcia / fermata / arresto;Conducente;M;Rimandato;0;NON DECEDUTO;Non accertato;
5882259;16;23/03/2022 13:30:00;Strada Urbana;LARGO GIOVANNI BERCHET;all'intersezione con;VIALE DELLE MURA GIANICOLENSI;VIALE DELLE MURA GIANICOLENSI;;;Scontro laterale fra veicoli in marcia;Rotatoria;Una carreggiata a senso unico di marcia;Asciutto;Asfaltata;Verticale ed orizzontale;Sereno;Normale;Buona;;1;0;0;1;12.4636;41.8827;-1;1;Autovettura privata;In marcia / fermata / arresto;Conducente;F;Illeso;0;;Non accertato;Inesploso
5882259;16;23/03/2022 13:30:00;Strada Urbana;LARGO GIOVANNI BERCHET;all'intersezione con;VIALE DELLE MURA GIANICOLENSI;VIALE DELLE MURA GIANICOLENSI;;;Scontro laterale fra veicoli in marcia;Rotatoria;Una carreggiata a senso unico di marcia;Asciutto;Asfaltata;Verticale ed orizzontale;Sereno;Normale;Buona;;1;0;0;1;12.4636;41.8827;-1;2;Motociclo a solo;In marcia / fermata / arresto;Conducente;F;Rimandato;0;NON DECEDUTO;Non accertato;
5882261;1;24/03/2022 10:20:00;Strada Urbana;VIALE MARCO POLO;all'intersezione con;VIA CRISTOFORO COLOMBO;VIA CRISTOFORO COLOMBO;;;Veicolo in marcia contro veicolo arresto;Intersezione stradale segnalata;Una carreggiata a senso unico di marcia;Asciutto;Asfaltata;Verticale ed orizzontale;Sereno;Normale;Buona;;0;0;0;2;12.4893;41.8728;-1;1;Autovettura privata;In marcia / fermata / arresto;Conducente;F;Illeso;0;;Non accertato;Inesploso
5882261;1;24/03/2022 10:20:00;Strada Urbana;VIALE MARCO POLO;all'intersezione con;VIA CRISTOFORO COLOMBO;VIA CRISTOFORO COLOMBO;;;Veicolo in marcia contro veicolo arresto;Intersezione stradale segnalata;Una carreggiata a senso unico di marcia;Asciutto;Asfaltata;Verticale ed orizzontale;Sereno;Normale;Buona;;0;0;0;2;12.4893;41.8728;-1;2;Autobus turistico;In marcia / fermata / arresto;Conducente;M;Illeso;0;;Non accertato;Inesploso
5882273;4;23/03/2022 12:50:00;Provinciale;VIA NOMENTANA;in prossimità;;del civico n.;1360;;Tamponamento;Curva a visuale libera;Una carreggiata a doppio senso;Asciutto;Asfaltata;Verticale ed orizzontale;Sereno;Normale;Buona;;1;0;0;1;12.5979;41.9656;-1;1;Autovettura privata;In marcia / fermata / arresto;Conducente;F;Rimandato;0;NON DECEDUTO;;
5882273;4;23/03/2022 12:50:00;Provinciale;VIA NOMENTANA;in prossimità;;del civico n.;1360;;Tamponamento;Curva a visuale libera;Una carreggiata a doppio senso;Asciutto;Asfaltata;Verticale ed orizzontale;Sereno;Normale;Buona;;1;0;0;1;12.5979;41.9656;-1;2;Autovettura privata;In marcia / fermata / arresto;Conducente;M;Illeso;0;;;Inesploso
5882300;1;24/03/2022 10:10:00;Strada Urbana;PIAZZALE DEI PARTIGIANI;in prossimità;;del palo luce n.;11;;Veicolo in marcia contro veicolo in sosta;Rettilineo;Una carreggiata a doppio senso;Asciutto;Asfaltata;Orizzontale;Sereno;Scarso;Buona;;0;0;0;1;12.4846;41.8741;-1;1;Autovettura privata;In marcia / fermata / arresto;Conducente;M;Illeso;0;;;
5882300;1;24/03/2022 10:10:00;Strada Urbana;PIAZZALE DEI PARTIGIANI;in prossimità;;del palo luce n.;11;;Veicolo in marcia contro veicolo in sosta;Rettilineo;Una carreggiata a doppio senso;Asciutto;Asfaltata;Orizzontale;Sereno;Scarso;Buona;;0;0;0;1;12.4846;41.8741;-1;2;Autovettura privata;Sosta;;;;;;;
5882302;12;24/03/2022 08:45:00;Strada Urbana;VIA BRUNO BRANDELLERO;in corrispondenza;;del palo luce n.;1;;Veicolo in marcia contro ostacolo fisso;Curva a visuale libera;Due carreggiate;Asciutto;Asfaltata;Verticale ed orizzontale;Sereno;Normale;Buona;;1;0;0;0;12.4505;41.8057;-1;1;Autovettura privata;In marcia / fermata / arresto;Conducente;F;Rimandato;0;NON DECEDUTO;;
5882313;16;24/03/2022 01:30:00;Strada Urbana;VIA S. VINCENZO DE' PAOLI;all'intersezione con;LARGO S. VINCENZO DE' PAOLI;LARGO S. VINCENZO DE' PAOLI;;;Scontro frontale/laterale DX fra veicoli in marcia;Intersezione stradale segnalata;Una carreggiata a senso unico di marcia;Asciutto;Asfaltata;Verticale ed orizzontale;Sereno;Scarso;Buona;;0;0;0;2;12.4568;41.8716;-1;1;Autovettura privata;In marcia / fermata / arresto;Conducente;M;Illeso;0;;Non accertato;Inesploso
5882313;16;24/03/2022 01:30:00;Strada Urbana;VIA S. VINCENZO DE' PAOLI;all'intersezione con;LARGO S. VINCENZO DE' PAOLI;LARGO S. VINCENZO DE' PAOLI;;;Scontro frontale/laterale DX fra veicoli in marcia;Intersezione stradale segnalata;Una carreggiata a senso unico di marcia;Asciutto;Asfaltata;Verticale ed orizzontale;Sereno;Scarso;Buona;;0;0;0;2;12.4568;41.8716;-1;2;Autovettura privata;In marcia / fermata / arresto;Conducente;F;Illeso;0;;Non accertato;Inesploso
5882366;4;23/03/2022 14:30:00;Strada Urbana;VIALE JONIO;in corrispondenza;;del civico n.;278;;Scontro frontale/laterale DX fra veicoli in marcia;Rettilineo;Due carreggiate;Asciutto;Asfaltata;Verticale ed orizzontale;Sereno;Normale;Buona;;0;0;0;3;12.5307;41.9458;-1;1;Autovettura privata;In marcia / fermata / arresto;Conducente;F;Illeso;0;;Non accertato;Inesploso
5882366;4;23/03/2022 14:30:00;Strada Urbana;VIALE JONIO;in corrispondenza;;del civico n.;278;;Scontro frontale/laterale DX fra veicoli in marcia;Rettilineo;Due carreggiate;Asciutto;Asfaltata;Verticale ed orizzontale;Sereno;Normale;Buona;;0;0;0;3;12.5307;41.9458;-1;2;Autovettura privata;In marcia / fermata / arresto;Conducente;M;Illeso;0;;Non accertato;Inesploso
5882366;4;23/03/2022 14:30:00;Strada Urbana;VIALE JONIO;in corrispondenza;;del civico n.;278;;Scontro frontale/laterale DX fra veicoli in marcia;Rettilineo;Due carreggiate;Asciutto;Asfaltata;Verticale ed orizzontale;Sereno;Normale;Buona;;0;0;0;3;12.5307;41.9458;-1;2;Autovettura privata;In marcia / fermata / arresto;Passeggero;F;Illeso;0;;Non accertato;Inesploso
5882401;16;23/03/2022 13:38:00;;VIA DELLA PISANA;in corrispondenza;;del civico n.;4;;Veicolo in marcia contro ostacolo accidentale;;;;;;;;;;0;0;0;1;12.4216;41.886;0;1;Autobus di linea;In marcia / fermata / arresto;Conducente;M;Illeso;0;;;
5882436;16;23/03/2022 17:35:00;;VIA AURELIA ANTICA;in corrispondenza;;del civico n.;270;;Scontro laterale fra veicoli in marcia;;;;;;;;;;0;0;0;2;12.439;41.8894;0;1;Autovettura privata;In marcia / fermata / arresto;Conducente;M;Illeso;0;;;
5882436;16;23/03/2022 17:35:00;;VIA AURELIA ANTICA;in corrispondenza;;del civico n.;270;;Scontro laterale fra veicoli in marcia;;;;;;;;;;0;0;0;2;12.439;41.8894;0;2;Motociclo a solo;In marcia / fermata / arresto;Conducente;M;Illeso;0;;;
5882465;16;23/03/2022 21:30:00;Strada Urbana;CIRCONVALLAZIONE CORNELIA;all'intersezione con;LARGO ALESSANDRO CARAVILLANI;LARGO ALESSANDRO CARAVILLANI;;;Infortunio per caduta del veicolo;Intersezione semaforizzata;Due carreggiate;Asciutto;Asfaltata;Verticale ed orizzontale;Sereno;Normale;Sufficiente;;1;0;0;1;12.4259;41.902;-1;1;Autovettura privata;In marcia / fermata / arresto;Conducente;M;Illeso;0;;Non accertato;
5882465;16;23/03/2022 21:30:00;Strada Urbana;CIRCONVALLAZIONE CORNELIA;all'intersezione con;LARGO ALESSANDRO CARAVILLANI;LARGO ALESSANDRO CARAVILLANI;;;Infortunio per caduta del veicolo;Intersezione semaforizzata;Due carreggiate;Asciutto;Asfaltata;Verticale ed orizzontale;Sereno;Normale;Sufficiente;;1;0;0;1;12.4259;41.902;-1;2;Motociclo a solo;In marcia / fermata / arresto;Conducente;M;Ricoverato;0;NON DECEDUTO;Non accertato;
5882478;1;24/03/2022 11:15:00;Strada Urbana;VIA LEONIDA BISSOLATI;in prossimità;;del civico n.;54;;Scontro laterale fra veicoli in marcia;Rettilineo;Una carreggiata a doppio senso;Asciutto;Asfaltata;Verticale ed orizzontale;Sereno;Normale;Buona;;0;0;0;3;12.4922;41.9052;-1;1;Autocarro inferiore 35 q.;In marcia / fermata / arresto;Conducente;M;Illeso;0;;;
5882478;1;24/03/2022 11:15:00;Strada Urbana;VIA LEONIDA BISSOLATI;in prossimità;;del civico n.;54;;Scontro laterale fra veicoli in marcia;Rettilineo;Una carreggiata a doppio senso;Asciutto;Asfaltata;Verticale ed orizzontale;Sereno;Normale;Buona;;0;0;0;3;12.4922;41.9052;-1;2;Autovettura privata;In marcia / fermata / arresto;Conducente;M;Illeso;0;;;
5882478;1;24/03/2022 11:15:00;Strada Urbana;VIA LEONIDA BISSOLATI;in prossimità;;del civico n.;54;;Scontro laterale fra veicoli in marcia;Rettilineo;Una carreggiata a doppio senso;Asciutto;Asfaltata;Verticale ed orizzontale;Sereno;Normale;Buona;;0;0;0;3;12.4922;41.9052;-1;2;Autovettura privata;In marcia / fermata / arresto;Passeggero;M;Illeso;0;;;
5882575;16;18/03/2022 16:00:00;;LARGO GIACOMO GUIDI;all'intersezione con;VIA DI BRAVETTA;VIA DI BRAVETTA;;;Investimento di pedone;;;;;;;;;;1;0;0;1;12.4264;41.8812;0;;;;Pedone;M;Ricoverato;0;NON DECEDUTO;;
5882575;16;18/03/2022 16:00:00;;LARGO GIACOMO GUIDI;all'intersezione con;VIA DI BRAVETTA;VIA DI BRAVETTA;;;Investimento di pedone;;;;;;;;;;1;0;0;1;12.4264;41.8812;0;1;Autovettura privata;In marcia / fermata / arresto;Conducente;M;Illeso;0;;;
5882613;6;24/03/2022 17:30:00;Strada Urbana;VIA ROVIANO;all'intersezione con;VIA FONTANA LIRI;VIA FONTANA LIRI;;;Scontro frontale/laterale SX fra veicoli in marcia;Incrocio;Due carreggiate;Asciutto;Asfaltata;Verticale;Sereno;Scarso;Buona;;1;0;0;1;12.5562;41.8923;-1;1;Autovettura privata;In marcia / fermata / arresto;Conducente;F;Illeso;0;;Non accertato;Inesploso
5882613;6;24/03/2022 17:30:00;Strada Urbana;VIA ROVIANO;all'intersezione con;VIA FONTANA LIRI;VIA FONTANA LIRI;;;Scontro frontale/laterale SX fra veicoli in marcia;Incrocio;Due carreggiate;Asciutto;Asfaltata;Verticale;Sereno;Scarso;Buona;;1;0;0;1;12.5562;41.8923;-1;2;Ciclomotore;In marcia / fermata / arresto;Conducente;M;Rifiuta cure immediate;0;NON DECEDUTO;Non accertato;
5882696;12;24/03/2022 16:20:00;Strada Urbana;VIA ENRICO GUASTALLA;da specificare;;;; area parcheggio esterno;Veicolo in marcia contro ostacolo accidentale;Rettilineo;Una carreggiata a senso unico di marcia;Asciutto;Asfaltata;Verticale ed orizzontale;Sereno;Scarso;Buona;;1;0;0;1;12.4592;41.8846;-1;1;Autovettura privata;In marcia / fermata / arresto;Conducente;M;Illeso;0;;;
5882696;12;24/03/2022 16:20:00;Strada Urbana;VIA ENRICO GUASTALLA;da specificare;;;; area parcheggio esterno;Veicolo in marcia contro ostacolo accidentale;Rettilineo;Una carreggiata a senso unico di marcia;Asciutto;Asfaltata;Verticale ed orizzontale;Sereno;Scarso;Buona;;1;0;0;1;12.4592;41.8846;-1;2;Motociclo a solo;In marcia / fermata / arresto;Conducente;M;Rimandato;0;NON DECEDUTO;;
5882726;10;24/03/2022 14:45:00;Strada Urbana;PIAZZA ETTORE VIOLA;all'intersezione con;VIA VINCENZO GIUDICE;VIA VINCENZO GIUDICE;;;Scontro frontale/laterale DX fra veicoli in marcia;Rotatoria;Una carreggiata a senso unico di marcia;Asciutto;Asfaltata;Verticale ed orizzontale;Sereno;Normale;Buona;;0;0;0;2;12.5861;41.8455;-1;1;Autovettura privata;In marcia / fermata / arresto;Conducente;F;Illeso;0;;Non accertato;Inesploso
5882726;10;24/03/2022 14:45:00;Strada Urbana;PIAZZA ETTORE VIOLA;all'intersezione con;VIA VINCENZO GIUDICE;VIA VINCENZO GIUDICE;;;Scontro frontale/laterale DX fra veicoli in marcia;Rotatoria;Una carreggiata a senso unico di marcia;Asciutto;Asfaltata;Verticale ed orizzontale;Sereno;Normale;Buona;;0;0;0;2;12.5861;41.8455;-1;2;Autovettura privata;In marcia / fermata / arresto;Conducente;M;Illeso;0;;Non accertato;Inesploso
5882728;15;24/03/2022 12:30:00;Strada Urbana;VIA QUIRINO MAJORANA;in corrispondenza;;del civico n.;23;;Veicolo in marcia contro veicolo in sosta;Rettilineo;Una carreggiata a senso unico di marcia;Asciutto;Asfaltata;Orizzontale;Sereno;Scarso;Buona;;0;0;0;1;12.4647;41.8656;-1;1;Autovettura privata;Sosta;;;;;;;
5882728;15;24/03/2022 12:30:00;Strada Urbana;VIA QUIRINO MAJORANA;in corrispondenza;;del civico n.;23;;Veicolo in marcia contro veicolo in sosta;Rettilineo;Una carreggiata a senso unico di marcia;Asciutto;Asfaltata;Orizzontale;Sereno;Scarso;Buona;;0;0;0;1;12.4647;41.8656;-1;2;Autocarro inferiore 35 q.;In marcia / fermata / arresto;Conducente;M;Illeso;0;;Non accertato;Inesploso
5882749;13;24/03/2022 08:20:00;Strada Urbana;VIA TELEMACO SIGNORINI;all'intersezione con;VIA CESARE MACCARI;VIA CESARE MACCARI;;;Scontro frontale fra veicoli in marcia;Intersezione stradale segnalata;Una carreggiata a doppio senso;Asciutto;Asfaltata;Verticale;Sereno;Normale;Buona;;1;0;0;1;12.3573;41.7748;-1;1;Autovettura privata;In marcia / fermata / arresto;Conducente;M;Rimandato;0;NON DECEDUTO;Non accertato;Esploso
5882749;13;24/03/2022 08:20:00;Strada Urbana;VIA TELEMACO SIGNORINI;all'intersezione con;VIA CESARE MACCARI;VIA CESARE MACCARI;;;Scontro frontale fra veicoli in marcia;Intersezione stradale segnalata;Una carreggiata a doppio senso;Asciutto;Asfaltata;Verticale;Sereno;Normale;Buona;;1;0;0;1;12.3573;41.7748;-1;2;Autovettura privata;In marcia / fermata / arresto;Conducente;M;Illeso;0;;Non accertato;Inesploso
5882913;12;24/03/2022 14:30:00;Strada Urbana;VIA CATERINA TROIANI;da specificare;;;;fronte civico 228;Tamponamento;Rettilineo;Una carreggiata a doppio senso;Asciutto;Asfaltata;Verticale ed orizzontale;Sereno;Normale;Buona;;0;0;0;2;12.4507;41.8124;-1;1;Autovettura privata;In marcia / fermata / arresto;Conducente;M;Illeso;0;;;
5882913;12;24/03/2022 14:30:00;Strada Urbana;VIA CATERINA TROIANI;da specificare;;;;fronte civico 228;Tamponamento;Rettilineo;Una carreggiata a doppio senso;Asciutto;Asfaltata;Verticale ed orizzontale;Sereno;Normale;Buona;;0;0;0;2;12.4507;41.8124;-1;2;Autovettura privata;In marcia / fermata / arresto;Conducente;M;Illeso;0;;;
5882919;1;24/03/2022 04:40:00;Strada Urbana;CORSO D'ITALIA;all'intersezione con;VIA LUCANIA;VIA LUCANIA;;;Veicolo in marcia contro ostacolo fisso;Incrocio;Una carreggiata a senso unico di marcia;Asciutto;Asfaltata;Verticale ed orizzontale;Sereno;Scarso;Buona;;1;0;0;0;12.4968;41.911;-1;1;Autovettura privata;In marcia / fermata / arresto;Conducente;M;Rimandato;0;NON DECEDUTO;;
5882933;10;24/03/2022 21:40:00;Provinciale entro l'abitato;VIA TUSCOLANA;da specificare;;;;intersezione semaforica alt. via B. Petrocelli;Scontro frontale/laterale SX fra veicoli in marcia;Rettilineo;Due carreggiate;Asciutto;Asfaltata;Verticale ed orizzontale;Sereno;Normale;Buona;;1;0;0;1;12.605;41.8354;-1;1;Autovettura privata;In marcia / fermata / arresto;Conducente;F;Illeso;0;;Non accertato;Inesploso
5882933;10;24/03/2022 21:40:00;Provinciale entro l'abitato;VIA TUSCOLANA;da specificare;;;;intersezione semaforica alt. via B. Petrocelli;Scontro frontale/laterale SX fra veicoli in marcia;Rettilineo;Due carreggiate;Asciutto;Asfaltata;Verticale ed orizzontale;Sereno;Normale;Buona;;1;0;0;1;12.605;41.8354;-1;2;Motociclo a solo;In marcia / fermata / arresto;Conducente;M;Ricoverato;0;NON DECEDUTO;Non accertato;
5882940;20;24/03/2022 14:00:00;Strada Urbana;VIA VINCENZO COMPARINI;all'intersezione con;VIA CLAUDIO CARCAGNI;VIA CLAUDIO CARCAGNI;;;Scontro frontale/laterale DX fra veicoli in marcia;Incrocio;Due carreggiate;Asciutto;Asfaltata;Verticale ed orizzontale;Sereno;Normale;Buona;;0;0;0;3;12.4855;41.9927;-1;1;Autovettura privata;In marcia / fermata / arresto;Conducente;M;Illeso;0;;Non accertato;Inesploso
5882940;20;24/03/2022 14:00:00;Strada Urbana;VIA VINCENZO COMPARINI;all'intersezione con;VIA CLAUDIO CARCAGNI;VIA CLAUDIO CARCAGNI;;;Scontro frontale/laterale DX fra veicoli in marcia;Incrocio;Due carreggiate;Asciutto;Asfaltata;Verticale ed orizzontale;Sereno;Normale;Buona;;0;0;0;3;12.4855;41.9927;-1;1;Autovettura privata;In marcia / fermata / arresto;Passeggero;F;Illeso;0;;;
5882940;20;24/03/2022 14:00:00;Strada Urbana;VIA VINCENZO COMPARINI;all'intersezione con;VIA CLAUDIO CARCAGNI;VIA CLAUDIO CARCAGNI;;;Scontro frontale/laterale DX fra veicoli in marcia;Incrocio;Due carreggiate;Asciutto;Asfaltata;Verticale ed orizzontale;Sereno;Normale;Buona;;0;0;0;3;12.4855;41.9927;-1;2;Autovettura privata;In marcia / fermata / arresto;Conducente;M;Illeso;0;;Non accertato;Inesploso
5882945;1;24/03/2022 16:30:00;Strada Urbana;VIA CAVOUR;all'intersezione con;PIAZZA DELL'ESQUILINO;PIAZZA DELL'ESQUILINO;;;Scontro frontale/laterale DX fra veicoli in marcia;Intersezione semaforizzata;Più di due carreggiate;Asciutto;Asfaltata;Verticale ed orizzontale;Sereno;Normale;Buona;;0;0;0;2;12.4973;41.8984;-1;1;Autovettura privata;In marcia / fermata / arresto;Conducente;F;Illeso;0;;Non accertato;
5882945;1;24/03/2022 16:30:00;Strada Urbana;VIA CAVOUR;all'intersezione con;PIAZZA DELL'ESQUILINO;PIAZZA DELL'ESQUILINO;;;Scontro frontale/laterale DX fra veicoli in marcia;Intersezione semaforizzata;Più di due carreggiate;Asciutto;Asfaltata;Verticale ed orizzontale;Sereno;Normale;Buona;;0;0;0;2;12.4973;41.8984;-1;2;Motociclo a solo;In marcia / fermata / arresto;Conducente;M;Illeso;0;;Non accertato;
5882957;20;24/03/2022 09:35:00;Strada Urbana;VIALE DELLE GALLINE BIANCHE;da specificare;;;;all'intersezione con via Offanego;Scontro laterale fra veicoli in marcia;Rettilineo;Due carreggiate;Asciutto;Asfaltata;Orizzontale;Sereno;Scarso;Buona;;0;0;0;2;12.4902;41.9972;-1;1;Autovettura privata;In marcia / fermata / arresto;Conducente;F;Illeso;0;;;
5882957;20;24/03/2022 09:35:00;Strada Urbana;VIALE DELLE GALLINE BIANCHE;da specificare;;;;all'intersezione con via Offanego;Scontro laterale fra veicoli in marcia;Rettilineo;Due carreggiate;Asciutto;Asfaltata;Orizzontale;Sereno;Scarso;Buona;;0;0;0;2;12.4902;41.9972;-1;2;Motociclo a solo;In marcia / fermata / arresto;Conducente;M;Illeso;0;;;
5882985;11;24/03/2022 03:00:00;Strada Urbana;VIA MARTIN ALONZO PINZÒN;in prossimità;;del civico n.;1;;Veicolo in marcia contro veicoli in sosta;Curva senza visuale libera;Una carreggiata a doppio senso;Asciutto;Asfaltata;Verticale ed orizzontale;Sereno;Scarso;Buona;;0;0;0;1;12.4909;41.8707;-1;1;Autovettura privata;In marcia / fermata / arresto;Conducente;F;Illeso;0;;Non accertato;
5882985;11;24/03/2022 03:00:00;Strada Urbana;VIA MARTIN ALONZO PINZÒN;in prossimità;;del civico n.;1;;Veicolo in marcia contro veicoli in sosta;Curva senza visuale libera;Una carreggiata a doppio senso;Asciutto;Asfaltata;Verticale ed orizzontale;Sereno;Scarso;Buona;;0;0;0;1;12.4909;41.8707;-1;2;Autovettura privata;Sosta;;;;;;;
5882985;11;24/03/2022 03:00:00;Strada Urbana;VIA MARTIN ALONZO PINZÒN;in prossimità;;del civico n.;1;;Veicolo in marcia contro veicoli in sosta;Curva senza visuale libera;Una carreggiata a doppio senso;Asciutto;Asfaltata;Verticale ed orizzontale;Sereno;Scarso;Buona;;0;0;0;1;12.4909;41.8707;-1;3;Autovettura privata;Sosta;;;;;;;
5882996;9;24/03/2022 14:20:00;Strada Urbana;VIA GENZANO;all'intersezione con;VIA ALBANO;VIA ALBANO;;;Scontro frontale/laterale SX fra veicoli in marcia;Intersezione stradale segnalata;Una carreggiata a doppio senso;Asciutto;Asfaltata;Verticale ed orizzontale;Sereno;Normale;Buona;;0;0;0;2;12.5329;41.8705;-1;1;Autovettura privata;In marcia / fermata / arresto;Conducente;M;Illeso;0;;Non accertato;Inesploso
5882996;9;24/03/2022 14:20:00;Strada Urbana;VIA GENZANO;all'intersezione con;VIA ALBANO;VIA ALBANO;;;Scontro frontale/laterale SX fra veicoli in marcia;Intersezione stradale segnalata;Una carreggiata a doppio senso;Asciutto;Asfaltata;Verticale ed orizzontale;Sereno;Normale;Buona;;0;0;0;2;12.5329;41.8705;-1;2;Autovettura privata;In marcia / fermata / arresto;Conducente;M;Illeso;0;;Non accertato;Inesploso
5883002;20;24/03/2022 11:40:00;Strada Urbana;VIA BASSANELLO;in prossimità;;del civico n.;13 B;;Investimento di pedone;Rettilineo;Una carreggiata a senso unico di marcia;Asciutto;Asfaltata;Verticale;Sereno;Scarso;Buona;;0;0;0;2;12.4422;41.9727;-1;;;;Pedone;M;Illeso;0;;;
5883002;20;24/03/2022 11:40:00;Strada Urbana;VIA BASSANELLO;in prossimità;;del civico n.;13 B;;Investimento di pedone;Rettilineo;Una carreggiata a senso unico di marcia;Asciutto;Asfaltata;Verticale;Sereno;Scarso;Buona;;0;0;0;2;12.4422;41.9727;-1;1;Autovettura privata;In marcia / fermata / arresto;Conducente;M;Illeso;0;;Non accertato;Inesploso
5883020;8;24/03/2022 06:10:00;Strada Urbana;VIA DELLA RISERVA NUOVA;all'intersezione con;VIA DON PRIMO MAZZOLARI;VIA DON PRIMO MAZZOLARI;;;Tamponamento;Intersezione stradale segnalata;Una carreggiata a doppio senso;Asciutto;Asfaltata;Verticale ed orizzontale;Sereno;Normale;Buona;;0;0;0;1;12.6792;41.8928;-1;1;Autovettura privata;In marcia / fermata / arresto;Conducente;F;Illeso;0;;Non accertato;Inesploso
5883020;8;24/03/2022 06:10:00;Strada Urbana;VIA DELLA RISERVA NUOVA;all'intersezione con;VIA DON PRIMO MAZZOLARI;VIA DON PRIMO MAZZOLARI;;;Tamponamento;Intersezione stradale segnalata;Una carreggiata a doppio senso;Asciutto;Asfaltata;Verticale ed orizzontale;Sereno;Normale;Buona;;0;0;0;1;12.6792;41.8928;-1;2;Autovettura privata;In marcia / fermata / arresto;;;;;;;
5883024;8;24/03/2022 09:00:00;Strada Urbana;VIA SILICELLA;in corrispondenza;;del civico n.;113;;Scontro laterale fra veicoli in marcia;Rettilineo;Una carreggiata a doppio senso;Asciutto;Asfaltata;Verticale ed orizzontale;Sereno;Normale;Buona;;2;0;0;0;12.5982;41.8586;-1;1;Autovettura privata;In marcia / fermata / arresto;Conducente;M;Rifiuta cure immediate;0;NON DECEDUTO;;
5883024;8;24/03/2022 09:00:00;Strada Urbana;VIA SILICELLA;in corrispondenza;;del civico n.;113;;Scontro laterale fra veicoli in marcia;Rettilineo;Una carreggiata a doppio senso;Asciutto;Asfaltata;Verticale ed orizzontale;Sereno;Normale;Buona;;2;0;0;0;12.5982;41.8586;-1;2;Autovettura privata;In marcia / fermata / arresto;Conducente;M;Rifiuta cure immediate;0;NON DECEDUTO;;
5883026;8;24/03/2022 13:00:00;Strada Urbana;VIA DELLE ALZAVOLE;in corrispondenza;;del civico n.;23;;Veicolo in marcia contro veicoli in sosta;Rettilineo;Una carreggiata a doppio senso;Asciutto;Asfaltata;Verticale ed orizzontale;Sereno;Scarso;Buona;;0;0;0;0;12.6007;41.874;-1;1;Autovettura privata;Sosta;;;;;;;