Protocollo;Gruppo;DataOraIncidente;Localizzazione1;STRADA1;Localizzazione2;STRADA2;Strada02;Chilometrica;DaSpecificare;NaturaIncidente;particolaritastrade;TipoStrada;FondoStradale;Pavimentazione;Segnaletica;CondizioneAtmosferica;Traffico;Visibilita;Illuminazione;NUM_FERITI;NUM_RISERVATA;NUM_MORTI;NUM_ILLESI;Longitude;Latitude;Confermato;Progressivo;TipoVeicolo;StatoVeicolo;TipoPersona;Sesso;Tipolesione;Deceduto;DecedutoDopo;CinturaCascoUtilizzato;Airbag;
5886562;20;26/03/2022 12:10:00;Strada Urbana;VIA FLAMINIA;da specificare;;;;prossimità civ. 871;Scontro laterale fra veicoli in marcia;Curva a visuale libera;Due carreggiate;Asciutto;Asfaltata;Verticale ed orizzontale;Sereno;Normale;Buona;;0;0;0;2;12.4718;41.9419;-1;1;Autovettura privata;In marcia / fermata / arresto;Conducente;M;Illeso;0;;Non accertato;Inesploso
5886562;20;26/03/2022 12:10:00;Strada Urbana;VIA FLAMINIA;da specificare;;;;prossimità civ. 871;Scontro laterale fra veicoli in marcia;Curva a visuale libera;Due carreggiate;Asciutto;Asfaltata;Verticale ed orizzontale;Sereno;Normale;Buona;;0;0;0;2;12.4718;41.9419;-1;2;Autovettura privata;In marcia / fermata / arresto;Conducente;M;Illeso;0;;Non accertato;Inesploso
5886590;20;26/03/2022 18:00:00;Strada Urbana;VIA CASSIA;da specificare;;;;all'intersezione con via GIULIO GALLI;Scontro frontale/laterale DX fra veicoli in marcia;Rettilineo;Una carreggiata a doppio senso;Asciutto;Asfaltata;Verticale ed orizzontale;Sereno;Intenso;Sufficiente;;0;0;0;3;12.4137;41.9828;-1;1;Autovettura privata;In marcia / fermata / arresto;Conducente;M;Illeso;0;;Non accertato;Inesploso
5886590;20;26/03/2022 18:00:00;Strada Urbana;VIA CASSIA;da specificare;;;;all'intersezione con via GIULIO GALLI;Scontro frontale/laterale DX fra veicoli in marcia;Rettilineo;Una carreggiata a doppio senso;Asciutto;Asfaltata;Verticale ed orizzontale;Sereno;Intenso;Sufficiente;;0;0;0;3;12.4137;41.9828;-1;2;Autovettura privata;In marcia / fermata / arresto;Conducente;M;Illeso;0;;;
5886590;20;26/03/2022 18:00:00;Strada Urbana;VIA CASSIA;da specificare;;;;all'intersezione con via GIULIO GALLI;Scontro frontale/laterale DX fra veicoli in marcia;Rettilineo;Una carreggiata a doppio senso;Asciutto;Asfaltata;Verticale ed orizzontale;Sereno;Intenso;Sufficiente;;0;0;0;3;12.4137;41.9828;-1;2;Autovettura privata;In marcia / fermata / arresto;Passeggero;M;Illeso;0;;Non accertato;Inesploso
5886640;20;26/03/2022 22:30:00;Strada Urbana;VIA CASSIA;da specificare;;;;fronte civico 851;Tamponamento;Rettilineo;Una carreggiata a doppio senso;Asciutto;Asfaltata;Orizzontale;Sereno;Scarso;Buona;;0;0;0;6;12.4137;41.9828;-1;1;Autovettura privata;In marcia / fermata / arresto;Conducente;M;Illeso;0;;Non accertato;Inesploso
5886640;20;26/03/2022 22:30:00;Strada Urbana;VIA CASSIA;da specificare;;;;fronte civico 851;Tamponamento;Rettilineo;Una carreggiata a doppio senso;Asciutto;Asfaltata;Orizzontale;Sereno;Scarso;Buona;;0;0;0;6;12.4137;41.9828;-1;1;Autovettura privata;In marcia / fermata / arresto;Passeggero;M;Illeso;0;;Non accertato;Inesploso
5886640;20;26/03/2022 22:30:00;Strada Urbana;VIA CASSIA;da specificare;;;;fronte civico 851;Tamponamento;Rettilineo;Una carreggiata a doppio senso;Asciutto;Asfaltata;Orizzontale;Sereno;Scarso;Buona;;0;0;0;6;12.4137;41.9828;-1;1;Autovettura privata;In marcia / fermata / arresto;Passeggero;F;Illeso;0;;Non accertato;Inesploso
5886640;20;26/03/2022 22:30:00;Strada Urbana;VIA CASSIA;da specificare;;;;fronte civico 851;Tamponamento;Rettilineo;Una carreggiata a doppio senso;Asciutto;Asfaltata;Orizzontale;Sereno;Scarso;Buona;;0;0;0;6;12.4137;41.9828;-1;1;Autovettura privata;In marcia / fermata / arresto;Passeggero;M;Illeso;0;;Non accertato;Inesploso
5886640;20;26/03/2022 22:30:00;Strada Urbana;VIA CASSIA;da specificare;;;;fronte civico 851;Tamponamento;Rettilineo;Una carreggiata a doppio senso;Asciutto;Asfaltata;Orizzontale;Sereno;Scarso;Buona;;0;0;0;6;12.4137;41.9828;-1;2;Autovettura privata;In marcia / fermata / arresto;Conducente;M;Illeso;0;;Non accertato;Inesploso
5886640;20;26/03/2022 22:30:00;Strada Urbana;VIA CASSIA;da specificare;;;;fronte civico 851;Tamponamento;Rettilineo;Una carreggiata a doppio senso;Asciutto;Asfaltata;Orizzontale;Sereno;Scarso;Buona;;0;0;0;6;12.4137;41.9828;-1;2;Autovettura privata;In marcia / fermata / arresto;Passeggero;F;Illeso;0;;Non accertato;Inesploso
5886669;20;27/03/2022 01:10:00;Strada Urbana;VIA DI VILLA SEVERINI;da specificare;;;;prox civ. 10;Tamponamento;Rettilineo;Una carreggiata a senso unico di marcia;Asciutto;Asfaltata;Orizzontale;Sereno;Scarso;Buona;;0;0;0;3;12.4706;41.9483;-1;1;Autovettura privata;In marcia / fermata / arresto;Conducente;M;Illeso;0;;Non accertato;Inesploso
5886669;20;27/03/2022 01:10:00;Strada Urbana;VIA DI VILLA SEVERINI;da specificare;;;;prox civ. 10;Tamponamento;Rettilineo;Una carreggiata a senso unico di marcia;Asciutto;Asfaltata;Orizzontale;Sereno;Scarso;Buona;;0;0;0;3;12.4706;41.9483;-1;2;Autovettura privata;In marcia / fermata / arresto;Conducente;M;Illeso;0;;Non accertato;Inesistente
5886669;20;27/03/2022 01:10:00;Strada Urbana;VIA DI VILLA SEVERINI;da specificare;;;;prox civ. 10;Tamponamento;Rettilineo;Una carreggiata a senso unico di marcia;Asciutto;Asfaltata;Orizzontale;Sereno;Scarso;Buona;;0;0;0;3;12.4706;41.9483;-1;2;Autovettura privata;In marcia / fermata / arresto;Passeggero;F;Illeso;0;;Non accertato;Inesploso
5886681;12;26/03/2022 13:30:00;Strada Urbana;VIALE DEGLI EROI DI RODI;in prossimità;;del civico n.;10;;Scontro frontale/laterale DX fra veicoli in marcia;Rettilineo;Una carreggiata a senso unico di marcia;Asciutto;Asfaltata;Verticale ed orizzontale;Sereno;Normale;Buona;;0;0;0;4;12.4424;41.7774;-1;1;Autovettura privata;In marcia / fermata / arresto;Conducente;M;Illeso;0;;;
5886681;12;26/03/2022 13:30:00;Strada Urbana;VIALE DEGLI EROI DI RODI;in prossimità;;del civico n.;10;;Scontro frontale/laterale DX fra veicoli in marcia;Rettilineo;Una carreggiata a senso unico di marcia;Asciutto;Asfaltata;Verticale ed orizzontale;Sereno;Normale;Buona;;0;0;0;4;12.4424;41.7774;-1;1;Autovettura privata;In marcia / fermata / arresto;Passeggero;F;Illeso;0;;;
5886681;12;26/03/2022 13:30:00;Strada Urbana;VIALE DEGLI EROI DI RODI;in prossimità;;del civico n.;10;;Scontro frontale/laterale DX fra veicoli in marcia;Rettilineo;Una carreggiata a senso unico di marcia;Asciutto;Asfaltata;Verticale ed orizzontale;Sereno;Normale;Buona;;0;0;0;4;12.4424;41.7774;-1;2;Altro;In marcia / fermata / arresto;Conducente;M;Illeso;0;;;
5886681;12;26/03/2022 13:30:00;Strada Urbana;VIALE DEGLI EROI DI RODI;in prossimità;;del civico n.;10;;Scontro frontale/laterale DX fra veicoli in marcia;Rettilineo;Una carreggiata a senso unico di marcia;Asciutto;Asfaltata;Verticale ed orizzontale;Sereno;Normale;Buona;;0;0;0;4;12.4424;41.7774;-1;2;Altro;In marcia / fermata / arresto;Passeggero;M;Illeso;0;;;
5886691;20;27/03/2022 04:40:00;Strada Urbana;VIA CASSIA;da specificare;;;;prossimità civ. 478;Scontro laterale fra veicoli in marcia;Curva a visuale libera;Una carreggiata a doppio senso;Asciutto;Asfaltata;Orizzontale;Sereno;Scarso;Buona;;0;0;0;6;12.4542;41.9587;-1;1;Autovettura privata;In marcia / fermata / arresto;Conducente;F;Illeso;0;;Non accertato;Inesploso
5886691;20;27/03/2022 04:40:00;Strada Urbana;VIA CASSIA;da specificare;;;;prossimità civ. 478;Scontro laterale fra veicoli in marcia;Curva a visuale libera;Una carreggiata a doppio senso;Asciutto;Asfaltata;Orizzontale;Sereno;Scarso;Buona;;0;0;0;6;12.4542;41.9587;-1;1;Autovettura privata;In marcia / fermata / arresto;Passeggero;F;Illeso;0;;Non accertato;Inesploso
5886691;20;27/03/2022 04:40:00;Strada Urbana;VIA CASSIA;da specificare;;;;prossimità civ. 478;Scontro laterale fra veicoli in marcia;Curva a visuale libera;Una carreggiata a doppio senso;Asciutto;Asfaltata;Orizzontale;Sereno;Scarso;Buona;;0;0;0;6;12.4542;41.9587;-1;1;Autovettura privata;In marcia / fermata / arresto;Passeggero;F;Illeso;0;;Non accertato;Inesploso
5886691;20;27/03/2022 04:40:00;Strada Urbana;VIA CASSIA;da specificare;;;;prossimità civ. 478;Scontro laterale fra veicoli in marcia;Curva a visuale libera;Una carreggiata a doppio senso;Asciutto;Asfaltata;Orizzontale;Sereno;Scarso;Buona;;0;0;0;6;12.4542;41.9587;-1;2;Autovettura privata;In marcia / fermata / arresto;Conducente;M;Illeso;0;;Non accertato;
5886691;20;27/03/2022 04:40:00;Strada Urbana;VIA CASSIA;da specificare;;;;prossimità civ. 478;Scontro laterale fra veicoli in marcia;Curva a visuale libera;Una carreggiata a doppio senso;Asciutto;Asfaltata;Orizzontale;Sereno;Scarso;Buona;;0;0;0;6;12.4542;41.9587;-1;2;Autovettura privata;In marcia / fermata / arresto;Passeggero;M;Illeso;0;;Non accertato;Inesploso
5886692;12;26/03/2022 15:00:00;Statale;VIA PONTINA;in prossimità;;del civico n.;587;;Scontro laterale fra veicoli in marcia;Rettilineo;Una carreggiata a doppio senso;Asciutto;Asfaltata;Orizzontale;Sereno;Scarso;Buona;;0;0;0;3;12.4457;41.7798;-1;1;Autovettura privata;In marcia / fermata / arresto;Conducente;M;Illeso;0;;;
5886692;12;26/03/2022 15:00:00;Statale;VIA PONTINA;in prossimità;;del civico n.;587;;Scontro laterale fra veicoli in marcia;Rettilineo;Una carreggiata a doppio senso;Asciutto;Asfaltata;Orizzontale;Sereno;Scarso;Buona;;0;0;0;3;12.4457;41.7798;-1;1;Autovettura privata;In marcia / fermata / arresto;Passeggero;F;Illeso;0;;;
5886692;12;26/03/2022 15:00:00;Statale;VIA PONTINA;in prossimità;;del civico n.;587;;Scontro laterale fra veicoli in marcia;Rettilineo;Una carreggiata a doppio senso;Asciutto;Asfaltata;Orizzontale;Sereno;Scarso;Buona;;0;0;0;3;12.4457;41.7798;-1;2;Autovettura privata;In marcia / fermata / arresto;Conducente;M;Illeso;0;;;
5886706;12;27/03/2022 12:30:00;Provinciale;VIA DEL MARE;in prossimità;;della chilometrica;14.3;;Tamponamento Multiplo;Rettilineo;Una carreggiata a doppio senso;Asciutto;Asfaltata;Verticale ed orizzontale;Sereno;Normale;Buona;;1;0;0;6;9.644;45.397;-1;1;Autovettura privata;In marcia / fermata / arresto;Conducente;F;Illeso;0;;;
5886706;12;27/03/2022 12:30:00;Provinciale;VIA DEL MARE;in prossimità;;della chilometrica;14.3;;Tamponamento Multiplo;Rettilineo;Una carreggiata a doppio senso;Asciutto;Asfaltata;Verticale ed orizzontale;Sereno;Normale;Buona;;1;0;0;6;9.644;45.397;-1;2;Autovettura privata;In marcia / fermata / arresto;Conducente;F;Illeso;0;;;
5886706;12;27/03/2022 12:30:00;Provinciale;VIA DEL MARE;in prossimità;;della chilometrica;14.3;;Tamponamento Multiplo;Rettilineo;Una carreggiata a doppio senso;Asciutto;Asfaltata;Verticale ed orizzontale;Sereno;Normale;Buona;;1;0;0;6;9.644;45.397;-1;3;Autovettura privata;In marcia / fermata / arresto;Conducente;M;Illeso;0;;;
5886706;12;27/03/2022 12:30:00;Provinciale;VIA DEL MARE;in prossimità;;della chilometrica;14.3;;Tamponamento Multiplo;Rettilineo;Una carreggiata a doppio senso;Asciutto;Asfaltata;Verticale ed orizzontale;Sereno;Normale;Buona;;1;0;0;6;9.644;45.397;-1;3;Autovettura privata;In marcia / fermata / arresto;Passeggero;F;Illeso;0;;;
5886706;12;27/03/2022 12:30:00;Provinciale;VIA DEL MARE;in prossimità;;della chilometrica;14.3;;Tamponamento Multiplo;Rettilineo;Una carreggiata a doppio senso;Asciutto;Asfaltata;Verticale ed orizzontale;Sereno;Normale;Buona;;1;0;0;6;9.644;45.397;-1;4;Autovettura privata;In marcia / fermata / arresto;Conducente;M;Rimandato;0;NON DECEDUTO;;
5886706;12;27/03/2022 12:30:00;Provinciale;VIA DEL MARE;in prossimità;;della chilometrica;14.3;;Tamponamento Multiplo;Rettilineo;Una carreggiata a doppio senso;Asciutto;Asfaltata;Verticale ed orizzontale;Sereno;Normale;Buona;;1;0;0;6;9.644;45.397;-1;4;Autovettura privata;In marcia / fermata / arresto;Passeggero;M;Illeso;0;;;
5886706;12;27/03/2022 12:30:00;Provinciale;VIA DEL MARE;in prossimità;;della chilometrica;14.3;;Tamponamento Multiplo;Rettilineo;Una carreggiata a doppio senso;Asciutto;Asfaltata;Verticale ed orizzontale;Sereno;Normale;Buona;;1;0;0;6;9.644;45.397;-1;4;Autovettura privata;In marcia / fermata / arresto;Passeggero;M;Illeso;0;;;
5886776;10;27/03/2022 17:03:00;Strada Urbana;VIA DEL FONTANILE ANAGNINO;in corrispondenza;;del civico n.;120;;Veicolo in marcia contro veicolo in sosta;Rettilineo;Una carreggiata a senso unico di marcia;Asciutto;Asfaltata;Assente;Nuvoloso;Scarso;Buona;;0;0;0;1;12.6022;41.8163;-1;1;Autocarro inferiore 35 q.;In marcia / fermata / arresto;Conducente;M;Illeso;0;;Non accertato;Inesploso
5886776;10;27/03/2022 17:03:00;Strada Urbana;VIA DEL FONTANILE ANAGNINO;in corrispondenza;;del civico n.;120;;Veicolo in marcia contro veicolo in sosta;Rettilineo;Una carreggiata a senso unico di marcia;Asciutto;Asfaltata;Assente;Nuvoloso;Scarso;Buona;;0;0;0;1;12.6022;41.8163;-1;2;Autovettura privata;Sosta;;;;;;;
5886942;11;27/03/2022 12:00:00;Strada Urbana;VIA DI GROTTA PERFETTA;in corrispondenza;;del civico n.;601;;Scontro laterale fra veicoli in marcia;Curva a visuale libera;Una carreggiata a doppio senso;Asciutto;Asfaltata;Verticale ed orizzontale;Nuvoloso;Normale;Buona;;0;0;0;2;12.5134;41.8342;-1;1;Autovettura privata;In marcia / fermata / arresto;Conducente;M;Illeso;0;;;
5886942;11;27/03/2022 12:00:00;Strada Urbana;VIA DI GROTTA PERFETTA;in corrispondenza;;del civico n.;601;;Scontro laterale fra veicoli in marcia;Curva a visuale libera;Una carreggiata a doppio senso;Asciutto;Asfaltata;Verticale ed orizzontale;Nuvoloso;Normale;Buona;;0;0;0;2;12.5134;41.8342;-1;2;Autovettura privata;In marcia / fermata / arresto;Conducente;M;Illeso;0;;;
5886947;11;27/03/2022 21:05:00;Strada Urbana;VIA MEROPIA;in prossimità;;del civico n.;41;;Scontro frontale/laterale SX fra veicoli in marcia;Rettilineo;Una carreggiata a doppio senso;Asciutto;Asfaltata;Assente;Sereno;Scarso;Sufficiente;;0;0;0;2;12.5108;41.8551;-1;1;Autovettura privata;In marcia / fermata / arresto;Conducente;M;Illeso;0;;Non accertato;Inesploso
5886947;11;27/03/2022 21:05:00;Strada Urbana;VIA MEROPIA;in prossimità;;del civico n.;41;;Scontro frontale/laterale SX fra veicoli in marcia;Rettilineo;Una carreggiata a doppio senso;Asciutto;Asfaltata;Assente;Sereno;Scarso;Sufficiente;;0;0;0;2;12.5108;41.8551;-1;2;Autovettura privata;In marcia / fermata / arresto;Conducente;M;Illeso;0;;Non accertato;Inesploso
5887062;8;25/03/2022 07:20:00;Strada Urbana;VIA DELL'AIRONE;da specificare;;;;frinte civ. 3 A;Scontro laterale fra veicoli in marcia;Rettilineo;Una carreggiata a doppio senso;Asciutto;Asfaltata;Assente;Sereno;Scarso;Buona;;0;0;0;2;12.5945;41.8662;-1;1;Autovettura privata;In marcia / fermata / arresto;Conducente;M;Illeso;0;;;
5887062;8;25/03/2022 07:20:00;Strada Urbana;VIA DELL'AIRONE;da specificare;;;;frinte civ. 3 A;Scontro laterale fra veicoli in marcia;Rettilineo;Una carreggiata a doppio senso;Asciutto;Asfaltata;Assente;Sereno;Scarso;Buona;;0;0;0;2;12.5945;41.8662;-1;2;Autovettura privata;In marcia / fermata / arresto;Conducente;M;Illeso;0;;;
5887062;8;25/03/2022 07:20:00;Strada Urbana;VIA DELL'AIRONE;da specificare;;;;frinte civ. 3 A;Scontro laterale fra veicoli in marcia;Rettilineo;Una carreggiata a doppio senso;Asciutto;Asfaltata;Assente;Sereno;Scarso;Buona;;0;0;0;2;12.5945;41.8662;-1;3;Autovettura privata;Sosta;;;;;;;
5887081;8;25/03/2022 08:25:00;Strada Urbana;VIA MARIO PASTORE;da specificare;;;;adiacente complanare autostrada;Veicolo in marcia contro ostacolo fisso;Rettilineo;Una carreggiata a senso unico di marcia;Asciutto;Asfaltata;Orizzontale;Sereno;Scarso;Buona;;1;0;0;0;12.6157;41.8468;-1;1;Autovettura privata;In marcia / fermata / arresto;Conducente;F;Rifiuta cure immediate;0;NON DECEDUTO;Non accertato;Inesploso
5887082;7;26/03/2022 23:30:00;Strada Urbana;VIA ORESTE SALOMONE;all'intersezione con;VIA PIETRO ROVETTI;VIA PIETRO ROVETTI;;;Scontro frontale/laterale DX fra veicoli in marcia;Incrocio;Una carreggiata a senso unico di marcia;Asciutto;Asfaltata;Verticale ed orizzontale;Sereno;Normale;Sufficiente;;0;0;0;5;12.5449;41.8778;-1;1;Autovettura privata;In marcia / fermata / arresto;Conducente;M;Illeso;0;;Non accertato;Inesploso
5887082;7;26/03/2022 23:30:00;Strada Urbana;VIA ORESTE SALOMONE;all'intersezione con;VIA PIETRO ROVETTI;VIA PIETRO ROVETTI;;;Scontro frontale/laterale DX fra veicoli in marcia;Incrocio;Una carreggiata a senso unico di marcia;Asciutto;Asfaltata;Verticale ed orizzontale;Sereno;Normale;Sufficiente;;0;0;0;5;12.5449;41.8778;-1;1;Autovettura privata;In marcia / fermata / arresto;Passeggero;F;Illeso;0;;Non accertato;Inesploso
5887082;7;26/03/2022 23:30:00;Strada Urbana;VIA ORESTE SALOMONE;all'intersezione con;VIA PIETRO ROVETTI;VIA PIETRO ROVETTI;;;Scontro frontale/laterale DX fra veicoli in marcia;Incrocio;Una carreggiata a senso unico di marcia;Asciutto;Asfaltata;Verticale ed orizzontale;Sereno;Normale;Sufficiente;;0;0;0;5;12.5449;41.8778;-1;1;Autovettura privata;In marcia / fermata / arresto;Passeggero;F;Illeso;0;;Non accertato;Inesploso
5887082;7;26/03/2022 23:30:00;Strada Urbana;VIA ORESTE SALOMONE;all'intersezione con;VIA PIETRO ROVETTI;VIA PIETRO ROVETTI;;;Scontro frontale/laterale DX fra veicoli in marcia;Incrocio;Una carreggiata a senso unico di marcia;Asciutto;Asfaltata;Verticale ed orizzontale;Sereno;Normale;Sufficiente;;0;0;0;5;12.5449;41.8778;-1;1;Autovettura privata;In marcia / fermata / arresto;Passeggero;F;Illeso;0;;Non accertato;Inesploso
5887082;7;26/03/2022 23:30:00;Strada Urbana;VIA ORESTE SALOMONE;all'intersezione con;VIA PIETRO ROVETTI;VIA PIETRO ROVETTI;;;Scontro frontale/laterale DX fra veicoli in marcia;Incrocio;Una carreggiata a senso unico di marcia;Asciutto;Asfaltata;Verticale ed orizzontale;Sereno;Normale;Sufficiente;;0;0;0;5;12.5449;41.8778;-1;2;Autovettura privata;In marcia / fermata / arresto;Conducente;M;Illeso;0;;Non accertato;Esploso
5887086;8;25/03/2022 18:00:00;;VIA CASILINA;in prossimità;;del civico n.;1116;;Tamponamento Multiplo;;;;;;;;;;0;0;0;5;12.5986;41.8658;0;1;Autovettura privata;In marcia / fermata / arresto;Conducente;M;Illeso;0;;;
5887086;8;25/03/2022 18:00:00;;VIA CASILINA;in prossimità;;del civico n.;1116;;Tamponamento Multiplo;;;;;;;;;;0;0;0;5;12.5986;41.8658;0;1;Autovettura privata;In marcia / fermata / arresto;Passeggero;F;Illeso;0;;Non accertato;Inesploso
5887086;8;25/03/2022 18:00:00;;VIA CASILINA;in prossimità;;del civico n.;1116;;Tamponamento Multiplo;;;;;;;;;;0;0;0;5;12.5986;41.8658;0;1;Autovettura privata;In marcia / fermata / arresto;Passeggero;F;Illeso;0;;Non accertato;Inesploso
5887086;8;25/03/2022 18:00:00;;VIA CASILINA;in prossimità;;del civico n.;1116;;Tamponamento Multiplo;;;;;;;;;;0;0;0;5;12.5986;41.8658;0;1;Autovettura privata;In marcia / fermata / arresto;Passeggero;F;Illeso;0;;Non accertato;Inesploso
5887086;8;25/03/2022 18:00:00;;VIA CASILINA;in prossimità;;del civico n.;1116;;Tamponamento Multiplo;;;;;;;;;;0;0;0;5;12.5986;41.8658;0;2;Autovettura privata;In marcia / fermata / arresto;Conducente;;Illeso;0;;;
5887086;8;25/03/2022 18:00:00;;VIA CASILINA;in prossimità;;del civico n.;1116;;Tamponamento Multiplo;;;;;;;;;;0;0;0;5;12.5986;41.8658;0;3;Autovettura privata;In marcia / fermata / arresto;;;;;;;
5887089;8;25/03/2022 19:30:00;Strada Urbana;VIA CASILINA;all'intersezione con;VIA DI TORRENOVA;VIA DI TORRENOVA;;;Scontro frontale/laterale DX fra veicoli in marcia;Incrocio;Una carreggiata a doppio senso;Asciutto;Asfaltata;Verticale ed orizzontale;Sereno;Normale;Buona;;0;0;0;2;12.6212;41.8626;-1;1;Autovettura privata;In marcia / fermata / arresto;Conducente;M;Illeso;0;;;
5887089;8;25/03/2022 19:30:00;Strada Urbana;VIA CASILINA;all'intersezione con;VIA DI TORRENOVA;VIA DI TORRENOVA;;;Scontro frontale/laterale DX fra veicoli in marcia;Incrocio;Una carreggiata a doppio senso;Asciutto;Asfaltata;Verticale ed orizzontale;Sereno;Normale;Buona;;0;0;0;2;12.6212;41.8626;-1;2;Autovettura privata;In marcia / fermata / arresto;Conducente;M;Illeso;0;;;
5887093;8;26/03/2022 08:15:00;Strada Urbana;VIA DI LUNGHEZZA;in corrispondenza;;del civico n.;11;;Tamponamento;Rettilineo;Una carreggiata a doppio senso;Bagnato (brina);Asfaltata;Orizzontale;Sereno;Normale;Buona;;1;0;0;1;12.6707;41.9232;-1;1;Autovettura privata;In marcia / fermata / arresto;Conducente;F;Illeso;0;;Non accertato;Inesploso
5887093;8;26/03/2022 08:15:00;Strada Urbana;VIA DI LUNGHEZZA;in corrispondenza;;del civico n.;11;;Tamponamento;Rettilineo;Una carreggiata a doppio senso;Bagnato (brina);Asfaltata;Orizzontale;Sereno;Normale;Buona;;1;0;0;1;12.6707;41.9232;-1;2;Autovettura privata;In marcia / fermata / arresto;Conducente;F;Rimandato;0;NON DECEDUTO;Non accertato;Inesploso
5887109;8;26/03/2022 13:48:00;Provinciale entro l'abitato;VIA CASILINA;in corrispondenza;;del civico n.;1742;;Tamponamento;Rettilineo;Una carreggiata a doppio senso;Asciutto;Asfaltata;Verticale ed orizzontale;Sereno;Normale;Buona;;1;0;0;3;12.6638;41.8643;-1;1;Autovettura privata;In marcia / fermata / arresto;Conducente;M;Illeso;0;;Non accertato;Inesploso
5887109;8;26/03/2022 13:48:00;Provinciale entro l'abitato;VIA CASILINA;in corrispondenza;;del civico n.;1742;;Tamponamento;Rettilineo;Una carreggiata a doppio senso;Asciutto;Asfaltata;Verticale ed orizzontale;Sereno;Normale;Buona;;1;0;0;3;12.6638;41.8643;-1;1;Autovettura privata;In marcia / fermata / arresto;Passeggero;F;Ricoverato;0;NON DECEDUTO;Non accertato;Inesploso
5887109;8;26/03/2022 13:48:00;Provinciale entro l'abitato;VIA CASILINA;in corrispondenza;;del civico n.;1742;;Tamponamento;Rettilineo;Una carreggiata a doppio senso;Asciutto;Asfaltata;Verticale ed orizzontale;Sereno;Normale;Buona;;1;0;0;3;12.6638;41.8643;-1;2;Autovettura privata;In marcia / fermata / arresto;Conducente;M;Illeso;0;;Non accertato;Inesploso
5887109;8;26/03/2022 13:48:00;Provinciale entro l'abitato;VIA CASILINA;in corrispondenza;;del civico n.;1742;;Tamponamento;Rettilineo;Una carreggiata a doppio senso;Asciutto;Asfaltata;Verticale ed orizzontale;Sereno;Normale;Buona;;1;0;0;3;12.6638;41.8643;-1;2;Autovettura privata;In marcia / fermata / arresto;Passeggero;F;Illeso;0;;Non accertato;Inesploso
5887136;6;26/03/2022 14:40:00;Strada Urbana;VIA PRENESTINA;in prossimità;;del civico n.;520;;Tamponamento;Rettilineo;Due carreggiate;Asciutto;Asfaltata;Verticale ed orizzontale;Sereno;Intenso;Buona;;1;0;0;3;12.5779;41.8942;-1;1;Autovettura privata;In marcia / fermata / arresto;Conducente;M;Rimandato;0;NON DECEDUTO;Non accertato;Inesploso
5887136;6;26/03/2022 14:40:00;Strada Urbana;VIA PRENESTINA;in prossimità;;del civico n.;520;;Tamponamento;Rettilineo;Due carreggiate;Asciutto;Asfaltata;Verticale ed orizzontale;Sereno;Intenso;Buona;;1;0;0;3;12.5779;41.8942;-1;1;Autovettura privata;In marcia / fermata / arresto;Passeggero;M;Illeso;0;;Non accertato;Inesploso
5887136;6;26/03/2022 14:40:00;Strada Urbana;VIA PRENESTINA;in prossimità;;del civico n.;520;;Tamponamento;Rettilineo;Due carreggiate;Asciutto;Asfaltata;Verticale ed orizzontale;Sereno;Intenso;Buona;;1;0;0;3;12.5779;41.8942;-1;2;Autovettura privata;In marcia / fermata / arresto;Conducente;M;Illeso;0;;Non accertato;Inesploso
5887136;6;26/03/2022 14:40:00;Strada Urbana;VIA PRENESTINA;in prossimità;;del civico n.;520;;Tamponamento;Rettilineo;Due carreggiate;Asciutto;Asfaltata;Verticale ed orizzontale;Sereno;Intenso;Buona;;1;0;0;3;12.5779;41.8942;-1;2;Autovettura privata;In marcia / fermata / arresto;Passeggero;F;Illeso;0;;Non accertato;Inesploso
5887147;12;27/03/2022 16:00:00;Strada Urbana;VIA CRISTOFORO COLOMBO;da specificare;;;;alt. Piazzale del Lavoro;Scontro laterale fra veicoli in marcia;Curva a visuale libera;Una carreggiata a senso unico di marcia;Asciutto;Asfaltata;Verticale ed orizzontale;Nuvoloso;Normale;Buona;;0;0;0;5;12.4115;41.7858;-1;1;Autovettura privata;In marcia / fermata / arresto;Conducente;M;Illeso;0;;;
5887147;12;27/03/2022 16:00:00;Strada Urbana;VIA CRISTOFORO COLOMBO;da specificare;;;;alt. Piazzale del Lavoro;Scontro laterale fra veicoli in marcia;Curva a visuale libera;Una carreggiata a senso unico di marcia;Asciutto;Asfaltata;Verticale ed orizzontale;Nuvoloso;Normale;Buona;;0;0;0;5;12.4115;41.7858;-1;1;Autovettura privata;In marcia / fermata / arresto;Passeggero;F;Illeso;0;;;
5887147;12;27/03/2022 16:00:00;Strada Urbana;VIA CRISTOFORO COLOMBO;da specificare;;;;alt. Piazzale del Lavoro;Scontro laterale fra veicoli in marcia;Curva a visuale libera;Una carreggiata a senso unico di marcia;Asciutto;Asfaltata;Verticale ed orizzontale;Nuvoloso;Normale;Buona;;0;0;0;5;12.4115;41.7858;-1;1;Autovettura privata;In marcia / fermata / arresto;Passeggero;M;Illeso;0;;;