Protocollo;Gruppo;DataOraIncidente;Localizzazione1;STRADA1;Localizzazione2;STRADA2;Strada02;Chilometrica;DaSpecificare;NaturaIncidente;particolaritastrade;TipoStrada;FondoStradale;Pavimentazione;Segnaletica;CondizioneAtmosferica;Traffico;Visibilita;Illuminazione;NUM_FERITI;NUM_RISERVATA;NUM_MORTI;NUM_ILLESI;Longitude;Latitude;Confermato;Progressivo;TipoVeicolo;StatoVeicolo;TipoPersona;Sesso;Tipolesione;Deceduto;DecedutoDopo;CinturaCascoUtilizzato;Airbag;
5888204;18;27/03/2022 16:20:00;Strada Urbana;VIA AURELIA;da specificare;;;;fronte civico 772;Scontro laterale fra veicoli in marcia;Rettilineo;Due carreggiate;Asciutto;Asfaltata;Verticale ed orizzontale;Sereno;Normale;Buona;;1;0;0;3;12.4012;41.8861;-1;2;Autovettura privata;In marcia / fermata / arresto;Passeggero;F;Illeso;0;;Non accertato;Inesploso
5888204;18;27/03/2022 16:20:00;Strada Urbana;VIA AURELIA;da specificare;;;;fronte civico 772;Scontro laterale fra veicoli in marcia;Rettilineo;Due carreggiate;Asciutto;Asfaltata;Verticale ed orizzontale;Sereno;Normale;Buona;;1;0;0;3;12.4012;41.8861;-1;2;Autovettura privata;In marcia / fermata / arresto;Passeggero;F;Illeso;0;;Non accertato;Inesploso
5888223;5;27/03/2022 14:00:00;Strada Urbana;VIA DEI DURANTINI;in prossimità;;del civico n.;198;;Investimento di pedone;Rettilineo;Una carreggiata a doppio senso;Asciutto;Asfaltata;Orizzontale;Sereno;Scarso;Buona;;1;0;0;2;12.5418;41.9157;-1;;;;Pedone;M;Rimandato;0;NON DECEDUTO;;
5888223;5;27/03/2022 14:00:00;Strada Urbana;VIA DEI DURANTINI;in prossimità;;del civico n.;198;;Investimento di pedone;Rettilineo;Una carreggiata a doppio senso;Asciutto;Asfaltata;Orizzontale;Sereno;Scarso;Buona;;1;0;0;2;12.5418;41.9157;-1;1;Autovettura privata;In marcia / fermata / arresto;Conducente;M;Illeso;0;;Non accertato;Inesploso
5888223;5;27/03/2022 14:00:00;Strada Urbana;VIA DEI DURANTINI;in prossimità;;del civico n.;198;;Investimento di pedone;Rettilineo;Una carreggiata a doppio senso;Asciutto;Asfaltata;Orizzontale;Sereno;Scarso;Buona;;1;0;0;2;12.5418;41.9157;-1;1;Autovettura privata;In marcia / fermata / arresto;Passeggero;M;Illeso;0;;;
5888233;16;26/03/2022 02:25:00;Strada Urbana;VIA DI VAL TELLINA;da specificare;;;;fronte civico 29;Veicolo in marcia contro veicoli in sosta;Rettilineo;Una carreggiata a doppio senso;Asciutto;Asfaltata;Verticale ed orizzontale;Sereno;Scarso;Buona;;0;0;0;1;12.4478;41.8676;-1;1;Autovettura privata;In marcia / fermata / arresto;Conducente;M;Illeso;0;;Non accertato;
5888233;16;26/03/2022 02:25:00;Strada Urbana;VIA DI VAL TELLINA;da specificare;;;;fronte civico 29;Veicolo in marcia contro veicoli in sosta;Rettilineo;Una carreggiata a doppio senso;Asciutto;Asfaltata;Verticale ed orizzontale;Sereno;Scarso;Buona;;0;0;0;1;12.4478;41.8676;-1;2;Autovettura privata;Sosta;;;;;;;
5888233;16;26/03/2022 02:25:00;Strada Urbana;VIA DI VAL TELLINA;da specificare;;;;fronte civico 29;Veicolo in marcia contro veicoli in sosta;Rettilineo;Una carreggiata a doppio senso;Asciutto;Asfaltata;Verticale ed orizzontale;Sereno;Scarso;Buona;;0;0;0;1;12.4478;41.8676;-1;3;Autovettura privata;Sosta;;;;;;;
5888233;16;26/03/2022 02:25:00;Strada Urbana;VIA DI VAL TELLINA;da specificare;;;;fronte civico 29;Veicolo in marcia contro veicoli in sosta;Rettilineo;Una carreggiata a doppio senso;Asciutto;Asfaltata;Verticale ed orizzontale;Sereno;Scarso;Buona;;0;0;0;1;12.4478;41.8676;-1;4;Autovettura privata;Sosta;;;;;;;
5888233;16;26/03/2022 02:25:00;Strada Urbana;VIA DI VAL TELLINA;da specificare;;;;fronte civico 29;Veicolo in marcia contro veicoli in sosta;Rettilineo;Una carreggiata a doppio senso;Asciutto;Asfaltata;Verticale ed orizzontale;Sereno;Scarso;Buona;;0;0;0;1;12.4478;41.8676;-1;5;Autovettura privata;Sosta;;;;;;;
5888233;16;26/03/2022 02:25:00;Strada Urbana;VIA DI VAL TELLINA;da specificare;;;;fronte civico 29;Veicolo in marcia contro veicoli in sosta;Rettilineo;Una carreggiata a doppio senso;Asciutto;Asfaltata;Verticale ed orizzontale;Sereno;Scarso;Buona;;0;0;0;1;12.4478;41.8676;-1;6;Autovettura privata;Sosta;;;;;;;
5888233;16;26/03/2022 02:25:00;Strada Urbana;VIA DI VAL TELLINA;da specificare;;;;fronte civico 29;Veicolo in marcia contro veicoli in sosta;Rettilineo;Una carreggiata a doppio senso;Asciutto;Asfaltata;Verticale ed orizzontale;Sereno;Scarso;Buona;;0;0;0;1;12.4478;41.8676;-1;7;Autovettura privata;Sosta;;;;;;;
5888237;18;27/03/2022 20:00:00;Strada Urbana;VIALE VATICANO;da specificare;;;;fronte civico 42;Scontro laterale fra veicoli in marcia;Rettilineo;Due carreggiate;Asciutto;Asfaltata;Verticale ed orizzontale;Nuvoloso;Scarso;Sufficiente;;0;0;0;3;12.4487;41.9042;-1;1;Autovettura privata;In marcia / fermata / arresto;Conducente;F;Illeso;0;;Non accertato;Inesploso
5888237;18;27/03/2022 20:00:00;Strada Urbana;VIALE VATICANO;da specificare;;;;fronte civico 42;Scontro laterale fra veicoli in marcia;Rettilineo;Due carreggiate;Asciutto;Asfaltata;Verticale ed orizzontale;Nuvoloso;Scarso;Sufficiente;;0;0;0;3;12.4487;41.9042;-1;1;Autovettura privata;In marcia / fermata / arresto;Passeggero;F;Illeso;0;;Non accertato;Inesploso
5888237;18;27/03/2022 20:00:00;Strada Urbana;VIALE VATICANO;da specificare;;;;fronte civico 42;Scontro laterale fra veicoli in marcia;Rettilineo;Due carreggiate;Asciutto;Asfaltata;Verticale ed orizzontale;Nuvoloso;Scarso;Sufficiente;;0;0;0;3;12.4487;41.9042;-1;2;Autovettura privata;In marcia / fermata / arresto;Conducente;F;Illeso;0;;Non accertato;Inesploso
5888238;1;28/03/2022 13:50:00;Strada Urbana;PIAZZA DI PORTA CAPENA;all'intersezione con;VIALE DELLE TERME DI CARACALLA;VIALE DELLE TERME DI CARACALLA;;;Tamponamento;Intersezione semaforizzata;Una carreggiata a senso unico di marcia;Asciutto;Asfaltata;Verticale ed orizzontale;Nuvoloso;Normale;Buona;;1;0;0;1;12.4895;41.8842;-1;1;Motociclo a solo;In marcia / fermata / arresto;Conducente;M;Rimandato;0;NON DECEDUTO;;
5888238;1;28/03/2022 13:50:00;Strada Urbana;PIAZZA DI PORTA CAPENA;all'intersezione con;VIALE DELLE TERME DI CARACALLA;VIALE DELLE TERME DI CARACALLA;;;Tamponamento;Intersezione semaforizzata;Una carreggiata a senso unico di marcia;Asciutto;Asfaltata;Verticale ed orizzontale;Nuvoloso;Normale;Buona;;1;0;0;1;12.4895;41.8842;-1;2;Autovettura privata;In marcia / fermata / arresto;Conducente;M;Illeso;0;;;
5888274;16;26/03/2022 21:40:00;Strada Urbana;VIA AURELIA ANTICA;in prossimità;;del palo luce n.;74;;Veicolo in marcia contro ostacolo fisso;Curva senza visuale libera;Una carreggiata a senso unico di marcia;Asciutto;Asfaltata;Orizzontale;Sereno;Normale;Sufficiente;;0;0;0;1;12.435;41.8902;0;1;Autovettura privata;In marcia / fermata / arresto;Conducente;M;Illeso;0;;;
5888285;16;27/03/2022 01:50:00;Strada Urbana;PIAZZA IRNERIO;all'intersezione semaforizzata con;VIA BALDO DEGLI UBALDI;VIA BALDO DEGLI UBALDI;;;Scontro laterale fra veicoli in marcia;Incrocio;Due carreggiate;Asciutto;Asfaltata;Verticale ed orizzontale;Nuvoloso;Scarso;Buona;;0;0;0;2;12.4298;41.8984;-1;1;Autovettura privata;In marcia / fermata / arresto;Conducente;M;Illeso;0;;Non accertato;Inesploso
5888285;16;27/03/2022 01:50:00;Strada Urbana;PIAZZA IRNERIO;all'intersezione semaforizzata con;VIA BALDO DEGLI UBALDI;VIA BALDO DEGLI UBALDI;;;Scontro laterale fra veicoli in marcia;Incrocio;Due carreggiate;Asciutto;Asfaltata;Verticale ed orizzontale;Nuvoloso;Scarso;Buona;;0;0;0;2;12.4298;41.8984;-1;2;Autovettura privata;In marcia / fermata / arresto;Conducente;M;Illeso;0;;Non accertato;Inesploso
5888306;13;25/03/2022 10:10:00;;VIA CAPO SPARTIVENTO;all'intersezione con;VIALE AMMIRAGLIO DEL BONO;VIALE AMMIRAGLIO DEL BONO;;;Veicolo in marcia contro ostacolo accidentale;;;;;;;;;;0;0;0;1;12.2848;41.7364;0;1;Ciclomotore;In marcia / fermata / arresto;Conducente;M;Illeso;0;;;
5888313;1;28/03/2022 13:40:00;Strada Urbana;VIA VENTI SETTEMBRE;in prossimità;;del civico n.;125;;Scontro laterale fra veicoli in marcia;Rettilineo;Una carreggiata a doppio senso;Asciutto;Asfaltata;Verticale ed orizzontale;Nuvoloso;Normale;Buona;;0;0;0;2;;;0;1;Autovettura privata;In marcia / fermata / arresto;Conducente;M;Illeso;0;;;
5888313;1;28/03/2022 13:40:00;Strada Urbana;VIA VENTI SETTEMBRE;in prossimità;;del civico n.;125;;Scontro laterale fra veicoli in marcia;Rettilineo;Una carreggiata a doppio senso;Asciutto;Asfaltata;Verticale ed orizzontale;Nuvoloso;Normale;Buona;;0;0;0;2;;;0;2;Motociclo a solo;In marcia / fermata / arresto;Conducente;M;Illeso;0;;;
5888318;16;27/03/2022 17:00:00;Strada Urbana;VIA DEGLI ORTI DI CESARE;da specificare;;;;corsia centrale del fornice - penultimo pilone;Scontro frontale/laterale SX fra veicoli in marcia;Rettilineo;Più di due carreggiate;Asciutto;Asfaltata;Verticale ed orizzontale;Sereno;Normale;Sufficiente;;0;0;0;3;12.4666;41.8732;-1;1;Autovettura privata;In marcia / fermata / arresto;Conducente;M;Illeso;0;;Non accertato;
5888318;16;27/03/2022 17:00:00;Strada Urbana;VIA DEGLI ORTI DI CESARE;da specificare;;;;corsia centrale del fornice - penultimo pilone;Scontro frontale/laterale SX fra veicoli in marcia;Rettilineo;Più di due carreggiate;Asciutto;Asfaltata;Verticale ed orizzontale;Sereno;Normale;Sufficiente;;0;0;0;3;12.4666;41.8732;-1;1;Autovettura privata;In marcia / fermata / arresto;Passeggero;M;Illeso;0;;Non accertato;
5888318;16;27/03/2022 17:00:00;Strada Urbana;VIA DEGLI ORTI DI CESARE;da specificare;;;;corsia centrale del fornice - penultimo pilone;Scontro frontale/laterale SX fra veicoli in marcia;Rettilineo;Più di due carreggiate;Asciutto;Asfaltata;Verticale ed orizzontale;Sereno;Normale;Sufficiente;;0;0;0;3;12.4666;41.8732;-1;2;Autovettura privata;In marcia / fermata / arresto;Conducente;F;Illeso;0;;Non accertato;
5888475;10;28/03/2022 17:15:00;Strada Urbana;VIA WALTER PROCACCINI;da specificare;;;;rotatoria via S.Occorsio;Ribaltamento senza urto contro ostacolo fisso;Rotatoria;Una carreggiata a senso unico di marcia;Asciutto;Asfaltata;Verticale ed orizzontale;Sereno;Normale;Buona;;0;0;0;1;12.5834;41.8486;-1;1;Motociclo a solo;In marcia / fermata / arresto;Conducente;M;Illeso;0;;Non accertato;
5888510;20;28/03/2022 16:00:00;Strada Urbana;VIA FLAMINIA NUOVA;in prossimità;;del civico n.;295;;Veicolo in marcia contro animale;Rettilineo;Una carreggiata a doppio senso;Asciutto;Asfaltata;Verticale ed orizzontale;Sereno;Normale;Buona;;0;0;0;0;12.4755;41.9543;-1;1;Autovettura privata;Allontanatosi;;;;;;;
5888513;12;28/03/2022 15:15:00;Strada Urbana;VIALE BARTOLOMEO CAVACEPPI;in prossimità;;del civico n.;18;;Scontro laterale fra veicoli in marcia;Rettilineo;Due carreggiate;Asciutto;Asfaltata;Verticale ed orizzontale;Sereno;Normale;Buona;;0;0;0;2;12.4321;41.7962;-1;1;Autovettura privata;In marcia / fermata / arresto;Conducente;F;Illeso;0;;Non accertato;Inesploso
5888513;12;28/03/2022 15:15:00;Strada Urbana;VIALE BARTOLOMEO CAVACEPPI;in prossimità;;del civico n.;18;;Scontro laterale fra veicoli in marcia;Rettilineo;Due carreggiate;Asciutto;Asfaltata;Verticale ed orizzontale;Sereno;Normale;Buona;;0;0;0;2;12.4321;41.7962;-1;2;Autovettura privata;In marcia / fermata / arresto;Conducente;F;Illeso;0;;;
5888729;12;28/03/2022 16:40:00;Strada Urbana;VIA DI DECIMA;all'intersezione con;VIA DELLE COMETE;VIA DELLE COMETE;;;Scontro laterale fra veicoli in marcia;Rotatoria;Una carreggiata a senso unico di marcia;Asciutto;Asfaltata;Verticale ed orizzontale;Nuvoloso;Normale;Buona;;0;0;0;6;12.4533;41.8102;-1;1;Autovettura privata;In marcia / fermata / arresto;Conducente;M;Illeso;0;;;
5888729;12;28/03/2022 16:40:00;Strada Urbana;VIA DI DECIMA;all'intersezione con;VIA DELLE COMETE;VIA DELLE COMETE;;;Scontro laterale fra veicoli in marcia;Rotatoria;Una carreggiata a senso unico di marcia;Asciutto;Asfaltata;Verticale ed orizzontale;Nuvoloso;Normale;Buona;;0;0;0;6;12.4533;41.8102;-1;1;Autovettura privata;In marcia / fermata / arresto;Passeggero;F;Illeso;0;;;
5888729;12;28/03/2022 16:40:00;Strada Urbana;VIA DI DECIMA;all'intersezione con;VIA DELLE COMETE;VIA DELLE COMETE;;;Scontro laterale fra veicoli in marcia;Rotatoria;Una carreggiata a senso unico di marcia;Asciutto;Asfaltata;Verticale ed orizzontale;Nuvoloso;Normale;Buona;;0;0;0;6;12.4533;41.8102;-1;1;Autovettura privata;In marcia / fermata / arresto;Passeggero;F;Illeso;0;;;
5888729;12;28/03/2022 16:40:00;Strada Urbana;VIA DI DECIMA;all'intersezione con;VIA DELLE COMETE;VIA DELLE COMETE;;;Scontro laterale fra veicoli in marcia;Rotatoria;Una carreggiata a senso unico di marcia;Asciutto;Asfaltata;Verticale ed orizzontale;Nuvoloso;Normale;Buona;;0;0;0;6;12.4533;41.8102;-1;1;Autovettura privata;In marcia / fermata / arresto;Passeggero;M;Illeso;0;;;
5888729;12;28/03/2022 16:40:00;Strada Urbana;VIA DI DECIMA;all'intersezione con;VIA DELLE COMETE;VIA DELLE COMETE;;;Scontro laterale fra veicoli in marcia;Rotatoria;Una carreggiata a senso unico di marcia;Asciutto;Asfaltata;Verticale ed orizzontale;Nuvoloso;Normale;Buona;;0;0;0;6;12.4533;41.8102;-1;2;Motociclo a solo;In marcia / fermata / arresto;Conducente;M;Illeso;0;;;
5888736;1;28/03/2022 09:00:00;Strada Urbana;VIA DEL TRITONE;in corrispondenza;;del civico n.;143;;Veicolo in marcia contro ostacolo accidentale;Rettilineo;Una carreggiata a doppio senso;Viscido da liquidi oleosi;Asfaltata;Verticale ed orizzontale;Sereno;Normale;Buona;;1;0;0;0;12.4866;41.903;-1;1;Motociclo a solo;In marcia / fermata / arresto;Conducente;M;Rimandato;0;NON DECEDUTO;;
5888742;8;28/03/2022 07:30:00;Strada Urbana;VIA DI VERMICINO;all'intersezione con;VIA CASTELVETRANO;VIA CASTELVETRANO;;;Scontro frontale/laterale DX fra veicoli in marcia;Incrocio;Una carreggiata a doppio senso;Asciutto;Asfaltata;Verticale ed orizzontale;Sereno;Normale;Buona;;1;0;0;1;12.6714;41.8604;-1;1;Autovettura privata;In marcia / fermata / arresto;Conducente;F;Illeso;0;;Non accertato;Inesploso
5888742;8;28/03/2022 07:30:00;Strada Urbana;VIA DI VERMICINO;all'intersezione con;VIA CASTELVETRANO;VIA CASTELVETRANO;;;Scontro frontale/laterale DX fra veicoli in marcia;Incrocio;Una carreggiata a doppio senso;Asciutto;Asfaltata;Verticale ed orizzontale;Sereno;Normale;Buona;;1;0;0;1;12.6714;41.8604;-1;2;Motociclo a solo;In marcia / fermata / arresto;Conducente;M;Rimandato;0;NON DECEDUTO;Non accertato;
5888744;8;28/03/2022 11:50:00;Strada Urbana;VIA PRENESTINA;all'intersezione con;VIA MONTEMARANO;VIA MONTEMARANO;;;Scontro laterale fra veicoli in marcia;Incrocio;Una carreggiata a doppio senso;Asciutto;Asfaltata;Verticale ed orizzontale;Nuvoloso;Normale;Buona;;0;0;0;3;12.6155;41.8933;-1;1;Autovettura privata;In marcia / fermata / arresto;Conducente;M;Illeso;0;;;
5888744;8;28/03/2022 11:50:00;Strada Urbana;VIA PRENESTINA;all'intersezione con;VIA MONTEMARANO;VIA MONTEMARANO;;;Scontro laterale fra veicoli in marcia;Incrocio;Una carreggiata a doppio senso;Asciutto;Asfaltata;Verticale ed orizzontale;Nuvoloso;Normale;Buona;;0;0;0;3;12.6155;41.8933;-1;1;Autovettura privata;In marcia / fermata / arresto;Passeggero;F;Illeso;0;;;
5888744;8;28/03/2022 11:50:00;Strada Urbana;VIA PRENESTINA;all'intersezione con;VIA MONTEMARANO;VIA MONTEMARANO;;;Scontro laterale fra veicoli in marcia;Incrocio;Una carreggiata a doppio senso;Asciutto;Asfaltata;Verticale ed orizzontale;Nuvoloso;Normale;Buona;;0;0;0;3;12.6155;41.8933;-1;2;Motociclo con passeggero;In marcia / fermata / arresto;Conducente;M;Illeso;0;;;
5888748;8;28/03/2022 12:50:00;Strada Urbana;VIA DI CASA CALDA;all'intersezione con;LARGO DEI CONDOR;LARGO DEI CONDOR;;;Scontro frontale/laterale SX fra veicoli in marcia;Incrocio;Una carreggiata a doppio senso;Asciutto;Asfaltata;Verticale ed orizzontale;Nuvoloso;Normale;Buona;;1;0;0;2;12.5915;41.8733;-1;1;Autovettura privata;In marcia / fermata / arresto;Conducente;F;Illeso;0;;Non accertato;Inesploso
5888748;8;28/03/2022 12:50:00;Strada Urbana;VIA DI CASA CALDA;all'intersezione con;LARGO DEI CONDOR;LARGO DEI CONDOR;;;Scontro frontale/laterale SX fra veicoli in marcia;Incrocio;Una carreggiata a doppio senso;Asciutto;Asfaltata;Verticale ed orizzontale;Nuvoloso;Normale;Buona;;1;0;0;2;12.5915;41.8733;-1;2;Autovettura privata;In marcia / fermata / arresto;Conducente;M;Illeso;0;;Non accertato;Inesploso
5888748;8;28/03/2022 12:50:00;Strada Urbana;VIA DI CASA CALDA;all'intersezione con;LARGO DEI CONDOR;LARGO DEI CONDOR;;;Scontro frontale/laterale SX fra veicoli in marcia;Incrocio;Una carreggiata a doppio senso;Asciutto;Asfaltata;Verticale ed orizzontale;Nuvoloso;Normale;Buona;;1;0;0;2;12.5915;41.8733;-1;2;Autovettura privata;In marcia / fermata / arresto;Passeggero;M;Rimandato;0;NON DECEDUTO;Non accertato;Inesploso
5888750;8;28/03/2022 17:35:00;Strada Urbana;VIA SAN BIAGIO PLATANI;da specificare;;;;all'intersezione con VIA VICARI;Scontro laterale fra veicoli in marcia;Rettilineo;Una carreggiata a doppio senso;Asciutto;Asfaltata;Verticale;Sereno;Scarso;Buona;;1;0;0;4;12.6464;41.8733;-1;1;Autovettura privata;In marcia / fermata / arresto;Conducente;M;Rifiuta cure immediate;0;NON DECEDUTO;;
5888750;8;28/03/2022 17:35:00;Strada Urbana;VIA SAN BIAGIO PLATANI;da specificare;;;;all'intersezione con VIA VICARI;Scontro laterale fra veicoli in marcia;Rettilineo;Una carreggiata a doppio senso;Asciutto;Asfaltata;Verticale;Sereno;Scarso;Buona;;1;0;0;4;12.6464;41.8733;-1;2;Autovettura privata;In marcia / fermata / arresto;Conducente;F;Illeso;0;;;
5888750;8;28/03/2022 17:35:00;Strada Urbana;VIA SAN BIAGIO PLATANI;da specificare;;;;all'intersezione con VIA VICARI;Scontro laterale fra veicoli in marcia;Rettilineo;Una carreggiata a doppio senso;Asciutto;Asfaltata;Verticale;Sereno;Scarso;Buona;;1;0;0;4;12.6464;41.8733;-1;2;Autovettura privata;In marcia / fermata / arresto;Passeggero;M;Illeso;0;;;
5888750;8;28/03/2022 17:35:00;Strada Urbana;VIA SAN BIAGIO PLATANI;da specificare;;;;all'intersezione con VIA VICARI;Scontro laterale fra veicoli in marcia;Rettilineo;Una carreggiata a doppio senso;Asciutto;Asfaltata;Verticale;Sereno;Scarso;Buona;;1;0;0;4;12.6464;41.8733;-1;3;Autovettura privata;In marcia / fermata / arresto;Conducente;F;Illeso;0;;;
5888750;8;28/03/2022 17:35:00;Strada Urbana;VIA SAN BIAGIO PLATANI;da specificare;;;;all'intersezione con VIA VICARI;Scontro laterale fra veicoli in marcia;Rettilineo;Una carreggiata a doppio senso;Asciutto;Asfaltata;Verticale;Sereno;Scarso;Buona;;1;0;0;4;12.6464;41.8733;-1;3;Autovettura privata;In marcia / fermata / arresto;Passeggero;F;Illeso;0;;;
5888754;8;28/03/2022 18:15:00;Strada Urbana;VIA CASILINA;all'intersezione con;VIA VARVARIANA;VIA VARVARIANA;;;Scontro frontale/laterale SX fra veicoli in marcia;Incrocio;Una carreggiata a doppio senso;Asciutto;Asfaltata;Orizzontale;Sereno;Intenso;Buona;;0;0;0;3;12.603;41.8649;-1;1;Motociclo a solo;In marcia / fermata / arresto;Conducente;M;Illeso;0;;Non accertato;
5888754;8;28/03/2022 18:15:00;Strada Urbana;VIA CASILINA;all'intersezione con;VIA VARVARIANA;VIA VARVARIANA;;;Scontro frontale/laterale SX fra veicoli in marcia;Incrocio;Una carreggiata a doppio senso;Asciutto;Asfaltata;Orizzontale;Sereno;Intenso;Buona;;0;0;0;3;12.603;41.8649;-1;2;Autovettura privata;In marcia / fermata / arresto;Conducente;F;Illeso;0;;Non accertato;Inesploso
5888754;8;28/03/2022 18:15:00;Strada Urbana;VIA CASILINA;all'intersezione con;VIA VARVARIANA;VIA VARVARIANA;;;Scontro frontale/laterale SX fra veicoli in marcia;Incrocio;Una carreggiata a doppio senso;Asciutto;Asfaltata;Orizzontale;Sereno;Intenso;Buona;;0;0;0;3;12.603;41.8649;-1;2;Autovettura privata;In marcia / fermata / arresto;Passeggero;F;Illeso;0;;Non accertato;Inesploso
5888758;8;28/03/2022 19:50:00;Provinciale entro l'abitato;VIA PRENESTINA;da specificare;;;;altezza Via Samassi;Investimento di pedone;Rettilineo;Una carreggiata a doppio senso;Asciutto;Asfaltata;Verticale ed orizzontale;Sereno;Normale;Buona;;3;0;0;2;12.6155;41.8933;-1;;;;Pedone;F;Ricoverato;0;NON DECEDUTO;;
5888758;8;28/03/2022 19:50:00;Provinciale entro l'abitato;VIA PRENESTINA;da specificare;;;;altezza Via Samassi;Investimento di pedone;Rettilineo;Una carreggiata a doppio senso;Asciutto;Asfaltata;Verticale ed orizzontale;Sereno;Normale;Buona;;3;0;0;2;12.6155;41.8933;-1;;;;Pedone;F;Rimandato;0;NON DECEDUTO;;
5888758;8;28/03/2022 19:50:00;Provinciale entro l'abitato;VIA PRENESTINA;da specificare;;;;altezza Via Samassi;Investimento di pedone;Rettilineo;Una carreggiata a doppio senso;Asciutto;Asfaltata;Verticale ed orizzontale;Sereno;Normale;Buona;;3;0;0;2;12.6155;41.8933;-1;1;Autovettura privata;In marcia / fermata / arresto;Conducente;M;Illeso;0;;Non accertato;Inesploso
5888758;8;28/03/2022 19:50:00;Provinciale entro l'abitato;VIA PRENESTINA;da specificare;;;;altezza Via Samassi;Investimento di pedone;Rettilineo;Una carreggiata a doppio senso;Asciutto;Asfaltata;Verticale ed orizzontale;Sereno;Normale;Buona;;3;0;0;2;12.6155;41.8933;-1;1;Autovettura privata;In marcia / fermata / arresto;Passeggero;M;Illeso;0;;Non accertato;Inesploso
5888758;8;28/03/2022 19:50:00;Provinciale entro l'abitato;VIA PRENESTINA;da specificare;;;;altezza Via Samassi;Investimento di pedone;Rettilineo;Una carreggiata a doppio senso;Asciutto;Asfaltata;Verticale ed orizzontale;Sereno;Normale;Buona;;3;0;0;2;12.6155;41.8933;-1;2;Motociclo a solo;In marcia / fermata / arresto;Conducente;M;Rifiuta cure immediate;0;NON DECEDUTO;Non accertato;
5888763;12;28/03/2022 20:30:00;Strada Urbana;VIA LAURENTINA;all'intersezione con;VIA DEI CORAZZIERI;VIA DEI CORAZZIERI;;;Investimento di pedone;Incrocio;Due carreggiate;Asciutto;Asfaltata;Verticale ed orizzontale;Sereno;Normale;Buona;;1;0;0;1;12.4856;41.8103;-1;;;;Pedone;M;Rimandato;0;NON DECEDUTO;;
5888763;12;28/03/2022 20:30:00;Strada Urbana;VIA LAURENTINA;all'intersezione con;VIA DEI CORAZZIERI;VIA DEI CORAZZIERI;;;Investimento di pedone;Incrocio;Due carreggiate;Asciutto;Asfaltata;Verticale ed orizzontale;Sereno;Normale;Buona;;1;0;0;1;12.4856;41.8103;-1;1;Autovettura privata;In marcia / fermata / arresto;Conducente;M;Illeso;0;;;
5888775;15;28/03/2022 17:15:00;Strada Urbana;PIAZZA AUGUSTO RIGHI;all'intersezione con;PONTE GUGLIELMO MARCONI;PONTE GUGLIELMO MARCONI;;;Scontro laterale fra veicoli in marcia;Intersezione semaforizzata;Due carreggiate;Asciutto;Asfaltata;Assente;Sereno;Normale;Buona;;0;0;0;4;12.4701;41.8618;-1;1;Autovettura privata;In marcia / fermata / arresto;Conducente;F;Illeso;0;;Non accertato;Inesploso
5888775;15;28/03/2022 17:15:00;Strada Urbana;PIAZZA AUGUSTO RIGHI;all'intersezione con;PONTE GUGLIELMO MARCONI;PONTE GUGLIELMO MARCONI;;;Scontro laterale fra veicoli in marcia;Intersezione semaforizzata;Due carreggiate;Asciutto;Asfaltata;Assente;Sereno;Normale;Buona;;0;0;0;4;12.4701;41.8618;-1;1;Autovettura privata;In marcia / fermata / arresto;Passeggero;F;Illeso;0;;Non accertato;Inesploso
5888775;15;28/03/2022 17:15:00;Strada Urbana;PIAZZA AUGUSTO RIGHI;all'intersezione con;PONTE GUGLIELMO MARCONI;PONTE GUGLIELMO MARCONI;;;Scontro laterale fra veicoli in marcia;Intersezione semaforizzata;Due carreggiate;Asciutto;Asfaltata;Assente;Sereno;Normale;Buona;;0;0;0;4;12.4701;41.8618;-1;2;Autovettura privata;In marcia / fermata / arresto;Conducente;M;Illeso;0;;Non accertato;Inesploso
5888775;15;28/03/2022 17:15:00;Strada Urbana;PIAZZA AUGUSTO RIGHI;all'intersezione con;PONTE GUGLIELMO MARCONI;PONTE GUGLIELMO MARCONI;;;Scontro laterale fra veicoli in marcia;Intersezione semaforizzata;Due carreggiate;Asciutto;Asfaltata;Assente;Sereno;Normale;Buona;;0;0;0;4;12.4701;41.8618;-1;2;Autovettura privata;In marcia / fermata / arresto;Passeggero;M;Illeso;0;;Non accertato;Inesploso
5888780;11;28/03/2022 06:50:00;Strada Urbana;VIA DI GROTTA PERFETTA;all'intersezione con;VIA DELL'ACCADEMIA AMBROSIANA;VIA DELL'ACCADEMIA AMBROSIANA;;;Scontro frontale/laterale SX fra veicoli in marcia;Intersezione semaforizzata;Una carreggiata a doppio senso;Asciutto;Asfaltata;Verticale ed orizzontale;Nuvoloso;Scarso;Buona;;1;0;0;1;12.4901;41.8458;-1;1;Autocarro inferiore 35 q.;In marcia / fermata / arresto;Conducente;M;Illeso;0;;;
5888780;11;28/03/2022 06:50:00;Strada Urbana;VIA DI GROTTA PERFETTA;all'intersezione con;VIA DELL'ACCADEMIA AMBROSIANA;VIA DELL'ACCADEMIA AMBROSIANA;;;Scontro frontale/laterale SX fra veicoli in marcia;Intersezione semaforizzata;Una carreggiata a doppio senso;Asciutto;Asfaltata;Verticale ed orizzontale;Nuvoloso;Scarso;Buona;;1;0;0;1;12.4901;41.8458;-1;2;Autovettura privata;In marcia / fermata / arresto;Conducente;M;Rifiuta cure immediate;0;NON DECEDUTO;Non accertato;
5888800;20;28/03/2022 18:15:00;Strada Urbana;VIA BRACCIANENSE;in corrispondenza;;del civico n.;33;;Scontro frontale/laterale DX fra veicoli in marcia;Rettilineo;Una carreggiata a doppio senso;Asciutto;Asfaltata;Orizzontale;Sereno;Normale;Buona;;1;0;0;1;12.3768;42.0096;-1;1;Motociclo a solo;In marcia / fermata / arresto;Conducente;M;Rimandato;0;NON DECEDUTO;;