Protocollo;Gruppo;DataOraIncidente;Localizzazione1;STRADA1;Localizzazione2;STRADA2;Strada02;Chilometrica;DaSpecificare;NaturaIncidente;particolaritastrade;TipoStrada;FondoStradale;Pavimentazione;Segnaletica;CondizioneAtmosferica;Traffico;Visibilita;Illuminazione;NUM_FERITI;NUM_RISERVATA;NUM_MORTI;NUM_ILLESI;Longitude;Latitude;Confermato;Progressivo;TipoVeicolo;StatoVeicolo;TipoPersona;Sesso;Tipolesione;Deceduto;DecedutoDopo;CinturaCascoUtilizzato;Airbag;
5888800;20;28/03/2022 18:15:00;Strada Urbana;VIA BRACCIANENSE;in corrispondenza;;del civico n.;33;;Scontro frontale/laterale DX fra veicoli in marcia;Rettilineo;Una carreggiata a doppio senso;Asciutto;Asfaltata;Orizzontale;Sereno;Normale;Buona;;1;0;0;1;12.3768;42.0096;-1;2;Autovettura privata;In marcia / fermata / arresto;Conducente;M;Illeso;0;;;
5888808;11;28/03/2022 15:40:00;Strada Urbana;VIA SALVATORE DI GIACOMO;in prossimità;;del civico n.;25;;Tamponamento;Rettilineo;Una carreggiata a doppio senso;Asciutto;Asfaltata;Verticale ed orizzontale;Sereno;Normale;Buona;;0;0;0;3;12.4865;41.8454;-1;1;Autovettura privata;In marcia / fermata / arresto;Conducente;M;Illeso;0;;Non accertato;
5888808;11;28/03/2022 15:40:00;Strada Urbana;VIA SALVATORE DI GIACOMO;in prossimità;;del civico n.;25;;Tamponamento;Rettilineo;Una carreggiata a doppio senso;Asciutto;Asfaltata;Verticale ed orizzontale;Sereno;Normale;Buona;;0;0;0;3;12.4865;41.8454;-1;2;Autovettura privata;In marcia / fermata / arresto;Conducente;F;Illeso;0;;Non accertato;
5888808;11;28/03/2022 15:40:00;Strada Urbana;VIA SALVATORE DI GIACOMO;in prossimità;;del civico n.;25;;Tamponamento;Rettilineo;Una carreggiata a doppio senso;Asciutto;Asfaltata;Verticale ed orizzontale;Sereno;Normale;Buona;;0;0;0;3;12.4865;41.8454;-1;2;Autovettura privata;In marcia / fermata / arresto;Passeggero;M;Illeso;0;;Non accertato;
5888813;11;28/03/2022 22:40:00;Strada Urbana;VIA OSTIENSE;all'intersezione semaforizzata con;VIA VALCO DI S. PAOLO;VIA VALCO DI S. PAOLO;;;Scontro frontale/laterale SX fra veicoli in marcia;Intersezione semaforizzata;Una carreggiata a senso unico di marcia;Asciutto;Asfaltata;Verticale ed orizzontale;Nuvoloso;Scarso;Buona;;1;0;0;1;12.4766;41.8522;-1;1;Autovettura privata;In marcia / fermata / arresto;Conducente;F;Illeso;0;;Non accertato;Inesploso
5888813;11;28/03/2022 22:40:00;Strada Urbana;VIA OSTIENSE;all'intersezione semaforizzata con;VIA VALCO DI S. PAOLO;VIA VALCO DI S. PAOLO;;;Scontro frontale/laterale SX fra veicoli in marcia;Intersezione semaforizzata;Una carreggiata a senso unico di marcia;Asciutto;Asfaltata;Verticale ed orizzontale;Nuvoloso;Scarso;Buona;;1;0;0;1;12.4766;41.8522;-1;2;Motociclo a solo;In marcia / fermata / arresto;Conducente;M;Rimandato;0;NON DECEDUTO;Non accertato;
5888821;1;28/03/2022 22:05:00;Strada Urbana;CAMPO DE' FIORI;in corrispondenza;;del civico n.;16;;Veicolo in marcia contro ostacolo fisso;Rettilineo;Una carreggiata a doppio senso;Asciutto;In cubetti di porfido;Verticale;Sereno;Scarso;Buona;;0;0;0;1;;;0;1;Autovettura privata;In marcia / fermata / arresto;Conducente;M;Illeso;0;;;
5888832;15;28/03/2022 17:30:00;Strada Urbana;VIA DELLA MAGLIANA;all'intersezione con;VIA DELLE IDROVORE DELLA MAGLIANA;VIA DELLE IDROVORE DELLA MAGLIANA;;;Scontro frontale/laterale DX fra veicoli in marcia;Intersezione stradale segnalata;Una carreggiata a doppio senso;Asciutto;Asfaltata;Verticale ed orizzontale;Sereno;Normale;Buona;;1;0;0;1;12.4196;41.8317;-1;1;Motociclo a solo;In marcia / fermata / arresto;Conducente;M;Rimandato;0;NON DECEDUTO;;
5888832;15;28/03/2022 17:30:00;Strada Urbana;VIA DELLA MAGLIANA;all'intersezione con;VIA DELLE IDROVORE DELLA MAGLIANA;VIA DELLE IDROVORE DELLA MAGLIANA;;;Scontro frontale/laterale DX fra veicoli in marcia;Intersezione stradale segnalata;Una carreggiata a doppio senso;Asciutto;Asfaltata;Verticale ed orizzontale;Sereno;Normale;Buona;;1;0;0;1;12.4196;41.8317;-1;2;Autocarro inferiore 35 q.;In marcia / fermata / arresto;Conducente;M;Illeso;0;;;
5888834;18;28/03/2022 15:30:00;Statale entro l'abitato;VIA AURELIA;in prossimità;;del civico n.;476;;Scontro laterale fra veicoli in marcia;Rettilineo;Una carreggiata a doppio senso;Asciutto;Asfaltata;Verticale ed orizzontale;Sereno;Normale;Buona;;0;0;0;2;12.4234;41.8982;-1;1;Autovettura privata;In marcia / fermata / arresto;Conducente;M;Illeso;0;;Non accertato;Inesploso
5888834;18;28/03/2022 15:30:00;Statale entro l'abitato;VIA AURELIA;in prossimità;;del civico n.;476;;Scontro laterale fra veicoli in marcia;Rettilineo;Una carreggiata a doppio senso;Asciutto;Asfaltata;Verticale ed orizzontale;Sereno;Normale;Buona;;0;0;0;2;12.4234;41.8982;-1;2;Autovettura privata;In marcia / fermata / arresto;Conducente;F;Illeso;0;;Non accertato;Inesploso
5888839;20;29/03/2022 02:50:00;Statale entro l'abitato;VIA CASSIA;da specificare;;;;in prossimità di via Vibio Mariano;Veicolo in marcia contro ostacolo fisso;Rettilineo;Una carreggiata a doppio senso;Asciutto;Asfaltata;Verticale ed orizzontale;Sereno;Scarso;Buona;;1;0;0;0;12.4137;41.9828;-1;1;Autovettura privata;In marcia / fermata / arresto;Conducente;F;Rimandato;0;NON DECEDUTO;Non accertato;
5888864;20;28/03/2022 17:30:00;Strada Urbana;CORSO DI FRANCIA;in corrispondenza;;del civico n.;75;;Tamponamento Multiplo;Rettilineo;Due carreggiate;Asciutto;Asfaltata;Verticale ed orizzontale;Sereno;Normale;Buona;;0;0;0;4;12.471;41.9394;-1;1;Autovettura privata;In marcia / fermata / arresto;Conducente;F;Illeso;0;;Non accertato;Inesploso
5888864;20;28/03/2022 17:30:00;Strada Urbana;CORSO DI FRANCIA;in corrispondenza;;del civico n.;75;;Tamponamento Multiplo;Rettilineo;Due carreggiate;Asciutto;Asfaltata;Verticale ed orizzontale;Sereno;Normale;Buona;;0;0;0;4;12.471;41.9394;-1;1;Autovettura privata;In marcia / fermata / arresto;Passeggero;F;Illeso;0;;Non accertato;Inesploso
5888864;20;28/03/2022 17:30:00;Strada Urbana;CORSO DI FRANCIA;in corrispondenza;;del civico n.;75;;Tamponamento Multiplo;Rettilineo;Due carreggiate;Asciutto;Asfaltata;Verticale ed orizzontale;Sereno;Normale;Buona;;0;0;0;4;12.471;41.9394;-1;2;Autocarro inferiore 35 q.;In marcia / fermata / arresto;Conducente;M;Illeso;0;;Non accertato;Inesploso
5888864;20;28/03/2022 17:30:00;Strada Urbana;CORSO DI FRANCIA;in corrispondenza;;del civico n.;75;;Tamponamento Multiplo;Rettilineo;Due carreggiate;Asciutto;Asfaltata;Verticale ed orizzontale;Sereno;Normale;Buona;;0;0;0;4;12.471;41.9394;-1;3;Autovettura privata;In marcia / fermata / arresto;Conducente;F;Illeso;0;;Non accertato;Inesploso
5888871;11;28/03/2022 12:40:00;Strada Urbana;VIA ATTILIO AMBROSINI;in corrispondenza;;del civico n.;190;;Veicolo in marcia contro veicoli in sosta;Rettilineo;Due carreggiate;Asciutto;Asfaltata;Verticale ed orizzontale;Sereno;Normale;Buona;;1;0;0;0;12.4918;41.8501;-1;1;Autovettura privata;In marcia / fermata / arresto;Conducente;M;Rimandato;0;NON DECEDUTO;Non accertato;
5888871;11;28/03/2022 12:40:00;Strada Urbana;VIA ATTILIO AMBROSINI;in corrispondenza;;del civico n.;190;;Veicolo in marcia contro veicoli in sosta;Rettilineo;Due carreggiate;Asciutto;Asfaltata;Verticale ed orizzontale;Sereno;Normale;Buona;;1;0;0;0;12.4918;41.8501;-1;2;Autovettura privata;Sosta;;;;;;;
5888871;11;28/03/2022 12:40:00;Strada Urbana;VIA ATTILIO AMBROSINI;in corrispondenza;;del civico n.;190;;Veicolo in marcia contro veicoli in sosta;Rettilineo;Due carreggiate;Asciutto;Asfaltata;Verticale ed orizzontale;Sereno;Normale;Buona;;1;0;0;0;12.4918;41.8501;-1;3;Autovettura privata;Sosta;;;;;;;
5888871;11;28/03/2022 12:40:00;Strada Urbana;VIA ATTILIO AMBROSINI;in corrispondenza;;del civico n.;190;;Veicolo in marcia contro veicoli in sosta;Rettilineo;Due carreggiate;Asciutto;Asfaltata;Verticale ed orizzontale;Sereno;Normale;Buona;;1;0;0;0;12.4918;41.8501;-1;4;Autovettura privata;Sosta;;;;;;;
5888871;11;28/03/2022 12:40:00;Strada Urbana;VIA ATTILIO AMBROSINI;in corrispondenza;;del civico n.;190;;Veicolo in marcia contro veicoli in sosta;Rettilineo;Due carreggiate;Asciutto;Asfaltata;Verticale ed orizzontale;Sereno;Normale;Buona;;1;0;0;0;12.4918;41.8501;-1;5;Autovettura privata;Sosta;;;;;;;
5888885;18;28/03/2022 18:30:00;Strada Urbana;VIA DI BOCCEA;da specificare;;;;fronte civico 561;Scontro laterale fra veicoli in marcia;Rettilineo;Due carreggiate;Asciutto;Asfaltata;Verticale ed orizzontale;Sereno;Normale;Buona;;1;0;0;1;12.3847;41.9149;-1;1;Motociclo a solo;In marcia / fermata / arresto;Conducente;M;Rifiuta cure immediate;0;NON DECEDUTO;Non accertato;
5888885;18;28/03/2022 18:30:00;Strada Urbana;VIA DI BOCCEA;da specificare;;;;fronte civico 561;Scontro laterale fra veicoli in marcia;Rettilineo;Due carreggiate;Asciutto;Asfaltata;Verticale ed orizzontale;Sereno;Normale;Buona;;1;0;0;1;12.3847;41.9149;-1;2;Autovettura privata;In marcia / fermata / arresto;Conducente;F;Illeso;0;;Non accertato;Inesploso
5888896;20;28/03/2022 08:25:00;Strada Urbana;VIA TRIONFALE;in corrispondenza;;del civico n.;12775;;Scontro laterale fra veicoli in marcia;Rettilineo;Una carreggiata a senso unico di marcia;Asciutto;Asfaltata;Verticale ed orizzontale;Nuvoloso;Normale;Buona;;0;0;0;4;12.4081;41.9727;-1;1;Autocarro inferiore 35 q.;In marcia / fermata / arresto;Conducente;M;Illeso;0;;Non accertato;Inesploso
5888896;20;28/03/2022 08:25:00;Strada Urbana;VIA TRIONFALE;in corrispondenza;;del civico n.;12775;;Scontro laterale fra veicoli in marcia;Rettilineo;Una carreggiata a senso unico di marcia;Asciutto;Asfaltata;Verticale ed orizzontale;Nuvoloso;Normale;Buona;;0;0;0;4;12.4081;41.9727;-1;1;Autocarro inferiore 35 q.;In marcia / fermata / arresto;Passeggero;M;Illeso;0;;Non accertato;Inesploso
5888896;20;28/03/2022 08:25:00;Strada Urbana;VIA TRIONFALE;in corrispondenza;;del civico n.;12775;;Scontro laterale fra veicoli in marcia;Rettilineo;Una carreggiata a senso unico di marcia;Asciutto;Asfaltata;Verticale ed orizzontale;Nuvoloso;Normale;Buona;;0;0;0;4;12.4081;41.9727;-1;2;Autovettura privata;In marcia / fermata / arresto;Conducente;M;Illeso;0;;Non accertato;Esploso
5888896;20;28/03/2022 08:25:00;Strada Urbana;VIA TRIONFALE;in corrispondenza;;del civico n.;12775;;Scontro laterale fra veicoli in marcia;Rettilineo;Una carreggiata a senso unico di marcia;Asciutto;Asfaltata;Verticale ed orizzontale;Nuvoloso;Normale;Buona;;0;0;0;4;12.4081;41.9727;-1;3;Autovettura privata;In marcia / fermata / arresto;Conducente;F;Illeso;0;;Non utilizzato;Inesploso
5888900;1;28/03/2022 19:25:00;Strada Urbana;PIAZZA GIUSEPPE GIOACHINO BELLI;all'intersezione semaforizzata con;PONTE GARIBALDI;PONTE GARIBALDI;;;Scontro laterale fra veicoli in marcia;Intersezione semaforizzata;Più di due carreggiate;Asciutto;Asfaltata;Verticale ed orizzontale;Sereno;Normale;Buona;;0;0;0;2;;;0;1;Autovettura privata;In marcia / fermata / arresto;Conducente;M;Illeso;0;;;
5888900;1;28/03/2022 19:25:00;Strada Urbana;PIAZZA GIUSEPPE GIOACHINO BELLI;all'intersezione semaforizzata con;PONTE GARIBALDI;PONTE GARIBALDI;;;Scontro laterale fra veicoli in marcia;Intersezione semaforizzata;Più di due carreggiate;Asciutto;Asfaltata;Verticale ed orizzontale;Sereno;Normale;Buona;;0;0;0;2;;;0;2;Autovettura privata;In marcia / fermata / arresto;Conducente;M;Illeso;0;;;
5888903;4;28/03/2022 13:00:00;Strada Urbana;VIA GIUSEPPE DE SANTIS;in corrispondenza;;del civico n.;fr. 19;;Tamponamento Multiplo;Rettilineo;Una carreggiata a doppio senso;Asciutto;Asfaltata;Verticale ed orizzontale;Sereno;Normale;Buona;;0;0;0;3;12.539;41.9655;-1;1;Autovettura privata;In marcia / fermata / arresto;Conducente;F;Illeso;0;;;
5888903;4;28/03/2022 13:00:00;Strada Urbana;VIA GIUSEPPE DE SANTIS;in corrispondenza;;del civico n.;fr. 19;;Tamponamento Multiplo;Rettilineo;Una carreggiata a doppio senso;Asciutto;Asfaltata;Verticale ed orizzontale;Sereno;Normale;Buona;;0;0;0;3;12.539;41.9655;-1;2;Autovettura privata;In marcia / fermata / arresto;Conducente;F;Illeso;0;;;
5888903;4;28/03/2022 13:00:00;Strada Urbana;VIA GIUSEPPE DE SANTIS;in corrispondenza;;del civico n.;fr. 19;;Tamponamento Multiplo;Rettilineo;Una carreggiata a doppio senso;Asciutto;Asfaltata;Verticale ed orizzontale;Sereno;Normale;Buona;;0;0;0;3;12.539;41.9655;-1;3;Autovettura privata;In marcia / fermata / arresto;Conducente;M;Illeso;0;;;
5888905;6;28/03/2022 22:45:00;Strada Urbana;VIA MARIANO DA SARNO;in corrispondenza;;del civico n.;36;;Veicolo in marcia contro veicoli in sosta;Rettilineo;Una carreggiata a senso unico di marcia;Asciutto;Asfaltata;Assente;Sereno;Scarso;Sufficiente;;0;0;0;0;12.5323;41.8889;-1;1;Motociclo a solo;In marcia / fermata / arresto;;;;;;;
5888905;6;28/03/2022 22:45:00;Strada Urbana;VIA MARIANO DA SARNO;in corrispondenza;;del civico n.;36;;Veicolo in marcia contro veicoli in sosta;Rettilineo;Una carreggiata a senso unico di marcia;Asciutto;Asfaltata;Assente;Sereno;Scarso;Sufficiente;;0;0;0;0;12.5323;41.8889;-1;2;Autovettura privata;Sosta;;;;;;;
5888905;6;28/03/2022 22:45:00;Strada Urbana;VIA MARIANO DA SARNO;in corrispondenza;;del civico n.;36;;Veicolo in marcia contro veicoli in sosta;Rettilineo;Una carreggiata a senso unico di marcia;Asciutto;Asfaltata;Assente;Sereno;Scarso;Sufficiente;;0;0;0;0;12.5323;41.8889;-1;3;Autovettura privata;Sosta;;;;;;;
5888905;6;28/03/2022 22:45:00;Strada Urbana;VIA MARIANO DA SARNO;in corrispondenza;;del civico n.;36;;Veicolo in marcia contro veicoli in sosta;Rettilineo;Una carreggiata a senso unico di marcia;Asciutto;Asfaltata;Assente;Sereno;Scarso;Sufficiente;;0;0;0;0;12.5323;41.8889;-1;4;Autovettura privata;Sosta;;;;;;;
5888905;6;28/03/2022 22:45:00;Strada Urbana;VIA MARIANO DA SARNO;in corrispondenza;;del civico n.;36;;Veicolo in marcia contro veicoli in sosta;Rettilineo;Una carreggiata a senso unico di marcia;Asciutto;Asfaltata;Assente;Sereno;Scarso;Sufficiente;;0;0;0;0;12.5323;41.8889;-1;5;Autovettura privata;Sosta;;;;;;;
5888905;6;28/03/2022 22:45:00;Strada Urbana;VIA MARIANO DA SARNO;in corrispondenza;;del civico n.;36;;Veicolo in marcia contro veicoli in sosta;Rettilineo;Una carreggiata a senso unico di marcia;Asciutto;Asfaltata;Assente;Sereno;Scarso;Sufficiente;;0;0;0;0;12.5323;41.8889;-1;6;Autovettura privata;Sosta;;;;;;;
5888908;11;28/03/2022 13:40:00;Strada Urbana;VIA ANDREA DEL CASTAGNO;in corrispondenza;;del civico n.;16;;Veicolo in marcia contro veicolo in sosta;Rettilineo;Una carreggiata a senso unico di marcia;Asciutto;Asfaltata;Verticale ed orizzontale;Sereno;Scarso;Buona;;0;0;0;1;12.4877;41.8365;-1;1;Autovettura privata;Sosta;;;;;;;
5888908;11;28/03/2022 13:40:00;Strada Urbana;VIA ANDREA DEL CASTAGNO;in corrispondenza;;del civico n.;16;;Veicolo in marcia contro veicolo in sosta;Rettilineo;Una carreggiata a senso unico di marcia;Asciutto;Asfaltata;Verticale ed orizzontale;Sereno;Scarso;Buona;;0;0;0;1;12.4877;41.8365;-1;2;Autovettura privata;In marcia / fermata / arresto;Conducente;M;Illeso;0;;;
5888910;11;29/03/2022 01:25:00;Strada Urbana;VIA COSTANZO CLORO;in prossimità;;del civico n.;57;;Veicolo in marcia contro veicoli in sosta;Rettilineo;Una carreggiata a senso unico di marcia;Asciutto;Asfaltata;Verticale ed orizzontale;Nuvoloso;Scarso;Buona;;1;0;0;0;12.4818;41.8585;-1;1;Autovettura privata;In marcia / fermata / arresto;Conducente;F;Rimandato;0;NON DECEDUTO;Non accertato;Esploso
5888910;11;29/03/2022 01:25:00;Strada Urbana;VIA COSTANZO CLORO;in prossimità;;del civico n.;57;;Veicolo in marcia contro veicoli in sosta;Rettilineo;Una carreggiata a senso unico di marcia;Asciutto;Asfaltata;Verticale ed orizzontale;Nuvoloso;Scarso;Buona;;1;0;0;0;12.4818;41.8585;-1;2;Autovettura privata;Sosta;;;;;;;
5888910;11;29/03/2022 01:25:00;Strada Urbana;VIA COSTANZO CLORO;in prossimità;;del civico n.;57;;Veicolo in marcia contro veicoli in sosta;Rettilineo;Una carreggiata a senso unico di marcia;Asciutto;Asfaltata;Verticale ed orizzontale;Nuvoloso;Scarso;Buona;;1;0;0;0;12.4818;41.8585;-1;3;Autovettura privata;Sosta;;;;;;;
5888910;11;29/03/2022 01:25:00;Strada Urbana;VIA COSTANZO CLORO;in prossimità;;del civico n.;57;;Veicolo in marcia contro veicoli in sosta;Rettilineo;Una carreggiata a senso unico di marcia;Asciutto;Asfaltata;Verticale ed orizzontale;Nuvoloso;Scarso;Buona;;1;0;0;0;12.4818;41.8585;-1;4;Autovettura privata;Sosta;;;;;;;
5888912;15;28/03/2022 17:50:00;Strada Urbana;VIA PORTUENSE;da specificare;;;;fronte intersezione con Via D'AVARNA;Scontro laterale fra veicoli in marcia;Rettilineo;Due carreggiate;Asciutto;Asfaltata;Verticale ed orizzontale;Sereno;Normale;Buona;;1;0;0;2;12.445;41.8557;-1;1;Autovettura privata;In marcia / fermata / arresto;Conducente;M;Illeso;0;;Non accertato;Inesploso
5888912;15;28/03/2022 17:50:00;Strada Urbana;VIA PORTUENSE;da specificare;;;;fronte intersezione con Via D'AVARNA;Scontro laterale fra veicoli in marcia;Rettilineo;Due carreggiate;Asciutto;Asfaltata;Verticale ed orizzontale;Sereno;Normale;Buona;;1;0;0;2;12.445;41.8557;-1;1;Autovettura privata;In marcia / fermata / arresto;Passeggero;F;Illeso;0;;Non accertato;Inesploso
5888912;15;28/03/2022 17:50:00;Strada Urbana;VIA PORTUENSE;da specificare;;;;fronte intersezione con Via D'AVARNA;Scontro laterale fra veicoli in marcia;Rettilineo;Due carreggiate;Asciutto;Asfaltata;Verticale ed orizzontale;Sereno;Normale;Buona;;1;0;0;2;12.445;41.8557;-1;2;Motociclo a solo;In marcia / fermata / arresto;Conducente;M;Rimandato;0;NON DECEDUTO;Non accertato;
5888939;7;28/03/2022 17:05:00;Strada Urbana;VIALE PALMIRO TOGLIATTI;in corrispondenza;;del civico n.;887;;Scontro laterale fra veicoli in marcia;Rettilineo;Due carreggiate;Asciutto;Asfaltata;Verticale ed orizzontale;Sereno;Normale;Buona;;0;0;0;2;12.5738;41.89;-1;1;Autovettura privata;In marcia / fermata / arresto;Conducente;M;Illeso;0;;Non accertato;Inesploso
5888939;7;28/03/2022 17:05:00;Strada Urbana;VIALE PALMIRO TOGLIATTI;in corrispondenza;;del civico n.;887;;Scontro laterale fra veicoli in marcia;Rettilineo;Due carreggiate;Asciutto;Asfaltata;Verticale ed orizzontale;Sereno;Normale;Buona;;0;0;0;2;12.5738;41.89;-1;2;Vettura tranviaria;In marcia / fermata / arresto;Conducente;M;Illeso;0;;Esente;
5888941;13;28/03/2022 01:03:00;Strada Urbana;VIA DELL'IDROSCALO;in prossimità;;del civico n.;84;;Tamponamento Multiplo;Rettilineo;Una carreggiata a doppio senso;Asciutto;Asfaltata;Verticale ed orizzontale;Nuvoloso;Normale;Buona;;0;0;0;3;12.2569;41.7396;-1;1;Autocarro inferiore 35 q.;In marcia / fermata / arresto;Conducente;M;Illeso;0;;;
5888941;13;28/03/2022 01:03:00;Strada Urbana;VIA DELL'IDROSCALO;in prossimità;;del civico n.;84;;Tamponamento Multiplo;Rettilineo;Una carreggiata a doppio senso;Asciutto;Asfaltata;Verticale ed orizzontale;Nuvoloso;Normale;Buona;;0;0;0;3;12.2569;41.7396;-1;2;Autovettura privata;In marcia / fermata / arresto;Conducente;M;Illeso;0;;;
5888941;13;28/03/2022 01:03:00;Strada Urbana;VIA DELL'IDROSCALO;in prossimità;;del civico n.;84;;Tamponamento Multiplo;Rettilineo;Una carreggiata a doppio senso;Asciutto;Asfaltata;Verticale ed orizzontale;Nuvoloso;Normale;Buona;;0;0;0;3;12.2569;41.7396;-1;3;Autovettura privata;Allontanatosi;Conducente;M;Illeso;0;;;
5888946;4;28/03/2022 09:00:00;Strada Urbana;VIA CARLO LORENZINI;all'intersezione con;VIA ISIDORO DEL LUNGO;VIA ISIDORO DEL LUNGO;;;Veicolo in marcia contro veicolo in sosta;Incrocio;Una carreggiata a senso unico di marcia;Asciutto;Asfaltata;Verticale ed orizzontale;Sereno;Normale;Buona;;0;0;0;1;12.5556;41.945;-1;1;Autovettura privata;Sosta;;;;;;;
5888946;4;28/03/2022 09:00:00;Strada Urbana;VIA CARLO LORENZINI;all'intersezione con;VIA ISIDORO DEL LUNGO;VIA ISIDORO DEL LUNGO;;;Veicolo in marcia contro veicolo in sosta;Incrocio;Una carreggiata a senso unico di marcia;Asciutto;Asfaltata;Verticale ed orizzontale;Sereno;Normale;Buona;;0;0;0;1;12.5556;41.945;-1;2;Autovettura privata;In marcia / fermata / arresto;Conducente;M;Illeso;0;;;
5888968;5;28/03/2022 06:25:00;Strada Urbana;VIA DELLE CAVE DI PIETRALATA;in corrispondenza;;del civico n.;6;;Veicolo in marcia contro veicoli in sosta;Curva a visuale libera;Una carreggiata a doppio senso;Asciutto;Asfaltata;Verticale ed orizzontale;Sereno;Scarso;Buona;;0;0;0;1;12.5367;41.9086;-1;1;Autobus di linea;In marcia / fermata / arresto;Conducente;M;Illeso;0;;Non accertato;
5888968;5;28/03/2022 06:25:00;Strada Urbana;VIA DELLE CAVE DI PIETRALATA;in corrispondenza;;del civico n.;6;;Veicolo in marcia contro veicoli in sosta;Curva a visuale libera;Una carreggiata a doppio senso;Asciutto;Asfaltata;Verticale ed orizzontale;Sereno;Scarso;Buona;;0;0;0;1;12.5367;41.9086;-1;2;Autovettura privata;Sosta;;;;;;;
5888968;5;28/03/2022 06:25:00;Strada Urbana;VIA DELLE CAVE DI PIETRALATA;in corrispondenza;;del civico n.;6;;Veicolo in marcia contro veicoli in sosta;Curva a visuale libera;Una carreggiata a doppio senso;Asciutto;Asfaltata;Verticale ed orizzontale;Sereno;Scarso;Buona;;0;0;0;1;12.5367;41.9086;-1;3;Autovettura privata;Sosta;;;;;;;
5888970;15;28/03/2022 21:00:00;Strada Urbana;VIA DELL'IMPRUNETA;in corrispondenza;;del civico n.;180;;Scontro laterale fra veicoli in marcia;Rettilineo;Due carreggiate;Asciutto;Asfaltata;Verticale;Sereno;Scarso;Sufficiente;;0;0;0;2;12.4626;41.8455;-1;1;Autovettura privata;In marcia / fermata / arresto;Conducente;F;Illeso;0;;Non accertato;Inesploso
5888970;15;28/03/2022 21:00:00;Strada Urbana;VIA DELL'IMPRUNETA;in corrispondenza;;del civico n.;180;;Scontro laterale fra veicoli in marcia;Rettilineo;Due carreggiate;Asciutto;Asfaltata;Verticale;Sereno;Scarso;Sufficiente;;0;0;0;2;12.4626;41.8455;-1;2;Motociclo a solo;In marcia / fermata / arresto;Conducente;M;Illeso;0;;Non accertato;
5888975;3;28/03/2022 09:30:00;Strada Urbana;VIA RODOLFO LANCIANI;da specificare;;;;fronte civico 57;Scontro frontale/laterale SX fra veicoli in marcia;Rettilineo;Due carreggiate;Asciutto;Asfaltata;Verticale ed orizzontale;Nuvoloso;Normale;Buona;;0;1;0;3;12.524;41.9214;-1;1;Autovettura privata;In marcia / fermata / arresto;Conducente;M;Illeso;0;;Non accertato;
5888975;3;28/03/2022 09:30:00;Strada Urbana;VIA RODOLFO LANCIANI;da specificare;;;;fronte civico 57;Scontro frontale/laterale SX fra veicoli in marcia;Rettilineo;Due carreggiate;Asciutto;Asfaltata;Verticale ed orizzontale;Nuvoloso;Normale;Buona;;0;1;0;3;12.524;41.9214;-1;1;Autovettura privata;In marcia / fermata / arresto;Passeggero;F;Illeso;0;;Non accertato;
5888975;3;28/03/2022 09:30:00;Strada Urbana;VIA RODOLFO LANCIANI;da specificare;;;;fronte civico 57;Scontro frontale/laterale SX fra veicoli in marcia;Rettilineo;Due carreggiate;Asciutto;Asfaltata;Verticale ed orizzontale;Nuvoloso;Normale;Buona;;0;1;0;3;12.524;41.9214;-1;1;Autovettura privata;In marcia / fermata / arresto;Passeggero;F;Illeso;0;;Non accertato;
5888975;3;28/03/2022 09:30:00;Strada Urbana;VIA RODOLFO LANCIANI;da specificare;;;;fronte civico 57;Scontro frontale/laterale SX fra veicoli in marcia;Rettilineo;Due carreggiate;Asciutto;Asfaltata;Verticale ed orizzontale;Nuvoloso;Normale;Buona;;0;1;0;3;12.524;41.9214;-1;2;Motociclo a solo;In marcia / fermata / arresto;Conducente;M;Prognosi riservata;0;NON DECEDUTO;Non accertato;
5888994;7;28/03/2022 21:00:00;Strada Urbana;VIA CASILINA;all'intersezione con;VIA ANTONIO GALTAROSSA;VIA ANTONIO GALTAROSSA;;;Scontro frontale/laterale DX fra veicoli in marcia;Incrocio;Una carreggiata a doppio senso;Asciutto;Asfaltata;Verticale ed orizzontale;Sereno;Normale;Sufficiente;;2;0;0;1;12.6193;41.8629;-1;1;Autovettura privata;In marcia / fermata / arresto;Conducente;M;Illeso;0;;Non accertato;Inesploso
5888994;7;28/03/2022 21:00:00;Strada Urbana;VIA CASILINA;all'intersezione con;VIA ANTONIO GALTAROSSA;VIA ANTONIO GALTAROSSA;;;Scontro frontale/laterale DX fra veicoli in marcia;Incrocio;Una carreggiata a doppio senso;Asciutto;Asfaltata;Verticale ed orizzontale;Sereno;Normale;Sufficiente;;2;0;0;1;12.6193;41.8629;-1;2;Motociclo con passeggero;In marcia / fermata / arresto;Conducente;M;Rimandato;0;NON DECEDUTO;Non accertato;
5888994;7;28/03/2022 21:00:00;Strada Urbana;VIA CASILINA;all'intersezione con;VIA ANTONIO GALTAROSSA;VIA ANTONIO GALTAROSSA;;;Scontro frontale/laterale DX fra veicoli in marcia;Incrocio;Una carreggiata a doppio senso;Asciutto;Asfaltata;Verticale ed orizzontale;Sereno;Normale;Sufficiente;;2;0;0;1;12.6193;41.8629;-1;2;Motociclo con passeggero;In marcia / fermata / arresto;Passeggero;M;Rimandato;0;NON DECEDUTO;Non accertato;