Protocollo;Gruppo;DataOraIncidente;Localizzazione1;STRADA1;Localizzazione2;STRADA2;Strada02;Chilometrica;DaSpecificare;NaturaIncidente;particolaritastrade;TipoStrada;FondoStradale;Pavimentazione;Segnaletica;CondizioneAtmosferica;Traffico;Visibilita;Illuminazione;NUM_FERITI;NUM_RISERVATA;NUM_MORTI;NUM_ILLESI;Longitude;Latitude;Confermato;Progressivo;TipoVeicolo;StatoVeicolo;TipoPersona;Sesso;Tipolesione;Deceduto;DecedutoDopo;CinturaCascoUtilizzato;Airbag;
5890713;3;22/03/2022 22:50:00;Strada Urbana;VIA TIBURTINA;all'intersezione semaforizzata con;VIA DEI MARRUCINI;VIA DEI MARRUCINI;;;Scontro frontale/laterale DX fra veicoli in marcia;Intersezione semaforizzata;Due carreggiate;Asciutto;Asfaltata;Verticale ed orizzontale;Sereno;Normale;Buona;;1;0;0;1;12.514;41.9;-1;1;Autovettura privata;In marcia / fermata / arresto;Conducente;F;Illeso;0;;;
5890713;3;22/03/2022 22:50:00;Strada Urbana;VIA TIBURTINA;all'intersezione semaforizzata con;VIA DEI MARRUCINI;VIA DEI MARRUCINI;;;Scontro frontale/laterale DX fra veicoli in marcia;Intersezione semaforizzata;Due carreggiate;Asciutto;Asfaltata;Verticale ed orizzontale;Sereno;Normale;Buona;;1;0;0;1;12.514;41.9;-1;2;Motociclo a solo;In marcia / fermata / arresto;Conducente;M;Ricoverato;0;NON DECEDUTO;;
5890717;13;29/03/2022 18:00:00;Strada Urbana;VIA TIMOTEO BOTTIGLI;all'intersezione con;VIA PROSPERO INTORCETTA;VIA PROSPERO INTORCETTA;;;Scontro frontale/laterale DX fra veicoli in marcia;Intersezione non regolata/non segnalata;Una carreggiata a doppio senso;Asciutto;Asfaltata;Verticale;Sereno;Normale;Buona;;1;0;0;1;12.3332;41.7889;-1;1;Motociclo con passeggero;In marcia / fermata / arresto;Conducente;M;Rimandato;0;NON DECEDUTO;Non accertato;
5890717;13;29/03/2022 18:00:00;Strada Urbana;VIA TIMOTEO BOTTIGLI;all'intersezione con;VIA PROSPERO INTORCETTA;VIA PROSPERO INTORCETTA;;;Scontro frontale/laterale DX fra veicoli in marcia;Intersezione non regolata/non segnalata;Una carreggiata a doppio senso;Asciutto;Asfaltata;Verticale;Sereno;Normale;Buona;;1;0;0;1;12.3332;41.7889;-1;2;Autovettura privata;In marcia / fermata / arresto;Conducente;M;Illeso;0;;Non accertato;Inesploso
5890719;3;28/03/2022 04:25:00;Strada Urbana;VIA GIOVANNI BATTISTA MORGAGNI;da specificare;;;;fronte 19;Veicolo in marcia contro ostacolo fisso;Rettilineo;Una carreggiata a doppio senso;Asciutto;Asfaltata;Verticale ed orizzontale;Sereno;Scarso;Buona;;0;0;0;3;12.5105;41.9099;-1;1;Autovettura privata;In marcia / fermata / arresto;Conducente;M;Illeso;0;;Non accertato;Inesploso
5890719;3;28/03/2022 04:25:00;Strada Urbana;VIA GIOVANNI BATTISTA MORGAGNI;da specificare;;;;fronte 19;Veicolo in marcia contro ostacolo fisso;Rettilineo;Una carreggiata a doppio senso;Asciutto;Asfaltata;Verticale ed orizzontale;Sereno;Scarso;Buona;;0;0;0;3;12.5105;41.9099;-1;1;Autovettura privata;In marcia / fermata / arresto;Passeggero;M;Illeso;0;;Non accertato;Inesploso
5890719;3;28/03/2022 04:25:00;Strada Urbana;VIA GIOVANNI BATTISTA MORGAGNI;da specificare;;;;fronte 19;Veicolo in marcia contro ostacolo fisso;Rettilineo;Una carreggiata a doppio senso;Asciutto;Asfaltata;Verticale ed orizzontale;Sereno;Scarso;Buona;;0;0;0;3;12.5105;41.9099;-1;1;Autovettura privata;In marcia / fermata / arresto;Passeggero;M;Illeso;0;;Non accertato;Inesploso
5890720;3;24/03/2022 23:30:00;Strada Urbana;VIALE IPPOCRATE;all'intersezione semaforizzata con;VIA ALFONSO BORELLI;VIA ALFONSO BORELLI;;;Scontro laterale fra veicoli in marcia;Intersezione semaforizzata;Una carreggiata a doppio senso;Asciutto;Asfaltata;Verticale ed orizzontale;Sereno;Scarso;Sufficiente;;0;0;0;4;12.5192;41.9081;-1;1;Autovettura privata;In marcia / fermata / arresto;Conducente;M;Illeso;0;;Non accertato;Inesploso
5890720;3;24/03/2022 23:30:00;Strada Urbana;VIALE IPPOCRATE;all'intersezione semaforizzata con;VIA ALFONSO BORELLI;VIA ALFONSO BORELLI;;;Scontro laterale fra veicoli in marcia;Intersezione semaforizzata;Una carreggiata a doppio senso;Asciutto;Asfaltata;Verticale ed orizzontale;Sereno;Scarso;Sufficiente;;0;0;0;4;12.5192;41.9081;-1;1;Autovettura privata;In marcia / fermata / arresto;Passeggero;M;Illeso;0;;Non accertato;Inesploso
5890720;3;24/03/2022 23:30:00;Strada Urbana;VIALE IPPOCRATE;all'intersezione semaforizzata con;VIA ALFONSO BORELLI;VIA ALFONSO BORELLI;;;Scontro laterale fra veicoli in marcia;Intersezione semaforizzata;Una carreggiata a doppio senso;Asciutto;Asfaltata;Verticale ed orizzontale;Sereno;Scarso;Sufficiente;;0;0;0;4;12.5192;41.9081;-1;1;Autovettura privata;In marcia / fermata / arresto;Passeggero;M;Illeso;0;;Non accertato;Inesploso
5890720;3;24/03/2022 23:30:00;Strada Urbana;VIALE IPPOCRATE;all'intersezione semaforizzata con;VIA ALFONSO BORELLI;VIA ALFONSO BORELLI;;;Scontro laterale fra veicoli in marcia;Intersezione semaforizzata;Una carreggiata a doppio senso;Asciutto;Asfaltata;Verticale ed orizzontale;Sereno;Scarso;Sufficiente;;0;0;0;4;12.5192;41.9081;-1;2;Autovettura pubblica;In marcia / fermata / arresto;Conducente;M;Illeso;0;;Non accertato;Inesploso
5890731;3;27/03/2022 12:15:00;Strada Urbana;VIA TIBURTINA;in prossimità;;del civico n.;25;;Investimento di pedone;Rettilineo;Una carreggiata a senso unico di marcia;Asciutto;Asfaltata;Verticale ed orizzontale;Sereno;Normale;Buona;;1;0;0;2;12.512;41.8973;0;;;;Pedone;M;Rimandato;0;NON DECEDUTO;;
5890731;3;27/03/2022 12:15:00;Strada Urbana;VIA TIBURTINA;in prossimità;;del civico n.;25;;Investimento di pedone;Rettilineo;Una carreggiata a senso unico di marcia;Asciutto;Asfaltata;Verticale ed orizzontale;Sereno;Normale;Buona;;1;0;0;2;12.512;41.8973;0;;;;Pedone;M;Illeso;0;;;
5890731;3;27/03/2022 12:15:00;Strada Urbana;VIA TIBURTINA;in prossimità;;del civico n.;25;;Investimento di pedone;Rettilineo;Una carreggiata a senso unico di marcia;Asciutto;Asfaltata;Verticale ed orizzontale;Sereno;Normale;Buona;;1;0;0;2;12.512;41.8973;0;1;Autovettura privata;In marcia / fermata / arresto;Conducente;F;Illeso;0;;Non accertato;Inesploso
5890733;3;29/03/2022 14:05:00;Strada Urbana;VIA PAVIA;da specificare;;;;FRONTE CIVICO 130;Scontro frontale fra veicoli in marcia;Rettilineo;Una carreggiata a senso unico di marcia;Asciutto;Asfaltata;Verticale ed orizzontale;Sereno;Scarso;Buona;;0;0;0;3;12.5176;41.9083;-1;1;Autovettura privata;In marcia / fermata / arresto;Conducente;M;Illeso;0;;Non accertato;Inesploso
5890733;3;29/03/2022 14:05:00;Strada Urbana;VIA PAVIA;da specificare;;;;FRONTE CIVICO 130;Scontro frontale fra veicoli in marcia;Rettilineo;Una carreggiata a senso unico di marcia;Asciutto;Asfaltata;Verticale ed orizzontale;Sereno;Scarso;Buona;;0;0;0;3;12.5176;41.9083;-1;2;Autovettura privata;In marcia / fermata / arresto;Conducente;F;Illeso;0;;Non accertato;Inesploso
5890733;3;29/03/2022 14:05:00;Strada Urbana;VIA PAVIA;da specificare;;;;FRONTE CIVICO 130;Scontro frontale fra veicoli in marcia;Rettilineo;Una carreggiata a senso unico di marcia;Asciutto;Asfaltata;Verticale ed orizzontale;Sereno;Scarso;Buona;;0;0;0;3;12.5176;41.9083;-1;2;Autovettura privata;In marcia / fermata / arresto;Passeggero;M;Illeso;0;;Non accertato;Inesploso
5890735;17;29/03/2022 21:00:00;Strada Urbana;VIALE VATICANO;in prossimità;;del civico n.;25;;Fuoriuscita dalla sede stradale;Rettilineo;Una carreggiata a senso unico di marcia;Asciutto;Asfaltata;Verticale ed orizzontale;Sereno;Scarso;Buona;;0;0;0;1;12.4496;41.9007;0;1;Autovettura privata;In marcia / fermata / arresto;Conducente;M;Illeso;0;;;
5890736;13;29/03/2022 15:30:00;Strada Urbana;VIA GIULIO BERTONI;all'intersezione con;VIA MARIO SANSONE;VIA MARIO SANSONE;;;Scontro frontale/laterale DX fra veicoli in marcia;Incrocio;Una carreggiata a doppio senso;Asciutto;Asfaltata;Verticale;Sereno;Normale;Buona;;1;0;0;1;12.3507;41.7356;0;1;Autovettura privata;In marcia / fermata / arresto;Conducente;M;Illeso;0;;Non accertato;Inesploso
5890736;13;29/03/2022 15:30:00;Strada Urbana;VIA GIULIO BERTONI;all'intersezione con;VIA MARIO SANSONE;VIA MARIO SANSONE;;;Scontro frontale/laterale DX fra veicoli in marcia;Incrocio;Una carreggiata a doppio senso;Asciutto;Asfaltata;Verticale;Sereno;Normale;Buona;;1;0;0;1;12.3507;41.7356;0;2;Autovettura privata;In marcia / fermata / arresto;Conducente;M;Rimandato;0;NON DECEDUTO;Non accertato;Inesploso
5890738;3;27/03/2022 21:30:00;Strada Urbana;CIRCONVALLAZIONE TIBURTINA;da specificare;;;;50 mt prima civ.110;Scontro frontale/laterale DX fra veicoli in marcia;Rettilineo;Più di due carreggiate;Asciutto;Asfaltata;Assente;Sereno;Scarso;Sufficiente;;2;0;0;1;12.5268;41.8986;-1;1;Autovettura privata;In marcia / fermata / arresto;Conducente;F;Ricoverato;0;NON DECEDUTO;;
5890738;3;27/03/2022 21:30:00;Strada Urbana;CIRCONVALLAZIONE TIBURTINA;da specificare;;;;50 mt prima civ.110;Scontro frontale/laterale DX fra veicoli in marcia;Rettilineo;Più di due carreggiate;Asciutto;Asfaltata;Assente;Sereno;Scarso;Sufficiente;;2;0;0;1;12.5268;41.8986;-1;1;Autovettura privata;In marcia / fermata / arresto;Passeggero;F;Ricoverato;0;NON DECEDUTO;;
5890738;3;27/03/2022 21:30:00;Strada Urbana;CIRCONVALLAZIONE TIBURTINA;da specificare;;;;50 mt prima civ.110;Scontro frontale/laterale DX fra veicoli in marcia;Rettilineo;Più di due carreggiate;Asciutto;Asfaltata;Assente;Sereno;Scarso;Sufficiente;;2;0;0;1;12.5268;41.8986;-1;2;Autovettura privata;In marcia / fermata / arresto;Conducente;M;Illeso;0;;;
5890743;7;30/03/2022 03:00:00;Strada Urbana;VIA PRENESTINA;all'intersezione con;VIALE PALMIRO TOGLIATTI;VIALE PALMIRO TOGLIATTI;;;Veicolo in marcia contro ostacolo fisso;Intersezione semaforizzata;Una carreggiata a senso unico di marcia;Asciutto;Asfaltata;Verticale ed orizzontale;Sereno;Scarso;Sufficiente;;0;0;0;1;12.6155;41.8933;-1;1;Autovettura privata;In marcia / fermata / arresto;Conducente;M;Illeso;0;;;
5890744;3;29/03/2022 13:30:00;Strada Urbana;CIRCONVALLAZIONE NOMENTANA;da specificare;;;;FRONTE CIVICO 130;Tamponamento Multiplo;Rettilineo;Una carreggiata a senso unico di marcia;Asciutto;Asfaltata;Verticale ed orizzontale;Sereno;Intenso;Buona;;0;0;0;8;12.527;41.9196;-1;1;Autovettura privata;In marcia / fermata / arresto;Conducente;F;Illeso;0;;;Inesploso
5890744;3;29/03/2022 13:30:00;Strada Urbana;CIRCONVALLAZIONE NOMENTANA;da specificare;;;;FRONTE CIVICO 130;Tamponamento Multiplo;Rettilineo;Una carreggiata a senso unico di marcia;Asciutto;Asfaltata;Verticale ed orizzontale;Sereno;Intenso;Buona;;0;0;0;8;12.527;41.9196;-1;1;Autovettura privata;In marcia / fermata / arresto;Passeggero;M;Illeso;0;;;
5890744;3;29/03/2022 13:30:00;Strada Urbana;CIRCONVALLAZIONE NOMENTANA;da specificare;;;;FRONTE CIVICO 130;Tamponamento Multiplo;Rettilineo;Una carreggiata a senso unico di marcia;Asciutto;Asfaltata;Verticale ed orizzontale;Sereno;Intenso;Buona;;0;0;0;8;12.527;41.9196;-1;1;Autovettura privata;In marcia / fermata / arresto;Passeggero;F;Illeso;0;;;
5890744;3;29/03/2022 13:30:00;Strada Urbana;CIRCONVALLAZIONE NOMENTANA;da specificare;;;;FRONTE CIVICO 130;Tamponamento Multiplo;Rettilineo;Una carreggiata a senso unico di marcia;Asciutto;Asfaltata;Verticale ed orizzontale;Sereno;Intenso;Buona;;0;0;0;8;12.527;41.9196;-1;2;Autovettura privata;In marcia / fermata / arresto;Conducente;M;Illeso;0;;;
5890744;3;29/03/2022 13:30:00;Strada Urbana;CIRCONVALLAZIONE NOMENTANA;da specificare;;;;FRONTE CIVICO 130;Tamponamento Multiplo;Rettilineo;Una carreggiata a senso unico di marcia;Asciutto;Asfaltata;Verticale ed orizzontale;Sereno;Intenso;Buona;;0;0;0;8;12.527;41.9196;-1;2;Autovettura privata;In marcia / fermata / arresto;Passeggero;M;Illeso;0;;;Inesploso
5890744;3;29/03/2022 13:30:00;Strada Urbana;CIRCONVALLAZIONE NOMENTANA;da specificare;;;;FRONTE CIVICO 130;Tamponamento Multiplo;Rettilineo;Una carreggiata a senso unico di marcia;Asciutto;Asfaltata;Verticale ed orizzontale;Sereno;Intenso;Buona;;0;0;0;8;12.527;41.9196;-1;3;Autovettura privata;In marcia / fermata / arresto;Conducente;M;Illeso;0;;;
5890744;3;29/03/2022 13:30:00;Strada Urbana;CIRCONVALLAZIONE NOMENTANA;da specificare;;;;FRONTE CIVICO 130;Tamponamento Multiplo;Rettilineo;Una carreggiata a senso unico di marcia;Asciutto;Asfaltata;Verticale ed orizzontale;Sereno;Intenso;Buona;;0;0;0;8;12.527;41.9196;-1;3;Autovettura privata;In marcia / fermata / arresto;Passeggero;M;Illeso;0;;;
5890744;3;29/03/2022 13:30:00;Strada Urbana;CIRCONVALLAZIONE NOMENTANA;da specificare;;;;FRONTE CIVICO 130;Tamponamento Multiplo;Rettilineo;Una carreggiata a senso unico di marcia;Asciutto;Asfaltata;Verticale ed orizzontale;Sereno;Intenso;Buona;;0;0;0;8;12.527;41.9196;-1;3;Autovettura privata;In marcia / fermata / arresto;Passeggero;M;Illeso;0;;;
5890747;15;29/03/2022 17:20:00;Strada Urbana;VIALE VICOPISANO;all'intersezione con;VIA PESCAGLIA;VIA PESCAGLIA;;;Scontro frontale/laterale SX fra veicoli in marcia;Intersezione stradale segnalata;Una carreggiata a senso unico di marcia;Asciutto;Asfaltata;Verticale ed orizzontale;Sereno;Normale;Buona;;0;0;0;3;12.4596;41.8465;-1;1;Autovettura privata;In marcia / fermata / arresto;Conducente;M;Illeso;0;;Non accertato;Inesploso
5890747;15;29/03/2022 17:20:00;Strada Urbana;VIALE VICOPISANO;all'intersezione con;VIA PESCAGLIA;VIA PESCAGLIA;;;Scontro frontale/laterale SX fra veicoli in marcia;Intersezione stradale segnalata;Una carreggiata a senso unico di marcia;Asciutto;Asfaltata;Verticale ed orizzontale;Sereno;Normale;Buona;;0;0;0;3;12.4596;41.8465;-1;2;Autovettura privata;In marcia / fermata / arresto;Conducente;F;Illeso;0;;Non accertato;Inesploso
5890747;15;29/03/2022 17:20:00;Strada Urbana;VIALE VICOPISANO;all'intersezione con;VIA PESCAGLIA;VIA PESCAGLIA;;;Scontro frontale/laterale SX fra veicoli in marcia;Intersezione stradale segnalata;Una carreggiata a senso unico di marcia;Asciutto;Asfaltata;Verticale ed orizzontale;Sereno;Normale;Buona;;0;0;0;3;12.4596;41.8465;-1;2;Autovettura privata;In marcia / fermata / arresto;Passeggero;M;Illeso;0;;Non accertato;Inesploso
5890748;3;27/03/2022 11:15:00;Strada Urbana;VIALE DELLE PROVINCIE;in prossimità;;del civico n.;101 c;;Veicolo in marcia contro veicolo in sosta;Rettilineo;Due carreggiate;Asciutto;Asfaltata;Verticale ed orizzontale;Sereno;Normale;Sufficiente;;0;0;0;1;12.5215;41.9084;-1;1;Autovettura privata;Sosta;;;;;;;
5890748;3;27/03/2022 11:15:00;Strada Urbana;VIALE DELLE PROVINCIE;in prossimità;;del civico n.;101 c;;Veicolo in marcia contro veicolo in sosta;Rettilineo;Due carreggiate;Asciutto;Asfaltata;Verticale ed orizzontale;Sereno;Normale;Sufficiente;;0;0;0;1;12.5215;41.9084;-1;2;Autovettura privata;In marcia / fermata / arresto;Conducente;M;Illeso;0;;Non accertato;Inesploso
5890756;10;30/03/2022 09:10:00;Strada Urbana;VIALE MARCO FULVIO NOBILIORE;all'intersezione con;VIA TARQUINIO COLLATINO;VIA TARQUINIO COLLATINO;;;Investimento di pedone;Incrocio;Una carreggiata a senso unico di marcia;Bagnato (pioggia);Asfaltata;Verticale ed orizzontale;Pioggia in atto;Normale;Buona;;1;0;0;1;12.5659;41.8608;-1;;;;Pedone;M;Rimandato;0;NON DECEDUTO;;
5890756;10;30/03/2022 09:10:00;Strada Urbana;VIALE MARCO FULVIO NOBILIORE;all'intersezione con;VIA TARQUINIO COLLATINO;VIA TARQUINIO COLLATINO;;;Investimento di pedone;Incrocio;Una carreggiata a senso unico di marcia;Bagnato (pioggia);Asfaltata;Verticale ed orizzontale;Pioggia in atto;Normale;Buona;;1;0;0;1;12.5659;41.8608;-1;1;Autocarro inferiore 35 q.;In marcia / fermata / arresto;Conducente;M;Illeso;0;;Non accertato;Inesploso
5890758;3;26/03/2022 03:05:00;Strada Urbana;Tang Est dir San Giovanni;da specificare;;;;prima svincolo A24;Scontro laterale fra veicoli in marcia;Rettilineo;Una carreggiata a senso unico alternato;Asciutto;Asfaltata;Verticale ed orizzontale;Sereno;Scarso;Sufficiente;;0;0;0;3;12.5282;41.9184;-1;1;Autovettura privata;In marcia / fermata / arresto;Conducente;M;Illeso;0;;Non accertato;Inesploso
5890758;3;26/03/2022 03:05:00;Strada Urbana;Tang Est dir San Giovanni;da specificare;;;;prima svincolo A24;Scontro laterale fra veicoli in marcia;Rettilineo;Una carreggiata a senso unico alternato;Asciutto;Asfaltata;Verticale ed orizzontale;Sereno;Scarso;Sufficiente;;0;0;0;3;12.5282;41.9184;-1;1;Autovettura privata;In marcia / fermata / arresto;Passeggero;M;Illeso;0;;Non accertato;Inesploso
5890758;3;26/03/2022 03:05:00;Strada Urbana;Tang Est dir San Giovanni;da specificare;;;;prima svincolo A24;Scontro laterale fra veicoli in marcia;Rettilineo;Una carreggiata a senso unico alternato;Asciutto;Asfaltata;Verticale ed orizzontale;Sereno;Scarso;Sufficiente;;0;0;0;3;12.5282;41.9184;-1;2;Autovettura privata;Allontanatosi;Conducente;M;Illeso;0;;;
5890760;3;25/03/2022 16:15:00;Strada Urbana;VIA NOMENTANA;da specificare;;;;fronte civico 116;Tamponamento Multiplo;Rettilineo;Più di due carreggiate;Asciutto;Asfaltata;Verticale ed orizzontale;Sereno;Normale;Buona;;0;0;0;3;12.5161;41.9182;-1;1;Autovettura privata;In marcia / fermata / arresto;Conducente;M;Illeso;0;;;
5890760;3;25/03/2022 16:15:00;Strada Urbana;VIA NOMENTANA;da specificare;;;;fronte civico 116;Tamponamento Multiplo;Rettilineo;Più di due carreggiate;Asciutto;Asfaltata;Verticale ed orizzontale;Sereno;Normale;Buona;;0;0;0;3;12.5161;41.9182;-1;2;Autovettura privata;In marcia / fermata / arresto;Conducente;M;Illeso;0;;;
5890760;3;25/03/2022 16:15:00;Strada Urbana;VIA NOMENTANA;da specificare;;;;fronte civico 116;Tamponamento Multiplo;Rettilineo;Più di due carreggiate;Asciutto;Asfaltata;Verticale ed orizzontale;Sereno;Normale;Buona;;0;0;0;3;12.5161;41.9182;-1;3;Autovettura privata;In marcia / fermata / arresto;Conducente;F;Illeso;0;;;
5890761;3;28/03/2022 18:10:00;Strada Urbana;VIA LAZZARO SPALLANZANI;da specificare;;;;prossimità civico 16;Scontro frontale fra veicoli in marcia;Rettilineo;Una carreggiata a doppio senso;Asciutto;Asfaltata;Verticale ed orizzontale;Sereno;Normale;Buona;;0;0;0;2;12.5107;41.9125;-1;1;Autovettura privata;In marcia / fermata / arresto;Conducente;M;Illeso;0;;Non accertato;Inesploso
5890761;3;28/03/2022 18:10:00;Strada Urbana;VIA LAZZARO SPALLANZANI;da specificare;;;;prossimità civico 16;Scontro frontale fra veicoli in marcia;Rettilineo;Una carreggiata a doppio senso;Asciutto;Asfaltata;Verticale ed orizzontale;Sereno;Normale;Buona;;0;0;0;2;12.5107;41.9125;-1;2;Ciclomotore;In marcia / fermata / arresto;Conducente;M;Illeso;0;;Non accertato;
5890769;3;26/03/2022 13:55:00;Strada Urbana;VIA TIBURTINA;in prossimità;;del civico n.;261;;Scontro frontale/laterale SX fra veicoli in marcia;Rettilineo;Una carreggiata a doppio senso;Asciutto;Asfaltata;Verticale ed orizzontale;Nuvoloso;Normale;Buona;;3;0;0;0;12.5236;41.9072;-1;1;Autovettura privata;In marcia / fermata / arresto;Conducente;M;Rimandato;0;NON DECEDUTO;Non accertato;Inesploso
5890769;3;26/03/2022 13:55:00;Strada Urbana;VIA TIBURTINA;in prossimità;;del civico n.;261;;Scontro frontale/laterale SX fra veicoli in marcia;Rettilineo;Una carreggiata a doppio senso;Asciutto;Asfaltata;Verticale ed orizzontale;Nuvoloso;Normale;Buona;;3;0;0;0;12.5236;41.9072;-1;2;Autovettura privata;In marcia / fermata / arresto;Conducente;M;Rimandato;0;NON DECEDUTO;Non accertato;Inesploso
5890769;3;26/03/2022 13:55:00;Strada Urbana;VIA TIBURTINA;in prossimità;;del civico n.;261;;Scontro frontale/laterale SX fra veicoli in marcia;Rettilineo;Una carreggiata a doppio senso;Asciutto;Asfaltata;Verticale ed orizzontale;Nuvoloso;Normale;Buona;;3;0;0;0;12.5236;41.9072;-1;2;Autovettura privata;In marcia / fermata / arresto;Passeggero;F;Rimandato;0;NON DECEDUTO;Non accertato;Inesploso
5890771;3;29/03/2022 13:50:00;Strada Urbana;VIA CATANIA;in corrispondenza;;del civico n.;96;;Tamponamento Multiplo;Rettilineo;Una carreggiata a doppio senso;Asciutto;Asfaltata;Verticale ed orizzontale;Sereno;Normale;Buona;;0;0;0;5;12.5205;41.9095;-1;1;Autovettura privata;In marcia / fermata / arresto;Conducente;F;Illeso;0;;;
5890771;3;29/03/2022 13:50:00;Strada Urbana;VIA CATANIA;in corrispondenza;;del civico n.;96;;Tamponamento Multiplo;Rettilineo;Una carreggiata a doppio senso;Asciutto;Asfaltata;Verticale ed orizzontale;Sereno;Normale;Buona;;0;0;0;5;12.5205;41.9095;-1;1;Autovettura privata;In marcia / fermata / arresto;Passeggero;F;Illeso;0;;;
5890771;3;29/03/2022 13:50:00;Strada Urbana;VIA CATANIA;in corrispondenza;;del civico n.;96;;Tamponamento Multiplo;Rettilineo;Una carreggiata a doppio senso;Asciutto;Asfaltata;Verticale ed orizzontale;Sereno;Normale;Buona;;0;0;0;5;12.5205;41.9095;-1;2;Autovettura privata;In marcia / fermata / arresto;Conducente;F;Illeso;0;;;
5890771;3;29/03/2022 13:50:00;Strada Urbana;VIA CATANIA;in corrispondenza;;del civico n.;96;;Tamponamento Multiplo;Rettilineo;Una carreggiata a doppio senso;Asciutto;Asfaltata;Verticale ed orizzontale;Sereno;Normale;Buona;;0;0;0;5;12.5205;41.9095;-1;3;Autovettura privata;In marcia / fermata / arresto;Conducente;M;Illeso;0;;;
5890771;3;29/03/2022 13:50:00;Strada Urbana;VIA CATANIA;in corrispondenza;;del civico n.;96;;Tamponamento Multiplo;Rettilineo;Una carreggiata a doppio senso;Asciutto;Asfaltata;Verticale ed orizzontale;Sereno;Normale;Buona;;0;0;0;5;12.5205;41.9095;-1;3;Autovettura privata;In marcia / fermata / arresto;Passeggero;F;Illeso;0;;;
5890775;3;25/03/2022 21:00:00;Strada Urbana;VIA NOMENTANA;all'intersezione con;VIA DI S. BASILIO;VIA DI S. BASILIO;;;Scontro frontale/laterale DX fra veicoli in marcia;Intersezione semaforizzata;Più di due carreggiate;Asciutto;Asfaltata;Verticale ed orizzontale;Sereno;Normale;Buona;;1;0;0;1;12.5768;41.9376;-1;1;Autovettura privata;In marcia / fermata / arresto;Conducente;F;Illeso;0;;;
5890775;3;25/03/2022 21:00:00;Strada Urbana;VIA NOMENTANA;all'intersezione con;VIA DI S. BASILIO;VIA DI S. BASILIO;;;Scontro frontale/laterale DX fra veicoli in marcia;Intersezione semaforizzata;Più di due carreggiate;Asciutto;Asfaltata;Verticale ed orizzontale;Sereno;Normale;Buona;;1;0;0;1;12.5768;41.9376;-1;2;Autovettura privata;In marcia / fermata / arresto;Conducente;M;Rimandato;0;NON DECEDUTO;;
5890782;3;28/03/2022 17:15:00;Strada Urbana;CIRCONVALLAZIONE TIBURTINA;da specificare;;;;direzione foro italico innesto complanare A24;Tamponamento;Rettilineo;Due carreggiate;Asciutto;Asfaltata;Verticale ed orizzontale;Sereno;Intenso;Buona;;0;0;0;2;12.5268;41.8986;-1;1;Autocarro inferiore 35 q.;In marcia / fermata / arresto;Conducente;M;Illeso;0;;;
5890782;3;28/03/2022 17:15:00;Strada Urbana;CIRCONVALLAZIONE TIBURTINA;da specificare;;;;direzione foro italico innesto complanare A24;Tamponamento;Rettilineo;Due carreggiate;Asciutto;Asfaltata;Verticale ed orizzontale;Sereno;Intenso;Buona;;0;0;0;2;12.5268;41.8986;-1;2;Autovettura privata;In marcia / fermata / arresto;Conducente;M;Illeso;0;;;
5890789;4;29/03/2022 17:25:00;Statale;VIA SALARIA;in corrispondenza;;della chilometrica;17.9;;Scontro laterale fra veicoli in marcia;Rettilineo;Una carreggiata a doppio senso;Asciutto;Asfaltata;Verticale ed orizzontale;Sereno;Normale;Buona;;1;0;0;2;12.546;42.0295;-1;1;Autovettura privata;In marcia / fermata / arresto;Conducente;M;Illeso;0;;Non accertato;Inesploso
5890789;4;29/03/2022 17:25:00;Statale;VIA SALARIA;in corrispondenza;;della chilometrica;17.9;;Scontro laterale fra veicoli in marcia;Rettilineo;Una carreggiata a doppio senso;Asciutto;Asfaltata;Verticale ed orizzontale;Sereno;Normale;Buona;;1;0;0;2;12.546;42.0295;-1;1;Autovettura privata;In marcia / fermata / arresto;Passeggero;F;Illeso;0;;Non accertato;Inesploso
5890789;4;29/03/2022 17:25:00;Statale;VIA SALARIA;in corrispondenza;;della chilometrica;17.9;;Scontro laterale fra veicoli in marcia;Rettilineo;Una carreggiata a doppio senso;Asciutto;Asfaltata;Verticale ed orizzontale;Sereno;Normale;Buona;;1;0;0;2;12.546;42.0295;-1;2;Motociclo a solo;In marcia / fermata / arresto;Conducente;M;Rimandato;0;NON DECEDUTO;Non accertato;
5890790;15;29/03/2022 18:05:00;Strada Urbana;LUNGOTEVERE DI PIETRA PAPA;da specificare;;;;ALTEZZA PAOLO LUCE N.22;Tamponamento;Rettilineo;Due carreggiate;Asciutto;Asfaltata;Assente;Sereno;Scarso;Sufficiente;;0;0;0;3;12.4743;41.8629;-1;1;Autocarro inferiore 35 q.;In marcia / fermata / arresto;Conducente;M;Illeso;0;;Non accertato;Inesploso
5890790;15;29/03/2022 18:05:00;Strada Urbana;LUNGOTEVERE DI PIETRA PAPA;da specificare;;;;ALTEZZA PAOLO LUCE N.22;Tamponamento;Rettilineo;Due carreggiate;Asciutto;Asfaltata;Assente;Sereno;Scarso;Sufficiente;;0;0;0;3;12.4743;41.8629;-1;2;Motociclo con passeggero;In marcia / fermata / arresto;Conducente;M;Illeso;0;;Non accertato;